-- phpMyAdmin SQL Dump
-- version 5.2.1
-- https://www.phpmyadmin.net/
--
-- Hôte : db
-- Généré le : jeu. 11 juil. 2024 à 08:30
-- Version du serveur : 8.0.37
-- Version de PHP : 8.2.8

SET SQL_MODE = "NO_AUTO_VALUE_ON_ZERO";
START TRANSACTION;
SET time_zone = "+00:00";


/*!40101 SET @OLD_CHARACTER_SET_CLIENT=@@CHARACTER_SET_CLIENT */;
/*!40101 SET @OLD_CHARACTER_SET_RESULTS=@@CHARACTER_SET_RESULTS */;
/*!40101 SET @OLD_COLLATION_CONNECTION=@@COLLATION_CONNECTION */;
/*!40101 SET NAMES utf8mb4 */;

--
-- Base de données : `rolist_mingle`
--
CREATE DATABASE IF NOT EXISTS `rolist_mingle` DEFAULT CHARACTER SET utf8mb4 COLLATE utf8mb4_0900_ai_ci;
USE `rolist_mingle`;

-- --------------------------------------------------------

--
-- Structure de la table `block`
--

CREATE TABLE `block` (
  `id_user` smallint UNSIGNED NOT NULL
) ENGINE=InnoDB DEFAULT CHARSET=utf8mb4 COLLATE=utf8mb4_0900_ai_ci;

-- --------------------------------------------------------

--
-- Structure de la table `chat`
--

CREATE TABLE `chat` (
  `id_chat` smallint UNSIGNED NOT NULL,
  `txt_chat` varchar(255) DEFAULT NULL,
  `date_chat` datetime NOT NULL,
  `id_user` smallint UNSIGNED NOT NULL
) ENGINE=InnoDB DEFAULT CHARSET=utf8mb4 COLLATE=utf8mb4_0900_ai_ci;

-- --------------------------------------------------------

--
-- Structure de la table `event`
--

CREATE TABLE `event` (
  `id_event` smallint UNSIGNED NOT NULL,
  `name_event` varchar(100) NOT NULL,
  `description_` varchar(255) NOT NULL
) ENGINE=InnoDB DEFAULT CHARSET=utf8mb4 COLLATE=utf8mb4_0900_ai_ci;

--
-- Déchargement des données de la table `event`
--

INSERT INTO `event` (`id_event`, `name_event`, `description_`) VALUES
(1, 'Fabaceae', 'In congue. Etiam justo. Etiam pretium iaculis justo.\r\n\r\nIn hac habitasse platea dictumst. Etiam faucibus cursus urna. Ut tellus.'),
(2, 'Amaranthaceae', 'Fusce consequat. Nulla nisl. Nunc nisl.\r\n\r\nDuis bibendum, felis sed interdum venenatis, turpis enim blandit mi, in porttitor pede justo eu massa. Donec dapibus. Duis at velit eu est congue elementum.'),
(3, 'Apiaceae', 'Duis bibendum. Morbi non quam nec dui luctus rutrum. Nulla tellus.'),
(4, 'Fabaceae', 'Maecenas tristique, est et tempus semper, est quam pharetra magna, ac consequat metus sapien ut nunc. Vestibulum ante ipsum primis in faucibus orci luctus et ultrices posuere cubilia Curae; Mauris viverra diam vitae quam. Suspendisse potenti.'),
(5, 'Apiaceae', 'Etiam vel augue. Vestibulum rutrum rutrum neque. Aenean auctor gravida sem.'),
(6, 'Asteraceae', 'Cras non velit nec nisi vulputate nonummy. Maecenas tincidunt lacus at velit. Vivamus vel nulla eget eros elementum pellentesque.\r\n\r\nQuisque porta volutpat erat. Quisque erat eros, viverra eget, congue eget, semper rutrum, nulla. Nunc purus.'),
(7, 'Scrophulariaceae', 'Nullam porttitor lacus at turpis. Donec posuere metus vitae ipsum. Aliquam non mauris.\r\n\r\nMorbi non lectus. Aliquam sit amet diam in magna bibendum imperdiet. Nullam orci pede, venenatis non, sodales sed, tincidunt eu, felis.'),
(8, 'Brassicaceae', 'Cum sociis natoque penatibus et magnis dis parturient montes, nascetur ridiculus mus. Vivamus vestibulum sagittis sapien. Cum sociis natoque penatibus et magnis dis parturient montes, nascetur ridiculus mus.'),
(9, 'Pertusariaceae', 'Nulla ut erat id mauris vulputate elementum. Nullam varius. Nulla facilisi.'),
(10, 'Asteraceae', 'Cras non velit nec nisi vulputate nonummy. Maecenas tincidunt lacus at velit. Vivamus vel nulla eget eros elementum pellentesque.\r\n\r\nQuisque porta volutpat erat. Quisque erat eros, viverra eget, congue eget, semper rutrum, nulla. Nunc purus.'),
(11, 'Saxifragaceae', 'In quis justo. Maecenas rhoncus aliquam lacus. Morbi quis tortor id nulla ultrices aliquet.\r\n\r\nMaecenas leo odio, condimentum id, luctus nec, molestie sed, justo. Pellentesque viverra pede ac diam. Cras pellentesque volutpat dui.'),
(12, 'Violaceae', 'Aenean fermentum. Donec ut mauris eget massa tempor convallis. Nulla neque libero, convallis eget, eleifend luctus, ultricies eu, nibh.'),
(14, 'Caprifoliaceae', 'Praesent blandit. Nam nulla. Integer pede justo, lacinia eget, tincidunt eget, tempus vel, pede.\r\n\r\nMorbi porttitor lorem id ligula. Suspendisse ornare consequat lectus. In est risus, auctor sed, tristique in, tempus sit amet, sem.'),
(15, 'Lentibulariaceae', 'Morbi porttitor lorem id ligula. Suspendisse ornare consequat lectus. In est risus, auctor sed, tristique in, tempus sit amet, sem.'),
(16, 'Aristolochiaceae', 'Vestibulum quam sapien, varius ut, blandit non, interdum in, ante. Vestibulum ante ipsum primis in faucibus orci luctus et ultrices posuere cubilia Curae; Duis faucibus accumsan odio. Curabitur convallis.'),
(17, 'Apiaceae', 'Nullam porttitor lacus at turpis. Donec posuere metus vitae ipsum. Aliquam non mauris.\r\n\r\nMorbi non lectus. Aliquam sit amet diam in magna bibendum imperdiet. Nullam orci pede, venenatis non, sodales sed, tincidunt eu, felis.'),
(19, 'Mniaceae', 'Cras non velit nec nisi vulputate nonummy. Maecenas tincidunt lacus at velit. Vivamus vel nulla eget eros elementum pellentesque.'),
(22, 'Portulacaceae', 'Curabitur in libero ut massa volutpat convallis. Morbi odio odio, elementum eu, interdum eu, tincidunt in, leo. Maecenas pulvinar lobortis est.\r\n\r\nPhasellus sit amet erat. Nulla tempus. Vivamus in felis eu sapien cursus vestibulum.'),
(23, 'Saxifragaceae', 'In hac habitasse platea dictumst. Morbi vestibulum, velit id pretium iaculis, diam erat fermentum justo, nec condimentum neque sapien placerat ante. Nulla justo.'),
(25, 'Salicaceae', 'Nullam sit amet turpis elementum ligula vehicula consequat. Morbi a ipsum. Integer a nibh.\r\n\r\nIn quis justo. Maecenas rhoncus aliquam lacus. Morbi quis tortor id nulla ultrices aliquet.'),
(26, 'Cyperaceae', 'Proin leo odio, porttitor id, consequat in, consequat ut, nulla. Sed accumsan felis. Ut at dolor quis odio consequat varius.'),
(27, 'Pertusariaceae', 'Praesent id massa id nisl venenatis lacinia. Aenean sit amet justo. Morbi ut odio.'),
(30, 'Convolvulaceae', 'Etiam vel augue. Vestibulum rutrum rutrum neque. Aenean auctor gravida sem.\r\n\r\nPraesent id massa id nisl venenatis lacinia. Aenean sit amet justo. Morbi ut odio.'),
(31, 'Brassicaceae', 'In quis justo. Maecenas rhoncus aliquam lacus. Morbi quis tortor id nulla ultrices aliquet.'),
(32, 'Caryophyllaceae', 'Fusce consequat. Nulla nisl. Nunc nisl.'),
(33, 'Boraginaceae', 'Curabitur in libero ut massa volutpat convallis. Morbi odio odio, elementum eu, interdum eu, tincidunt in, leo. Maecenas pulvinar lobortis est.'),
(34, 'Euphorbiaceae', 'Phasellus sit amet erat. Nulla tempus. Vivamus in felis eu sapien cursus vestibulum.'),
(35, 'Fagaceae', 'Curabitur in libero ut massa volutpat convallis. Morbi odio odio, elementum eu, interdum eu, tincidunt in, leo. Maecenas pulvinar lobortis est.'),
(36, 'Polemoniaceae', 'In congue. Etiam justo. Etiam pretium iaculis justo.\r\n\r\nIn hac habitasse platea dictumst. Etiam faucibus cursus urna. Ut tellus.'),
(37, 'Ericaceae', 'Aenean lectus. Pellentesque eget nunc. Donec quis orci eget orci vehicula condimentum.\r\n\r\nCurabitur in libero ut massa volutpat convallis. Morbi odio odio, elementum eu, interdum eu, tincidunt in, leo. Maecenas pulvinar lobortis est.'),
(39, 'Cactaceae', 'Suspendisse potenti. In eleifend quam a odio. In hac habitasse platea dictumst.\r\n\r\nMaecenas ut massa quis augue luctus tincidunt. Nulla mollis molestie lorem. Quisque ut erat.'),
(40, 'Poaceae', 'Sed ante. Vivamus tortor. Duis mattis egestas metus.\r\n\r\nAenean fermentum. Donec ut mauris eget massa tempor convallis. Nulla neque libero, convallis eget, eleifend luctus, ultricies eu, nibh.'),
(42, 'Poaceae', 'Praesent blandit. Nam nulla. Integer pede justo, lacinia eget, tincidunt eget, tempus vel, pede.\r\n\r\nMorbi porttitor lorem id ligula. Suspendisse ornare consequat lectus. In est risus, auctor sed, tristique in, tempus sit amet, sem.'),
(43, 'Asteraceae', 'Maecenas leo odio, condimentum id, luctus nec, molestie sed, justo. Pellentesque viverra pede ac diam. Cras pellentesque volutpat dui.'),
(44, 'Orchidaceae', 'Aliquam quis turpis eget elit sodales scelerisque. Mauris sit amet eros. Suspendisse accumsan tortor quis turpis.'),
(45, 'Asteraceae', 'Aenean fermentum. Donec ut mauris eget massa tempor convallis. Nulla neque libero, convallis eget, eleifend luctus, ultricies eu, nibh.'),
(46, 'Geraniaceae', 'Aenean lectus. Pellentesque eget nunc. Donec quis orci eget orci vehicula condimentum.'),
(47, 'Chenopodiaceae', 'In quis justo. Maecenas rhoncus aliquam lacus. Morbi quis tortor id nulla ultrices aliquet.\r\n\r\nMaecenas leo odio, condimentum id, luctus nec, molestie sed, justo. Pellentesque viverra pede ac diam. Cras pellentesque volutpat dui.'),
(48, 'Polemoniaceae', 'Nulla ut erat id mauris vulputate elementum. Nullam varius. Nulla facilisi.\r\n\r\nCras non velit nec nisi vulputate nonummy. Maecenas tincidunt lacus at velit. Vivamus vel nulla eget eros elementum pellentesque.'),
(49, 'Parmeliaceae', 'Maecenas tristique, est et tempus semper, est quam pharetra magna, ac consequat metus sapien ut nunc. Vestibulum ante ipsum primis in faucibus orci luctus et ultrices posuere cubilia Curae; Mauris viverra diam vitae quam. Suspendisse potenti.'),
(50, 'Cyperaceae', 'Duis aliquam convallis nunc. Proin at turpis a pede posuere nonummy. Integer non velit.'),
(51, 'Asteraceae', 'Donec diam neque, vestibulum eget, vulputate ut, ultrices vel, augue.'),
(53, 'Violaceae', 'Proin eu mi. Nulla ac enim. In tempor, turpis nec euismod scelerisque, quam turpis adipiscing lorem, vitae mattis nibh ligula nec sem.'),
(55, 'Brassicaceae', 'In sagittis dui vel nisl. Duis ac nibh. Fusce lacus purus, aliquet at, feugiat non, pretium quis, lectus.\r\n\r\nSuspendisse potenti. In eleifend quam a odio. In hac habitasse platea dictumst.'),
(56, 'Apiaceae', 'Cras mi pede, malesuada in, imperdiet et, commodo vulputate, justo. In blandit ultrices enim. Lorem ipsum dolor sit amet, consectetuer adipiscing elit.'),
(57, 'Brassicaceae', 'In quis justo. Maecenas rhoncus aliquam lacus. Morbi quis tortor id nulla ultrices aliquet.\r\n\r\nMaecenas leo odio, condimentum id, luctus nec, molestie sed, justo. Pellentesque viverra pede ac diam. Cras pellentesque volutpat dui.'),
(58, 'Malpighiaceae', 'Vestibulum quam sapien, varius ut, blandit non, interdum in, ante. Vestibulum ante ipsum primis in faucibus orci luctus et ultrices posuere cubilia Curae; Duis faucibus accumsan odio. Curabitur convallis.'),
(59, 'Linaceae', 'Nullam porttitor lacus at turpis. Donec posuere metus vitae ipsum. Aliquam non mauris.'),
(60, 'Heliconiaceae', 'In sagittis dui vel nisl. Duis ac nibh. Fusce lacus purus, aliquet at, feugiat non, pretium quis, lectus.'),
(61, 'Asteraceae', 'Morbi non lectus. Aliquam sit amet diam in magna bibendum imperdiet. Nullam orci pede, venenatis non, sodales sed, tincidunt eu, felis.'),
(62, 'Lycopodiaceae', 'Etiam vel augue. Vestibulum rutrum rutrum neque. Aenean auctor gravida sem.'),
(63, 'Amblystegiaceae', 'Phasellus sit amet erat. Nulla tempus. Vivamus in felis eu sapien cursus vestibulum.');

-- --------------------------------------------------------

--
-- Structure de la table `friend`
--

CREATE TABLE `friend` (
  `id_user` smallint UNSIGNED NOT NULL
) ENGINE=InnoDB DEFAULT CHARSET=utf8mb4 COLLATE=utf8mb4_0900_ai_ci;

-- --------------------------------------------------------

--
-- Structure de la table `larp`
--

CREATE TABLE `larp` (
  `id_larp` smallint UNSIGNED NOT NULL,
  `date_start` date NOT NULL,
  `date_end` date NOT NULL,
  `id_larp_type` smallint UNSIGNED NOT NULL,
  `id_event` smallint UNSIGNED NOT NULL
) ENGINE=InnoDB DEFAULT CHARSET=utf8mb4 COLLATE=utf8mb4_0900_ai_ci;

--
-- Déchargement des données de la table `larp`
--

INSERT INTO `larp` (`id_larp`, `date_start`, `date_end`, `id_larp_type`, `id_event`) VALUES
(1, '2024-05-07', '2025-05-06', 2, 1),
(2, '2025-04-12', '2024-08-01', 2, 36),
(5, '2024-01-17', '2025-06-28', 1, 40),
(7, '2023-09-26', '2024-07-19', 1, 50),
(8, '2023-08-25', '2023-08-15', 2, 43),
(9, '2025-02-06', '2024-03-02', 1, 59),
(10, '2024-04-25', '2024-07-23', 1, 50),
(11, '2023-11-09', '2023-10-31', 2, 8),
(12, '2025-03-15', '2025-03-14', 2, 26),
(14, '2025-03-07', '2024-12-06', 2, 26),
(17, '2024-09-07', '2025-05-26', 2, 31),
(18, '2024-08-02', '2024-10-25', 1, 11),
(19, '2023-12-23', '2024-08-31', 2, 5),
(21, '2024-11-23', '2024-09-27', 1, 3),
(26, '2024-08-26', '2024-03-10', 2, 10),
(27, '2024-04-07', '2024-09-07', 1, 59),
(31, '2024-05-21', '2025-04-28', 1, 51),
(33, '2024-02-03', '2025-04-01', 1, 39),
(36, '2024-12-01', '2024-12-08', 2, 6),
(37, '2025-04-10', '2025-02-18', 2, 60),
(38, '2023-08-11', '2025-02-06', 2, 12),
(39, '2024-07-12', '2025-01-25', 2, 27),
(45, '2024-10-03', '2024-11-30', 1, 16),
(48, '2024-05-16', '2024-05-22', 1, 61);

-- --------------------------------------------------------

--
-- Structure de la table `larp_type`
--

CREATE TABLE `larp_type` (
  `id_larp_type` smallint UNSIGNED NOT NULL,
  `name_larp_type` varchar(50) NOT NULL
) ENGINE=InnoDB DEFAULT CHARSET=utf8mb4 COLLATE=utf8mb4_0900_ai_ci;

--
-- Déchargement des données de la table `larp_type`
--

INSERT INTO `larp_type` (`id_larp_type`, `name_larp_type`) VALUES
(1, 'Mass LARP'),
(2, 'Small LARP'),
(3, 'Private LARP');

-- --------------------------------------------------------

--
-- Structure de la table `party`
--

CREATE TABLE `party` (
  `id_party` smallint UNSIGNED NOT NULL,
  `number_players` smallint UNSIGNED NOT NULL,
  `id_role_type` smallint UNSIGNED NOT NULL,
  `id_user_master` smallint UNSIGNED NOT NULL,
  `id_event` smallint UNSIGNED NOT NULL
) ENGINE=InnoDB DEFAULT CHARSET=utf8mb4 COLLATE=utf8mb4_0900_ai_ci;

--
-- Déchargement des données de la table `party`
--

INSERT INTO `party` (`id_party`, `number_players`, `id_role_type`, `id_user_master`, `id_event`) VALUES
(1, 3, 2, 697, 22),
(2, 8, 3, 718, 54),
(3, 3, 2, 572, 7),
(4, 5, 2, 16, 11),
(5, 7, 5, 686, 86),
(6, 8, 5, 831, 12),
(7, 8, 1, 728, 90),
(8, 6, 4, 521, 33),
(9, 6, 2, 182, 77),
(10, 1, 3, 931, 7),
(11, 5, 3, 432, 36),
(12, 6, 3, 109, 69),
(13, 2, 1, 649, 11),
(14, 5, 4, 638, 73),
(15, 7, 4, 268, 34),
(16, 2, 2, 697, 85),
(17, 1, 3, 478, 20),
(18, 2, 3, 851, 75),
(19, 6, 1, 416, 18),
(20, 7, 1, 80, 83),
(21, 7, 3, 226, 62),
(22, 4, 3, 871, 41),
(23, 8, 2, 356, 92),
(24, 7, 2, 503, 64),
(25, 6, 5, 115, 35),
(26, 4, 2, 180, 5),
(27, 6, 2, 924, 50),
(28, 7, 3, 469, 5),
(29, 3, 3, 949, 68),
(30, 1, 3, 988, 31),
(31, 3, 2, 370, 56),
(32, 7, 1, 634, 62),
(33, 4, 1, 355, 24),
(34, 7, 2, 139, 60),
(35, 3, 5, 324, 2),
(36, 2, 5, 697, 78),
(37, 4, 2, 525, 51),
(38, 4, 1, 46, 80),
(39, 6, 3, 74, 11),
(40, 5, 5, 737, 45),
(41, 7, 5, 140, 25),
(42, 5, 5, 97, 13),
(43, 5, 1, 159, 50),
(44, 3, 1, 135, 17),
(45, 4, 1, 594, 9),
(46, 4, 5, 563, 34),
(47, 6, 4, 846, 64),
(48, 5, 4, 824, 98),
(49, 2, 5, 92, 24),
(50, 5, 3, 953, 57),
(51, 7, 3, 868, 39),
(52, 8, 3, 333, 40),
(53, 8, 4, 969, 20),
(54, 1, 1, 83, 19),
(55, 7, 2, 605, 22),
(56, 4, 5, 369, 34),
(57, 8, 4, 18, 94),
(58, 3, 3, 206, 58),
(59, 2, 4, 233, 31),
(60, 1, 5, 981, 22),
(61, 8, 1, 640, 75),
(62, 3, 2, 11, 65),
(63, 4, 3, 726, 71),
(64, 6, 5, 981, 4),
(65, 2, 4, 820, 87),
(66, 4, 5, 159, 46),
(67, 7, 3, 426, 32),
(68, 7, 5, 943, 54),
(69, 6, 5, 690, 52),
(70, 3, 3, 223, 49),
(71, 4, 2, 421, 31),
(72, 5, 4, 656, 59),
(73, 8, 2, 156, 78),
(74, 6, 2, 585, 36),
(75, 6, 5, 626, 32),
(76, 4, 5, 169, 39),
(77, 3, 3, 538, 1),
(78, 3, 5, 239, 78),
(79, 4, 3, 833, 20),
(80, 8, 3, 443, 68),
(81, 8, 3, 468, 8),
(82, 6, 5, 717, 21),
(83, 4, 4, 91, 5),
(84, 7, 2, 829, 55),
(85, 4, 1, 139, 71),
(86, 1, 4, 368, 9),
(87, 2, 1, 70, 15),
(88, 1, 3, 175, 49),
(89, 5, 2, 257, 19),
(90, 1, 4, 925, 7),
(91, 8, 1, 298, 50),
(92, 6, 1, 719, 26),
(93, 8, 1, 74, 37),
(94, 2, 2, 988, 31),
(95, 8, 2, 544, 41),
(96, 2, 1, 661, 15),
(97, 1, 2, 683, 92),
(98, 1, 3, 531, 76),
(99, 3, 2, 123, 76),
(100, 8, 2, 146, 15);

-- --------------------------------------------------------

--
-- Structure de la table `party_users`
--

CREATE TABLE `party_users` (
  `id_party` smallint UNSIGNED NOT NULL,
  `id_user` smallint UNSIGNED NOT NULL
) ENGINE=InnoDB DEFAULT CHARSET=utf8mb4 COLLATE=utf8mb4_0900_ai_ci;

--
-- Déchargement des données de la table `party_users`
--

INSERT INTO `party_users` (`id_party`, `id_user`) VALUES
(5, 990),
(79, 359),
(64, 80),
(97, 299),
(45, 172),
(66, 95),
(85, 986),
(44, 614),
(92, 322),
(55, 87),
(9, 200),
(85, 653),
(4, 257),
(79, 330),
(68, 196),
(25, 417),
(51, 810),
(23, 416),
(71, 976),
(7, 808),
(36, 30),
(7, 187),
(100, 608),
(12, 526),
(12, 558),
(63, 651),
(29, 552),
(22, 176),
(47, 872),
(20, 25),
(96, 515),
(22, 518),
(82, 709),
(32, 42),
(77, 994),
(47, 256),
(43, 525),
(22, 907),
(73, 167),
(49, 652),
(10, 158),
(60, 394),
(36, 929),
(65, 287),
(37, 218),
(14, 572),
(46, 537),
(51, 258),
(8, 926),
(82, 230),
(95, 624),
(17, 583),
(96, 795),
(55, 812),
(8, 325),
(28, 383),
(1, 721),
(24, 863),
(65, 913),
(96, 52),
(18, 512),
(44, 264),
(4, 653),
(96, 227),
(56, 931),
(99, 568),
(52, 536),
(61, 249),
(98, 142),
(6, 652),
(43, 225),
(70, 837),
(9, 832),
(15, 79),
(84, 390),
(52, 644),
(13, 372),
(68, 170),
(100, 910),
(72, 3),
(47, 924),
(78, 109),
(56, 139),
(64, 273),
(96, 482),
(34, 754),
(93, 604),
(97, 771),
(33, 63),
(89, 277),
(6, 998),
(1, 134),
(68, 78),
(27, 411),
(36, 134),
(48, 698),
(55, 403),
(72, 596),
(18, 102),
(88, 236),
(78, 152),
(70, 358),
(72, 500),
(24, 413),
(10, 749),
(52, 255),
(26, 16),
(50, 116),
(89, 277),
(84, 412),
(16, 723),
(14, 896),
(64, 735),
(98, 686),
(23, 358),
(18, 980),
(13, 358),
(2, 216),
(57, 904),
(62, 9),
(24, 911),
(42, 928),
(55, 648),
(34, 179),
(9, 691),
(65, 701),
(92, 171),
(95, 959),
(49, 125),
(95, 994),
(55, 260),
(91, 469),
(5, 684),
(2, 562),
(67, 74),
(35, 50),
(84, 924),
(8, 586),
(19, 860),
(77, 418),
(80, 849),
(13, 660),
(72, 315),
(82, 679),
(70, 195),
(44, 924),
(40, 883),
(62, 181),
(72, 313),
(12, 804),
(49, 448),
(74, 885),
(99, 487),
(74, 215),
(27, 752),
(5, 307),
(49, 538),
(90, 902),
(20, 510),
(68, 783),
(16, 526),
(96, 160),
(50, 838),
(16, 980),
(34, 19),
(89, 326),
(6, 421),
(29, 544),
(70, 543),
(13, 226),
(20, 724),
(11, 867),
(95, 255),
(10, 986),
(87, 45),
(8, 356),
(57, 147),
(25, 395),
(33, 165),
(33, 169),
(67, 40),
(75, 153),
(13, 428),
(18, 686),
(37, 712),
(34, 267),
(27, 698),
(35, 419),
(44, 311),
(41, 135),
(77, 375),
(61, 284),
(74, 955),
(13, 509),
(42, 747),
(29, 7),
(38, 779),
(14, 949),
(72, 833),
(25, 611),
(95, 552),
(99, 587),
(99, 213),
(41, 819),
(16, 206),
(57, 941),
(59, 978),
(64, 926),
(92, 535),
(50, 387),
(36, 463),
(46, 801),
(19, 179),
(44, 708),
(95, 924),
(98, 965),
(11, 571),
(40, 80),
(62, 717),
(73, 773),
(34, 825),
(68, 11),
(90, 40),
(84, 207),
(2, 671),
(41, 745),
(42, 429),
(55, 740),
(76, 200),
(30, 35),
(52, 267),
(20, 549),
(22, 590),
(51, 207),
(80, 131),
(20, 86),
(82, 510),
(21, 844),
(87, 506),
(41, 716),
(9, 620),
(51, 5),
(77, 370),
(61, 684),
(68, 632),
(49, 890),
(6, 616),
(29, 169),
(70, 58),
(66, 988),
(16, 433),
(11, 49),
(86, 881),
(78, 512),
(47, 187),
(62, 446),
(43, 997),
(66, 797),
(92, 152),
(57, 54),
(9, 782),
(89, 414),
(46, 753),
(33, 136),
(78, 316),
(94, 825),
(37, 124),
(53, 958),
(80, 42),
(76, 960),
(12, 818),
(70, 546),
(55, 11),
(11, 1),
(85, 511),
(21, 429),
(29, 958),
(78, 516),
(16, 934),
(26, 70),
(33, 169),
(35, 291),
(60, 420),
(34, 660),
(76, 875),
(96, 634),
(35, 846),
(41, 700),
(34, 401),
(79, 649),
(100, 602),
(17, 525),
(40, 166),
(48, 565),
(32, 971),
(35, 952),
(32, 572),
(9, 157),
(31, 236),
(66, 595),
(19, 654),
(36, 870),
(35, 509),
(54, 834),
(49, 397),
(92, 201),
(92, 960),
(35, 985),
(55, 894),
(6, 418),
(24, 128),
(48, 263),
(20, 168),
(22, 392),
(28, 508),
(59, 937),
(36, 315),
(58, 351),
(97, 785),
(13, 867),
(29, 646),
(25, 279),
(9, 768),
(89, 816),
(20, 982),
(88, 684),
(63, 234),
(89, 665),
(10, 480),
(14, 17),
(77, 223),
(75, 203),
(62, 475),
(94, 574),
(9, 995),
(14, 2),
(42, 377),
(75, 781),
(54, 323),
(44, 583),
(64, 231),
(60, 227),
(16, 905),
(67, 813),
(34, 922),
(21, 290),
(95, 730),
(1, 579),
(43, 187),
(72, 617),
(46, 756),
(24, 452),
(66, 187),
(23, 544),
(31, 547),
(18, 233),
(67, 200),
(75, 613),
(55, 135),
(25, 179),
(81, 503),
(26, 510),
(79, 646),
(19, 666),
(49, 88),
(4, 643),
(12, 177),
(1, 707),
(77, 373),
(14, 36),
(64, 496),
(44, 852),
(97, 374),
(75, 652),
(1, 939),
(78, 762),
(48, 151),
(31, 847),
(49, 873),
(77, 501),
(13, 929),
(73, 838),
(58, 172),
(24, 990),
(21, 66),
(73, 800),
(35, 90),
(72, 774),
(87, 284),
(64, 153),
(59, 167),
(65, 682),
(15, 613),
(71, 524),
(17, 834),
(87, 203),
(43, 646),
(62, 391),
(1, 127),
(23, 226);

-- --------------------------------------------------------

--
-- Structure de la table `place`
--

CREATE TABLE `place` (
  `id_place` smallint UNSIGNED NOT NULL,
  `name_place` varchar(100) NOT NULL,
  `id_region` smallint UNSIGNED NOT NULL
) ENGINE=InnoDB DEFAULT CHARSET=utf8mb4 COLLATE=utf8mb4_0900_ai_ci;

--
-- Déchargement des données de la table `place`
--

INSERT INTO `place` (`id_place`, `name_place`, `id_region`) VALUES
(1, 'Caen', 14),
(2, 'Bucéels', 14),
(3, 'Hérouville Saint Clair', 14),
(4, 'Paris', 0),
(5, 'Mondeville', 0),
(6, 'Lyon', 0),
(7, 'Bordeaux', 0),
(8, 'Nantes', 0),
(9, 'Lille', 0),
(10, 'Bourges', 0),
(11, 'Vierzon', 0),
(12, 'Saint Herblain', 0),
(13, 'Le Mans', 0),
(14, 'Alençon', 0),
(15, 'Angers', 0),
(16, 'Khirdalan', 0),
(17, 'Benhong', 0),
(18, 'Alebtong', 0),
(19, 'Ardirejo', 0),
(20, 'Sapataria', 0),
(21, 'Jacareí', 0),
(22, 'Serra de Santa Marinha', 0),
(23, 'Hujirt', 0),
(24, 'Nancy', 0),
(25, 'Monte Alto', 0),
(26, 'Primero de Mayo', 0),
(27, 'Donggou', 0),
(28, 'Silao', 0),
(29, 'Sindang', 0),
(30, 'Wangqu', 0),
(31, 'Rashaant', 0),
(32, 'Pestovo', 0),
(33, 'Takokak', 0),
(34, 'Matiguás', 0),
(35, 'Al ‘Awjah', 0),
(36, 'Tashla', 0),
(37, 'Jiangdianzi', 0),
(38, 'Sudzha', 0),
(39, 'Alofi', 0),
(40, 'Palermo', 0),
(41, 'Tafí del Valle', 0),
(42, 'Khōshī', 0),
(43, 'Lattes', 0),
(44, 'Heqiao', 0),
(45, 'Hema', 0),
(46, 'Bangshipu', 0),
(47, 'Trąbki', 0),
(48, 'Petrovsk', 0),
(49, 'Piracuruca', 0),
(50, 'Prachuap Khiri Khan', 0),
(51, 'Svobody', 0),
(52, 'Simnas', 0),
(53, 'Calapan', 0),
(54, 'Lukou', 0),
(55, 'Miaotang', 0),
(56, 'Wedoro', 0),
(57, 'Sidomulyo', 0),
(58, 'Maticmatic', 0),
(59, 'Tangchijie', 0),
(60, 'Urdaneta', 0),
(61, 'Pavlovskiy Posad', 0),
(62, 'Ponte', 0),
(63, 'Zaki Biam', 0),
(64, 'Dongfeng', 0),
(65, 'Maanas', 0),
(66, 'Afaahiti', 0),
(67, 'Añelo', 0),
(68, 'Flushing', 0),
(69, 'Skänninge', 0),
(70, 'Sonsón', 0),
(71, 'Kamárai', 0),
(72, 'Đồi Ngô', 0),
(73, 'São Pedro', 0),
(74, 'Lodja', 0),
(75, 'Lufang', 0),
(76, 'Zhifudao', 0),
(77, 'Klinan', 0),
(78, 'Peyima', 0),
(79, 'Sambirejo', 0),
(80, 'Horní Štěpánov', 0),
(81, 'Morteros', 0),
(82, 'Strellc i Epërm', 0),
(83, 'Ostashkov', 0),
(84, 'Guishan', 0),
(85, 'Smiltene', 0),
(86, 'Colonia Nicolich', 0),
(87, 'Beylagan', 0),
(88, 'Maharagama', 0),
(89, 'Liujia', 0),
(90, 'Xinshichang', 0),
(91, 'Edéa', 0),
(92, 'Alpedrinha', 0),
(93, 'Paris 14', 0),
(94, 'Dul’durga', 0),
(95, 'Lanta Timur', 0),
(96, 'Flor da Rosa', 0),
(97, 'Jiuxian', 0),
(98, 'Mashan', 0),
(99, 'Halat', 0),
(100, 'Yuto', 0),
(101, 'Chichaoua', 0),
(102, 'Zhangjiawo', 0),
(103, 'Puttalam', 0),
(104, 'Puncaksari', 0),
(105, 'Argasari', 0),
(106, 'Kallíthiron', 0),
(107, 'Peso da Régua', 0),
(108, 'Borova', 0),
(109, 'Aganan', 0),
(110, 'Yanggu', 0),
(111, 'Gunungpeundeuy', 0),
(112, 'Karangasem Laok', 0),
(113, 'Santa Lucía Cotzumalguapa', 0),
(114, 'Ipameri', 0),
(115, 'Athlone', 0),
(116, 'Leteki', 0),
(117, 'Lingbeizhou', 0),
(118, 'Geneng', 0),
(119, 'Laixi', 0),
(120, 'Krajan Dua Patempuran', 0),
(121, 'Skolkovo', 0),
(122, 'Ampanihy', 0),
(123, 'Neuquén', 0),
(124, 'Corrego Grande', 0),
(125, 'Noyakert', 0),
(126, 'Utarapasar', 0),
(127, 'Maliang', 0),
(128, 'Fengcheng', 0),
(129, 'Malya', 0),
(130, 'Oslo', 0),
(131, 'Wenshao', 0),
(132, 'Baru', 0),
(133, 'Mortka', 0),
(134, 'Patos de Minas', 0),
(135, 'Angra dos Reis', 0),
(136, 'Ordzhonikidzevskaya', 0),
(137, 'Xikou', 0),
(138, 'Belleville', 0),
(139, 'Uničov', 0),
(140, 'Tubalan', 0),
(141, 'Wuli', 0),
(142, 'Zhengmo', 0),
(143, 'Shuangxi', 0),
(144, 'Khóra', 0),
(145, 'Horad Pinsk', 0),
(146, 'Arhust', 0),
(147, 'Moppo', 0),
(148, 'Santa Maria', 0),
(149, 'Nowa Góra', 0),
(150, 'Gaoliang', 0),
(151, 'Gornorechenskiy', 0),
(152, 'Praia do Ribatejo', 0),
(153, 'Kudang', 0),
(154, 'Limanowa', 0),
(155, 'Barrouallie', 0),
(156, 'Kifrī', 0),
(157, 'Esmeralda', 0),
(158, 'Yelizovo', 0),
(159, 'Yangsan', 0),
(160, 'Kovel’', 0),
(161, 'Al Qārah', 0),
(162, 'Aserrío de Gariché', 0),
(163, 'Krasnaya Polyana', 0),
(164, 'Lingkou', 0),
(165, 'Gaotan', 0),
(166, 'Zheleznodorozhnyy', 0),
(167, 'Taiping', 0),
(168, 'Chucatamani', 0),
(169, 'Banjar Batuaji Kaja', 0),
(170, 'Gweedore', 0),
(171, 'Rancakuya', 0),
(172, 'Markog', 0),
(173, 'Ungsang', 0),
(174, 'Jiangtun', 0),
(175, 'Vale da Bajouca', 0),
(176, 'Vincennes', 0),
(177, 'Heilbronn', 0),
(178, 'Huangsha', 0),
(179, 'Mbongawani', 0),
(180, 'Boychinovtsi', 0),
(181, 'Mazamet', 0),
(182, 'Topi', 0),
(183, 'Vicente Guerrero', 0),
(184, 'Conselheiro Lafaiete', 0),
(185, 'Nysa', 0),
(186, 'Vykhino-Zhulebino', 0),
(187, 'Mino', 0),
(188, 'Huangyang', 0),
(189, 'Delvinë', 0),
(190, 'Xinwo', 0),
(191, 'Watuka', 0),
(192, 'Tottori', 0),
(193, 'Aghada', 0),
(194, 'Xigou', 0),
(195, 'Bąków', 0),
(196, 'Shiye', 0),
(197, 'Barreiros', 0),
(198, 'Leran Kulon', 0),
(199, 'Limeiras', 0),
(200, 'Mesiméri', 0),
(201, 'Mulleriyawa', 0),
(202, 'Drogomyśl', 0),
(203, 'Huangjiabu', 0),
(204, 'Novopokrovka', 0),
(205, 'Gabès', 0),
(206, 'Galapa', 0),
(207, 'Penedo', 0),
(208, 'Talok', 0),
(209, 'Tsybulevka', 0),
(210, 'Stronie', 0),
(211, 'Wang Sombun', 0),
(212, 'Thị Trấn Mường Khương', 0),
(213, 'Cluny', 0),
(214, 'Stanovoye', 0),
(215, 'Kuching', 0),
(216, 'Sośnie', 0),
(217, 'Stalís', 0),
(218, 'Shizuoka-shi', 0),
(219, 'Bendo', 0),
(220, 'Beishan', 0),
(221, 'Patos', 0),
(222, 'Arjawinangun', 0),
(223, 'Saint-Bruno-de-Montarville', 0),
(224, 'Sevilla', 0),
(225, 'Cibitung', 0),
(226, 'Nagoya-shi', 0),
(227, 'Kebili', 0),
(228, 'Frösön', 0),
(229, 'Kwangyang', 0),
(230, 'Palauig', 0),
(231, 'Cikole', 0),
(232, 'Cajamar', 0),
(233, 'Armenia', 0),
(234, 'Leeds', 0),
(235, 'Đống Đa', 0),
(236, 'San Rafael Petzal', 0),
(237, 'Mobara', 0),
(238, 'Fulong', 0),
(239, 'Segezha', 0),
(240, 'Musan-ŭp', 0),
(241, 'Curug', 0),
(242, 'Zhuyang', 0),
(243, 'Trinidad', 0),
(244, 'Pregradnaya', 0),
(245, 'Pringu', 0),
(246, 'Ban Khok', 0),
(247, 'Daqian', 0),
(248, 'Leworook', 0),
(249, 'Oljoq', 0),
(250, 'Tianyu', 0),
(251, 'Hrib-Loški Potok', 0),
(252, 'Karlstad', 0),
(253, 'Jinghong', 0),
(254, 'Kaabong', 0),
(255, 'Sukabumi', 0),
(256, 'Lanas', 0),
(257, 'Gumuk Tengah', 0),
(258, 'Aveiras de Cima', 0),
(259, 'Māmūnīyeh', 0),
(260, 'Huangcun', 0),
(261, 'Ampanihy', 0),
(262, 'Aḑ Ḑil‘', 0),
(263, 'Susuman', 0),
(264, 'Buket Teukuh', 0),
(265, 'Ketapang', 0),
(266, 'Mellieħa', 0),
(267, 'Mỹ Tho', 0),
(268, 'Santa Luzia', 0),
(269, 'Karangasem', 0),
(270, 'Ballsh', 0),
(271, 'Ngrambitan', 0),
(272, 'Jiangcun', 0),
(273, 'Nioumamilima', 0),
(274, 'Muñoz East', 0),
(275, 'Itamarandiba', 0),
(276, 'Parikkala', 0),
(277, 'Kiruna', 0),
(278, 'Svetlograd', 0),
(279, 'Meget', 0),
(280, 'Cahors', 0),
(281, 'Zhangguanying', 0),
(282, 'Baozi', 0),
(283, 'Straldzha', 0),
(284, 'Betioky', 0),
(285, 'Kilkenny', 0),
(286, 'Santana', 0),
(287, 'Santa Luzia', 0),
(288, 'Xianghe', 0),
(289, 'Terawas', 0),
(290, 'Palaihari', 0),
(291, 'Nong Bun Nak', 0),
(292, 'Aurora', 0),
(293, 'Xiaolan', 0),
(294, 'Carcavelos', 0),
(295, 'Timbiras', 0),
(296, 'Tigaon', 0),
(297, 'Carmo do Paranaíba', 0),
(298, 'Matumadua', 0),
(299, 'Nagrak', 0),
(300, 'København', 0),
(301, 'Hanji', 0),
(302, 'Thorpe', 0),
(303, 'Ciomas', 0),
(304, 'Albany', 0),
(305, 'Sukaratu', 0),
(306, 'Tembisa', 0),
(307, 'Bangassou', 0),
(308, 'Dýšina', 0),
(309, 'Ōyama', 0),
(310, 'Klerksdorp', 0),
(311, 'Puerto Castilla', 0),
(312, 'Firavitoba', 0),
(313, 'Uvarovo', 0),
(314, 'Takāb', 0),
(315, 'Santa Cruz de El Seibo', 0),
(316, 'Qianqiao', 0),
(317, 'Ancenis', 0),
(318, 'Pale', 0),
(319, 'Gengcheng', 0),
(320, 'Banjar Petak', 0),
(321, 'Yŏng-dong', 0),
(322, 'Sanchang', 0),
(323, 'San Francisco', 0),
(324, 'San Isidro', 0),
(325, 'Newmarket', 0),
(326, 'Kiambu', 0),
(327, 'Taza', 0),
(328, 'Falun', 0),
(329, 'Al Badārī', 0),
(330, 'Farafangana', 0),
(331, 'Al Wuday‘', 0),
(332, 'Qixingtai', 0),
(333, 'Salavan', 0),
(334, 'Manzanillo', 0),
(335, 'El Águila', 0),
(336, 'Padangguci', 0),
(337, 'Beaverton', 0),
(338, 'Asopía', 0),
(339, 'Zhongping', 0),
(340, 'Ibung', 0),
(341, 'Claremont', 0),
(342, 'Hexi', 0),
(343, 'At Tāj', 0),
(344, 'Zernograd', 0),
(345, 'Yinla', 0),
(346, 'Xiehu', 0),
(347, 'Dongle', 0),
(348, 'Staraya Ladoga', 0),
(349, 'Carolina', 0),
(350, 'Phak Hai', 0),
(351, 'Kiel', 0),
(352, 'Huayuan', 0),
(353, 'Kỳ Anh', 0),
(354, 'Potou', 0),
(355, 'Goya', 0),
(356, 'Svetlyy Yar', 0),
(357, 'Houxixi', 0),
(358, 'Boulogne-Billancourt', 0),
(359, 'Nanguzhuang', 0),
(360, 'Buenavista', 0),
(361, 'Longju', 0),
(362, 'Independencia', 0),
(363, 'Kamionka', 0),
(364, 'Bressuire', 0),
(365, 'Ngawi', 0),
(366, 'Lahat', 0),
(367, 'Songqiao', 0),
(368, 'Ipala', 0),
(369, 'Martapura', 0),
(370, 'Jargalant', 0),
(371, 'San Bernardino', 0),
(372, 'Tagbilaran City', 0),
(373, 'Manogay', 0),
(374, 'Pyhäntä', 0),
(375, 'Dayu', 0),
(376, 'Qiubin', 0),
(377, 'Zhaodong', 0),
(378, 'Lebedyan’', 0),
(379, 'Karney Shomron', 0),
(380, 'Kampen (Overijssel)', 0),
(381, 'Krasnodar', 0),
(382, 'Ormož', 0),
(383, 'Sundsvall', 0),
(384, 'Palaiochóri', 0),
(385, 'Dalazi', 0),
(386, 'Bílovice', 0),
(387, 'Komoro', 0),
(388, 'Salamina', 0),
(389, 'Mehrān', 0),
(390, 'Linxi', 0),
(391, 'Brodokalmak', 0),
(392, 'Vurğun', 0),
(393, 'Hutou', 0),
(394, 'Isyangulovo', 0),
(395, 'Itapicuru', 0),
(396, 'Oslo', 0),
(397, 'Qimeng', 0),
(398, 'Longhua', 0),
(399, 'Maurisu', 0),
(400, 'Jīwani', 0),
(401, 'Otaru', 0),
(402, 'Mukhen', 0),
(403, 'Votkinsk', 0),
(404, 'Somovo', 0),
(405, 'Tamorong', 0),
(406, 'La Plaine-Saint-Denis', 0),
(407, 'Shangyong', 0),
(408, 'Ryazhsk', 0),
(409, 'Bambari', 0),
(410, 'Severskaya', 0),
(411, 'Conner', 0),
(412, 'Štítina', 0),
(413, 'Rumelange', 0),
(414, 'Datar', 0),
(415, 'Armenta', 0),
(416, 'Krajan', 0),
(417, 'Beloeil', 0),
(418, 'Non Sung', 0),
(419, 'Minneapolis', 0),
(420, 'Shiraoi', 0),
(421, 'Österbybruk', 0),
(422, 'Simi Valley', 0),
(423, 'Moravská Třebová', 0),
(424, 'Paris 05', 0),
(425, 'Tuopu', 0),
(426, 'Zhangdiyingzi', 0),
(427, 'Huacheng', 0),
(428, 'Villaguay', 0),
(429, 'Bierawa', 0),
(430, 'Šardice', 0),
(431, 'Montor Timur', 0),
(432, 'Cikaras', 0),
(433, 'Algés', 0),
(434, 'Regnów', 0),
(435, 'Bunawan', 0),
(436, 'Bromma', 0),
(437, 'Kizel', 0),
(438, 'Pagaden', 0),
(439, 'Villa del Carmen', 0),
(440, 'Galveias', 0),
(441, 'Tuanchengshan', 0),
(442, 'Sandgerði', 0),
(443, 'Wenwucao', 0),
(444, 'Andrijevica', 0),
(445, 'Myronivka', 0),
(446, 'Khlong Toei', 0),
(447, 'Bulawayo', 0),
(448, 'Puubheto', 0),
(449, 'Staryye Atagi', 0),
(450, 'Yajiwa', 0),
(451, 'Guadalupe', 0),
(452, 'San Gil', 0),
(453, 'Dawu', 0),
(454, 'Mompós', 0),
(455, 'Krajan Siki', 0),
(456, 'Lysá nad Labem', 0),
(457, 'Kungälv', 0),
(458, 'Pacapausa', 0),
(459, 'Jimaguayú', 0),
(460, 'Qingxi', 0),
(461, 'Cipinang', 0),
(462, 'Vroutek', 0),
(463, 'Trbovlje', 0),
(464, 'Dashiju', 0),
(465, 'Daxing', 0),
(466, 'Tupambaé', 0),
(467, 'Ziketan', 0),
(468, 'Rivas', 0),
(469, 'Liliana', 0),
(470, 'Farsta', 0),
(471, 'Sarandi', 0),
(472, 'San Juan de Limay', 0),
(473, 'Staraya Ladoga', 0),
(474, 'Staré Hradiště', 0),
(475, 'Capalonga', 0),
(476, 'Cikondang', 0),
(477, 'Néa Vrasná', 0),
(478, 'Andop', 0),
(479, 'Stockholm', 0),
(480, 'Shigou', 0),
(481, 'Hetou', 0),
(482, 'Chepo', 0),
(483, 'Vacaria', 0),
(484, 'Anápolis', 0),
(485, 'Bajingzi', 0),
(486, 'Araras', 0),
(487, 'Tuchola', 0),
(488, 'Bangbayang', 0),
(489, 'Les Clayes-sous-Bois', 0),
(490, 'Shapa', 0),
(491, 'Tapan', 0),
(492, 'Jianyi', 0),
(493, 'Antwerpen', 0),
(494, 'Erdaocha', 0),
(495, 'Selemadeg Kelod', 0),
(496, 'Tarczyn', 0),
(497, 'Ordzhonikidzevskiy', 0),
(498, 'Zheshan', 0),
(499, 'Stráž nad Nisou', 0),
(500, 'Ronggo', 0),
(501, 'Miandrivazo', 0),
(502, 'Casa Nova', 0),
(503, 'Ranambeling', 0),
(504, 'Picton', 0),
(505, 'Brits', 0),
(506, 'Youyun', 0),
(507, 'Kugesi', 0),
(508, 'Ya’ngan', 0),
(509, 'Kaji', 0),
(510, 'Qaffīn', 0),
(511, 'Aqtoghay', 0),
(512, 'Brzeźnica', 0),
(513, 'Chapayeve', 0),
(514, 'Szolnok', 0),
(515, 'Shōbu', 0),
(516, 'Anto', 0),
(517, 'Huangjiabu', 0),
(518, 'Šibenik', 0),
(519, 'Naranjal', 0),
(520, 'Shalizhai', 0),
(521, 'New York City', 0),
(522, 'Yuanjue', 0),
(523, 'Kanshan', 0),
(524, 'Tomislavgrad', 0),
(525, 'Tsukumiura', 0),
(526, 'Monywa', 0),
(527, 'Cagayan', 0),
(528, 'Preston', 0),
(529, 'Jedlnia-Letnisko', 0),
(530, 'Lewokluok', 0),
(531, 'Lyeskawka', 0),
(532, 'Emplak', 0),
(533, 'Wuluhan', 0),
(534, 'Borås', 0),
(535, 'Tekeli', 0),
(536, 'Paraiso', 0),
(537, 'Oskarshamn', 0),
(538, 'Nogueira', 0),
(539, 'Bipolo', 0),
(540, 'Eirado', 0),
(541, 'Jelsa', 0),
(542, 'Szemud', 0),
(543, 'Lom Sak', 0),
(544, 'Alibunan', 0),
(545, 'Spas-Klepiki', 0),
(546, 'Vorob’yovo', 0),
(547, 'Salaza', 0),
(548, 'Kuangshan', 0),
(549, 'Sumberkindagan', 0),
(550, 'Shcherbinka', 0),
(551, 'Longwood', 0),
(552, 'Caucagüito', 0),
(553, 'Biguaçu', 0),
(554, 'Ciomas', 0),
(555, 'Padangpanjang', 0),
(556, 'Longshan', 0),
(557, 'Yanai', 0),
(558, 'Pyrgetós', 0),
(559, 'Shaoha', 0),
(560, 'Karangtengah Lor', 0),
(561, 'Imbituva', 0),
(562, 'Yemva', 0),
(563, 'Chumphon', 0),
(564, 'Templeogue', 0),
(565, 'Vera', 0),
(566, 'Wuxue Shi', 0),
(567, 'Clermont-Ferrand', 0),
(568, 'Gaosheng', 0),
(569, 'Ängelholm', 0),
(570, 'Dongping', 0),
(571, 'Manadhoo', 0),
(572, 'Lethem', 0),
(573, 'Mykonos', 0),
(574, 'Troyan', 0),
(575, 'Huarong', 0),
(576, 'Dū Qal‘ah', 0),
(577, 'Tegalsari', 0),
(578, 'Novogurovskiy', 0),
(579, 'Dulangan', 0),
(580, 'Ash Shuqayrah', 0),
(581, 'Xinminxiang', 0),
(582, 'Paris 12', 0),
(583, 'Fatufaun', 0),
(584, 'Kadukaung', 0),
(585, 'Krajanjugosari', 0),
(586, 'Parakanhonje Wetan', 0),
(587, 'Pateros', 0),
(588, 'Chadong', 0),
(589, 'Askim', 0),
(590, 'Yaodu', 0),
(591, 'Xiahan', 0),
(592, 'Durham', 0),
(593, 'Jialu', 0),
(594, 'Qianying', 0),
(595, 'Rusocice', 0),
(596, 'Godziszów Pierwszy', 0),
(597, 'Dazhongzhuang', 0),
(598, 'Líbano', 0),
(599, 'Prilep', 0),
(600, 'Ryczywół', 0),
(601, 'Vinces', 0),
(602, 'Belém', 0),
(603, 'Santiago do Cacém', 0),
(604, 'Vetlanda', 0),
(605, 'Xinying', 0),
(606, 'Krasnovishersk', 0),
(607, 'Leeuwarden', 0),
(608, 'Santos Dumont', 0),
(609, 'Caraguatatuba', 0),
(610, 'Jahrom', 0),
(611, 'Kwekwe', 0),
(612, 'Gushan', 0),
(613, 'Heku', 0),
(614, 'San Ignacio de Tupile', 0),
(615, 'Tonekābon', 0),
(616, 'Örebro', 0),
(617, 'Colca', 0),
(618, 'Dateng', 0),
(619, 'Wenling', 0),
(620, 'Sindangjawa', 0),
(621, 'Montasik', 0),
(622, 'Lukou', 0),
(623, 'San Francisco', 0),
(624, 'Santa Monica', 0),
(625, 'Horní Štěpánov', 0),
(626, 'Huyuan', 0),
(627, 'Bagumbayan', 0),
(628, 'San Juan de Mata', 0),
(629, 'Mengla', 0),
(630, 'Luleå', 0),
(631, 'Aloja', 0),
(632, 'Wangcao', 0),
(633, 'Benito Juarez', 0),
(634, 'Petaling Jaya', 0),
(635, 'Anopog', 0),
(636, 'Szelków', 0),
(637, 'Azurduy', 0),
(638, 'Donggaocun', 0),
(639, 'New Washington', 0),
(640, 'Sukoanyar', 0),
(641, 'Denver', 0),
(642, 'Sukhirin', 0),
(643, 'Padej', 0),
(644, 'Esmeraldas', 0),
(645, 'Hadyach', 0),
(646, 'Kentau', 0),
(647, 'Kuala Lumpur', 0),
(648, 'Tolbazy', 0),
(649, 'Varennes', 0),
(650, 'Laolong', 0),
(651, 'Waru', 0),
(652, 'Na\'ale', 0),
(653, 'Ozurgeti', 0),
(654, 'Huangzhuang', 0),
(655, 'Araxá', 0),
(656, 'Santa Maria', 0),
(657, 'Popovi', 0),
(658, 'Xingren', 0),
(659, 'Ylöjärvi', 0),
(660, 'Baoping', 0),
(661, 'Bella Vista', 0),
(662, 'Dongdong', 0),
(663, 'Jiangxiangzhen', 0),
(664, 'Pechora', 0),
(665, 'Majennang', 0),
(666, 'Dawa-Dawa', 0),
(667, 'Baiquesi', 0),
(668, 'Kalugmanan', 0),
(669, 'Lere', 0),
(670, 'Rennes', 0),
(671, 'Aparecida do Taboado', 0),
(672, 'Dongshan', 0),
(673, 'Taganak', 0),
(674, 'Aylmer', 0),
(675, 'Erjiegou', 0),
(676, 'West Palm Beach', 0),
(677, 'Tuchlovice', 0),
(678, 'Carvalho', 0),
(679, 'Kapiri Mposhi', 0),
(680, 'Firenze', 0),
(681, 'Druju', 0),
(682, 'Maomiaoji', 0),
(683, 'Avignon', 0),
(684, 'Yunxi', 0),
(685, 'Fristad', 0),
(686, 'Leone', 0),
(687, 'Puerto Barrios', 0),
(688, 'Umm Ruwaba', 0),
(689, 'Gongnong', 0),
(690, 'Dorowa Mining Lease', 0),
(691, 'Kristiansand S', 0),
(692, 'Zhaojia', 0),
(693, 'Dalakovo', 0),
(694, 'Bryan', 0),
(695, 'Tiztoutine', 0),
(696, 'Kuczbork-Osada', 0),
(697, 'Rymättylä', 0),
(698, 'Casa Quemada', 0),
(699, 'Mattaldi', 0),
(700, 'Mamara', 0),
(701, 'Dzięgielów', 0),
(702, 'Fteliá', 0),
(703, 'Sumurnanjung', 0),
(704, 'San Julian', 0),
(705, 'Wangqu', 0),
(706, 'Yeping', 0),
(707, 'Tanashichō', 0),
(708, 'Kaliningrad', 0),
(709, 'Chantal', 0),
(710, 'Eksjö', 0),
(711, 'Meziměstí', 0),
(712, 'Biryukove', 0),
(713, 'Nariño', 0),
(714, 'Nice', 0),
(715, 'Muktāgācha', 0),
(716, 'Kaset Sombun', 0),
(717, 'Brikama Nding', 0),
(718, 'Siparia', 0),
(719, 'Norrahammar', 0),
(720, 'Vakhtan', 0),
(721, 'San Jose', 0),
(722, 'Tiantai Chengguanzhen', 0),
(723, 'Shahumyan', 0),
(724, 'Al Jīb', 0),
(725, 'Wangjiachang', 0),
(726, 'Daxinshao', 0),
(727, 'Virovitica', 0),
(728, 'Zhalinghu', 0),
(729, 'Erdenet', 0),
(730, 'Guilhabreu', 0),
(731, 'Dunaivtsi', 0),
(732, 'Maraial', 0),
(733, 'Jiaocun', 0),
(734, 'Harjavalta', 0),
(735, 'Eenhana', 0),
(736, 'Erandique', 0),
(737, 'Norberg', 0),
(738, 'Beo', 0),
(739, 'Bangan-Oda', 0),
(740, 'Ruixi', 0),
(741, 'São Francisco do Conde', 0),
(742, 'Longxi', 0),
(743, 'Sarukhan', 0),
(744, 'Fengdian', 0),
(745, 'Yanas', 0),
(746, 'Nanlu', 0),
(747, 'Caraballeda', 0),
(748, 'Subusub', 0),
(749, 'Pingtan', 0),
(750, 'Saint John’s', 0),
(751, 'Tungoo', 0),
(752, 'Crateús', 0),
(753, 'Pedra Furada', 0),
(754, 'Quinjalca', 0),
(755, 'Wuxing', 0),
(756, 'Bantengan', 0),
(757, 'Daxin', 0),
(758, 'Karangsari', 0),
(759, 'Alaghsas', 0),
(760, 'Micheng', 0),
(761, 'Niort', 0),
(762, 'Entre Rios', 0),
(763, 'Xinying', 0),
(764, 'Mingyihe', 0),
(765, 'Chilecito', 0),
(766, 'Wielgie', 0),
(767, 'Brloh', 0),
(768, 'Diapaga', 0),
(769, 'Saint-Brieuc', 0),
(770, 'Lisui', 0),
(771, 'Chattanooga', 0),
(772, 'Marka', 0),
(773, 'Nangka', 0),
(774, 'Bobolice', 0),
(775, 'Sambonggede', 0),
(776, 'Gradishtë', 0),
(777, 'Pukekohe East', 0),
(778, 'Paltashaco', 0),
(779, 'Maastricht', 0),
(780, 'Amagi', 0),
(781, 'Jastrzębia Góra', 0),
(782, 'Mufumbwe', 0),
(783, 'Banjar Bias', 0),
(784, 'Fleury-les-Aubrais', 0),
(785, 'Lodan Wetan', 0),
(786, 'Maintirano', 0),
(787, 'Weiyanggong', 0),
(788, 'Shancheng', 0),
(789, 'Caparrapí', 0),
(790, 'Huangban', 0),
(791, 'Funabashi', 0),
(792, 'Kitahama', 0),
(793, 'Gōtsuchō', 0),
(794, 'Xiangba', 0),
(795, 'Kylmäkoski', 0),
(796, 'Ishqoshim', 0),
(797, 'Rendeng', 0),
(798, 'Zwolle', 0),
(799, 'Al Matūn', 0),
(800, 'Georgetown', 0),
(801, 'Dedenëvo', 0),
(802, 'Kurashiki', 0),
(803, 'Zarqa', 0),
(804, 'Iles', 0),
(805, 'Ambat', 0),
(806, 'Nangahale', 0),
(807, 'Tracal', 0),
(808, 'Annan', 0),
(809, 'Dukuhmencek Lor', 0),
(810, 'Verkhniy Yasenov', 0),
(811, 'Taloy', 0),
(812, 'San Isidro', 0),
(813, 'Sandviken', 0),
(814, 'Almere Haven', 0),
(815, 'Alès', 0),
(816, 'Luopu', 0),
(817, 'Władysławowo', 0),
(818, 'Xi’an', 0),
(819, 'Gizo', 0),
(820, 'Cama Juan', 0),
(821, 'Qiqian', 0),
(822, 'Citeguh', 0),
(823, 'San Justo', 0),
(824, 'Widorokandang', 0),
(825, 'Tagnanan', 0),
(826, 'Jing’an', 0),
(827, 'Tobias Barreto', 0),
(828, 'Gocoton', 0),
(829, 'Skelivka', 0),
(830, 'Verkhnyachka', 0),
(831, 'Kuusjoki', 0),
(832, 'Bagahanlad', 0),
(833, 'Gaotaizi', 0),
(834, 'Lashio', 0),
(835, 'Zapolyarnyy', 0),
(836, 'Patalan', 0),
(837, 'Jingyu', 0),
(838, 'Vostok', 0),
(839, 'Stockholm', 0),
(840, 'Znamenskoye', 0),
(841, 'Shangping', 0),
(842, 'Fernandópolis', 0),
(843, 'Columbia', 0),
(844, 'Ed', 0),
(845, 'Houston', 0),
(846, 'Yên Lạc', 0),
(847, 'Changwon', 0),
(848, 'Dve Mogili', 0),
(849, 'Oujiangcha', 0),
(850, 'Sangalhos', 0),
(851, 'Milton', 0),
(852, 'Baiguo', 0),
(853, 'Daohe', 0),
(854, 'Ulricehamn', 0),
(855, 'Mīāndoāb', 0),
(856, 'Xiniqi', 0),
(857, 'Zhaotong', 0),
(858, 'Lac du Bonnet', 0),
(859, 'Duantan', 0),
(860, 'Beishan', 0),
(861, 'Kořenov', 0),
(862, 'Wates', 0),
(863, 'Borzechów', 0),
(864, 'Lebak Timur', 0),
(865, 'Jiashi', 0),
(866, 'Cawayan', 0),
(867, 'Uppsala', 0),
(868, 'Amsterdam Oud Zuid en Rivierenbuurt', 0),
(869, 'Dolany', 0),
(870, 'Harstad', 0),
(871, 'Xundian', 0),
(872, 'Zambrów', 0),
(873, 'Lengkongjaya', 0),
(874, 'Tanjungrejo Lor', 0),
(875, 'Divjakë', 0),
(876, 'Quinipot', 0),
(877, 'Xin’an', 0),
(878, 'Nezhinka', 0),
(879, 'Igoumenítsa', 0),
(880, 'Perechyn', 0),
(881, 'Orahovica', 0),
(882, 'Itambé', 0),
(883, 'Le Havre', 0),
(884, 'Jemielno', 0),
(885, 'Rizó', 0),
(886, 'Goascorán', 0),
(887, 'Al Qūşīyah', 0),
(888, 'Javhlant', 0),
(889, 'Cool űrhajó', 0),
(890, 'İsmayıllı', 0),
(891, 'Shishan', 0),
(892, 'Anastácio', 0),
(893, 'Bistrica ob Sotli', 0),
(894, 'Zhonghuopu', 0),
(895, 'Śródmieście', 0),
(896, 'Gorobinci', 0),
(897, 'Niort', 0),
(898, 'Arras', 0),
(899, 'Finzes', 0),
(900, 'Hamilton', 0),
(901, 'Kirkuk', 0),
(902, 'Laveiras', 0),
(903, 'Željezno Polje', 0),
(904, 'West Palm Beach', 0),
(905, 'Nizhniy Tagil', 0),
(906, 'Fuxi', 0),
(907, 'Świlcza', 0),
(908, 'Kuala Lumpur', 0),
(909, 'Tercena', 0),
(910, 'Delft', 0),
(911, 'Curuan', 0),
(912, 'Ban Dung', 0),
(913, 'Krajan', 0),
(914, 'Uglich', 0),
(915, 'Bordeaux', 0),
(916, 'Paccho', 0),
(917, 'Nagu', 0),
(918, 'Tianqian', 0),
(919, 'Narol', 0),
(920, 'Torrijos', 0),
(921, 'Lennec', 0),
(922, 'Trebisht-Muçinë', 0),
(923, 'Riit', 0),
(924, 'Cumba', 0),
(925, 'Buchou', 0),
(926, 'Bekasi', 0),
(927, 'Cihideung Satu', 0),
(928, 'Voznesenskoye', 0),
(929, 'Fiães', 0),
(930, 'Yangzi Jianglu', 0),
(931, 'Rîşcani', 0),
(932, 'Kowŏn-ŭp', 0),
(933, 'San Isidro', 0),
(934, 'Dajabón', 0),
(935, 'Nabunturan', 0),
(936, 'Ruma', 0),
(937, 'Kuala Pilah', 0),
(938, 'Kuala Lumpur', 0),
(939, 'Senggapi', 0),
(940, 'Hongmiao', 0),
(941, 'Monze', 0),
(942, 'Atipuluhan', 0),
(943, 'Mugi', 0),
(944, 'Crnilište', 0),
(945, 'Sindangpanji', 0),
(946, 'Khelyulya', 0),
(947, 'Belo Oriente', 0),
(948, 'Baitang', 0),
(949, 'Hämeenkoski', 0),
(950, 'Thành Phố Ninh Bình', 0),
(951, 'Calgary', 0),
(952, 'Qiujima', 0),
(953, 'Yug', 0),
(954, 'Nong Kung Si', 0),
(955, 'The Valley', 0),
(956, 'Da’anshan', 0),
(957, 'Krajan Craken', 0),
(958, 'Kardítsa', 0),
(959, 'Erling', 0),
(960, 'Gambaru', 0),
(961, 'Parikkala', 0),
(962, 'Bunisari', 0),
(963, 'Shanjiao', 0),
(964, 'Krajan Alastengah', 0),
(965, 'Clondalkin', 0),
(966, 'Criuleni', 0),
(967, 'Boxholm', 0),
(968, 'Rabat', 0),
(969, 'Kirkland Lake', 0),
(970, 'Al Ḩammāmāt', 0),
(971, 'Guajiasi', 0),
(972, 'Dorp Tera Kora', 0),
(973, 'Cabanbanan', 0),
(974, 'Fengcheng', 0),
(975, 'Vespasiano', 0),
(976, 'Setono', 0),
(977, 'Đắk Glei', 0),
(978, 'Jequitinhonha', 0),
(979, 'Żelistrzewo', 0),
(980, 'Krajan Gebangan', 0),
(981, 'Miatli', 0),
(982, 'Jinchang', 0),
(983, 'Tan Sum', 0),
(984, 'Fudian', 0),
(985, 'Kolomak', 0),
(986, 'Pickering', 0),
(987, 'Cikalang', 0),
(988, 'Stockholm', 0),
(989, 'São João da Boa Vista', 0),
(990, 'Labrador City', 0),
(991, 'Danyang', 0),
(992, 'Pavlovka', 0),
(993, 'Zhangcun', 0),
(994, 'Cibeureum', 0),
(995, 'Pagangan', 0),
(996, 'Fontainebleau', 0),
(997, 'Des Moines', 0),
(998, 'Gandra', 0),
(999, 'Bogorejo', 0),
(1000, 'Liopétri', 0);

-- --------------------------------------------------------

--
-- Structure de la table `region`
--

CREATE TABLE `region` (
  `id_region` smallint UNSIGNED NOT NULL,
  `region_name` varchar(100) NOT NULL
) ENGINE=InnoDB DEFAULT CHARSET=utf8mb4 COLLATE=utf8mb4_0900_ai_ci;

--
-- Déchargement des données de la table `region`
--

INSERT INTO `region` (`id_region`, `region_name`) VALUES
(1, 'Ain'),
(2, 'Aisne'),
(3, 'Allier'),
(4, 'Hautes-Alpes'),
(5, 'Alpes-de-Haute-Provence'),
(6, 'Alpes-Maritimes'),
(7, 'Ardèche'),
(8, 'Ardennes'),
(9, 'Ariège'),
(10, 'Aube'),
(11, 'Aude'),
(12, 'Aveyron'),
(13, 'Bouches-du-Rhône'),
(14, 'Calvados'),
(15, 'Cantal'),
(16, 'Charente'),
(17, 'Charente-Maritime'),
(18, 'Cher'),
(19, 'Corrèze'),
(20, 'Corse-du-sud'),
(21, 'Haute-corse'),
(22, 'Côte-d\'or'),
(23, 'Côtes-d\'armor'),
(24, 'Creuse'),
(25, 'Dordogne'),
(26, 'Doubs'),
(27, 'Drôme'),
(28, 'Eure'),
(29, 'Eure-et-Loir'),
(30, 'Finistère'),
(31, 'Gard'),
(32, 'Haute-Garonne'),
(33, 'Gers'),
(34, 'Gironde'),
(35, 'Hérault'),
(36, 'Ile-et-Vilaine'),
(37, 'Indre'),
(38, 'Indre-et-Loire'),
(39, 'Isère'),
(40, 'Jura'),
(41, 'Landes'),
(42, 'Loir-et-Cher'),
(43, 'Loire'),
(44, 'Haute-Loire'),
(45, 'Loire-Atlantique'),
(46, 'Loiret'),
(47, 'Lot'),
(48, 'Lot-et-Garonne'),
(49, 'Lozère'),
(50, 'Maine-et-Loire'),
(51, 'Manche'),
(52, 'Marne'),
(53, 'Haute-Marne'),
(54, 'Mayenne'),
(55, 'Meurthe-et-Moselle'),
(56, 'Meuse'),
(57, 'Morbihan'),
(58, 'Moselle'),
(59, 'Nièvre'),
(60, 'Nord'),
(61, 'Oise'),
(62, 'Orne'),
(63, 'Pas-de-Calais'),
(64, 'Puy-de-Dôme'),
(65, 'Pyrénées-Atlantiques'),
(66, 'Hautes-Pyrénées'),
(67, 'Pyrénées-Orientales'),
(68, 'Bas-Rhin'),
(69, 'Haut-Rhin'),
(70, 'Rhône'),
(71, 'Haute-Saône'),
(72, 'Saône-et-Loire'),
(73, 'Sarthe'),
(74, 'Savoie'),
(75, 'Haute-Savoie'),
(76, 'Paris'),
(77, 'Seine-Maritime'),
(78, 'Seine-et-Marne'),
(79, 'Yvelines'),
(80, 'Deux-Sèvres'),
(81, 'Somme'),
(82, 'Tarn'),
(83, 'Tarn-et-Garonne'),
(84, 'Var'),
(85, 'Vaucluse'),
(86, 'Vendée'),
(87, 'Vienne'),
(88, 'Haute-Vienne'),
(89, 'Vosges'),
(90, 'Yonne'),
(91, 'Territoire de Belfort'),
(92, 'Essonne'),
(93, 'Hauts-de-Seine'),
(94, 'Seine-Saint-Denis'),
(95, 'Val-de-Marne'),
(96, 'Val-d\'Oise'),
(97, 'Mayotte'),
(98, 'Guadeloupe'),
(99, 'Guyane'),
(100, 'Martinique'),
(101, 'Réunion');

-- --------------------------------------------------------

--
-- Structure de la table `role_type`
--

CREATE TABLE `role_type` (
  `id_role_type` smallint UNSIGNED NOT NULL,
  `name_role` varchar(50) NOT NULL
) ENGINE=InnoDB DEFAULT CHARSET=utf8mb4 COLLATE=utf8mb4_0900_ai_ci;

--
-- Déchargement des données de la table `role_type`
--

INSERT INTO `role_type` (`id_role_type`, `name_role`) VALUES
(1, 'MAÎTRE DU JEU | Dé 100'),
(2, 'SÉRIEUX | Dé 20'),
(3, 'RÉGULIER | Dé 12'),
(4, 'AFFINITÉ | Dé 8'),
(5, 'ONE-SHOT | Dé 4');

-- --------------------------------------------------------

--
-- Structure de la table `selected_universe`
--

CREATE TABLE `selected_universe` (
  `id_universe` smallint UNSIGNED NOT NULL,
  `id_user` smallint UNSIGNED NOT NULL
) ENGINE=InnoDB DEFAULT CHARSET=utf8mb4 COLLATE=utf8mb4_0900_ai_ci;

--
-- Déchargement des données de la table `selected_universe`
--

INSERT INTO `selected_universe` (`id_universe`, `id_user`) VALUES
(2, 97),
(28, 291),
(19, 378),
(32, 261),
(41, 630),
(17, 944),
(15, 955),
(18, 488),
(27, 101),
(33, 544),
(27, 270),
(24, 3),
(42, 649),
(16, 985),
(40, 305),
(39, 134),
(38, 315),
(33, 31),
(27, 506),
(37, 846),
(28, 963),
(31, 859),
(45, 410),
(34, 528),
(39, 111),
(33, 130),
(10, 130),
(17, 467),
(1, 321),
(21, 723),
(25, 511),
(29, 345),
(35, 259),
(23, 301),
(27, 791),
(45, 663),
(28, 223),
(29, 70),
(30, 326),
(12, 627),
(22, 528),
(39, 432),
(24, 683),
(45, 293),
(20, 135),
(11, 298),
(9, 898),
(37, 816),
(21, 455),
(25, 10),
(16, 78),
(7, 156),
(39, 487),
(16, 890),
(33, 938),
(14, 920),
(38, 492),
(1, 349),
(11, 826),
(2, 277),
(43, 351),
(9, 698),
(40, 607),
(31, 434),
(43, 285),
(5, 828),
(35, 608),
(16, 72),
(27, 52),
(15, 561),
(3, 923),
(10, 726),
(32, 513),
(27, 374),
(30, 498),
(9, 340),
(8, 266),
(5, 372),
(24, 649),
(31, 754),
(10, 460),
(29, 895),
(38, 368),
(8, 188),
(3, 117),
(7, 897),
(13, 466),
(28, 609),
(33, 432),
(28, 410),
(24, 63),
(2, 698),
(1, 242),
(30, 914),
(2, 587),
(35, 345),
(30, 564),
(7, 116),
(45, 615),
(36, 819),
(8, 888),
(13, 33),
(39, 105),
(39, 828),
(1, 608),
(3, 999),
(36, 848),
(19, 932),
(3, 11),
(2, 906),
(23, 849),
(30, 518),
(41, 169),
(38, 962),
(11, 767),
(11, 313),
(1, 534),
(8, 189),
(38, 180),
(41, 661),
(10, 717),
(39, 913),
(32, 900),
(8, 737),
(35, 163),
(34, 589),
(16, 950),
(34, 941),
(10, 186),
(28, 761),
(42, 832),
(9, 991),
(3, 213),
(18, 327),
(29, 161),
(37, 9),
(17, 850),
(33, 789),
(44, 863),
(19, 813),
(1, 355),
(39, 401),
(37, 362),
(18, 925),
(45, 567),
(25, 875),
(42, 547),
(21, 896),
(41, 956),
(18, 107),
(34, 545),
(5, 12),
(39, 853),
(31, 176),
(13, 294),
(1, 960),
(39, 607),
(38, 152),
(15, 416),
(27, 217),
(12, 657),
(45, 837),
(5, 912),
(45, 190),
(33, 627),
(29, 776),
(18, 391),
(43, 527),
(20, 453),
(5, 957),
(37, 641),
(39, 388),
(39, 350),
(26, 662),
(7, 569),
(24, 67),
(4, 662),
(27, 538),
(10, 549),
(26, 821),
(3, 651),
(43, 312),
(11, 929),
(39, 577),
(22, 421),
(16, 676),
(31, 862),
(3, 213),
(15, 984),
(25, 98),
(19, 58),
(24, 539),
(26, 541),
(9, 696),
(38, 215),
(10, 209),
(11, 23),
(16, 720),
(18, 364),
(15, 660),
(20, 870),
(20, 329),
(7, 243),
(7, 652),
(32, 99),
(18, 928),
(24, 609),
(12, 960),
(45, 322),
(37, 356),
(11, 886),
(40, 927),
(14, 653),
(26, 338),
(37, 114),
(20, 708),
(45, 752),
(6, 329),
(30, 19),
(5, 978),
(39, 34),
(45, 586),
(44, 693),
(1, 800),
(1, 73),
(21, 185),
(24, 418),
(16, 8),
(13, 304),
(37, 517),
(15, 898),
(23, 828),
(1, 913),
(35, 59),
(26, 226),
(15, 874),
(11, 583),
(26, 760),
(20, 484),
(28, 659),
(16, 215),
(26, 701),
(22, 697),
(15, 373),
(45, 669),
(30, 287),
(15, 924),
(45, 267),
(37, 93),
(22, 217),
(15, 870),
(21, 680),
(11, 202),
(30, 305),
(24, 137),
(39, 162),
(44, 68),
(19, 709),
(19, 121),
(18, 766),
(32, 40),
(25, 456),
(3, 804),
(11, 606),
(30, 154),
(17, 705),
(10, 168),
(3, 813),
(45, 114),
(25, 682),
(15, 521),
(35, 103),
(12, 262),
(35, 759),
(23, 756),
(35, 104),
(16, 24),
(41, 48),
(42, 854),
(31, 972),
(8, 447),
(28, 170),
(6, 475),
(24, 311),
(28, 100),
(26, 848),
(30, 797),
(32, 799),
(12, 778),
(1, 518),
(14, 621),
(43, 52),
(17, 833),
(4, 351),
(9, 357),
(10, 135),
(27, 947),
(17, 794),
(14, 717),
(6, 956),
(18, 833),
(16, 995),
(11, 411),
(30, 117),
(35, 68),
(8, 396),
(6, 264),
(26, 127),
(35, 650),
(2, 251),
(27, 192),
(43, 245),
(15, 253),
(6, 981),
(1, 897),
(33, 778),
(5, 854),
(3, 520),
(15, 219),
(19, 795),
(22, 156),
(25, 632),
(22, 880),
(10, 257),
(42, 506),
(20, 835),
(4, 262),
(1, 494),
(4, 832),
(27, 665),
(6, 172),
(41, 399),
(7, 408),
(40, 954),
(3, 994),
(11, 923),
(34, 464),
(17, 359),
(34, 36),
(2, 800),
(27, 17),
(33, 521),
(2, 298),
(42, 742),
(7, 894),
(3, 861),
(42, 913),
(33, 149),
(15, 732),
(11, 695),
(18, 643),
(39, 802),
(45, 357),
(1, 98),
(41, 613),
(13, 299),
(35, 844),
(10, 392),
(38, 680),
(2, 617),
(13, 958),
(6, 619),
(27, 668),
(12, 758),
(6, 593),
(18, 500),
(13, 356),
(8, 325),
(29, 159),
(21, 875),
(21, 243),
(1, 272),
(12, 146),
(26, 278),
(6, 895),
(30, 773),
(23, 923),
(37, 670),
(2, 521),
(40, 529),
(25, 674),
(12, 688),
(14, 133),
(1, 245),
(18, 604),
(5, 878),
(28, 651),
(5, 463),
(6, 292),
(45, 999),
(28, 193),
(27, 82),
(1, 101),
(29, 959),
(15, 266),
(2, 89),
(39, 221),
(15, 774),
(14, 773),
(38, 957),
(39, 729),
(7, 16),
(30, 511),
(20, 64),
(13, 354),
(45, 805),
(18, 267),
(33, 409),
(20, 658),
(29, 668),
(26, 311),
(35, 561),
(1, 927),
(24, 160),
(44, 258),
(4, 367),
(36, 73),
(36, 933),
(17, 939),
(6, 43),
(25, 882),
(18, 783),
(24, 462),
(21, 819),
(40, 841),
(27, 640),
(5, 503),
(28, 513),
(14, 626),
(11, 140),
(18, 108),
(12, 559),
(33, 949),
(10, 402),
(18, 997),
(16, 12),
(5, 712),
(16, 936),
(34, 846),
(41, 52),
(30, 898),
(38, 910),
(35, 218),
(1, 33),
(29, 744),
(42, 337),
(13, 472),
(23, 515),
(38, 580),
(12, 204),
(3, 520),
(7, 166),
(24, 67),
(2, 712),
(23, 586),
(33, 211),
(23, 812),
(15, 13),
(11, 265),
(4, 275),
(4, 626),
(2, 726),
(23, 216),
(26, 427),
(1, 309),
(24, 893),
(41, 900),
(32, 322),
(27, 226),
(30, 551),
(8, 584),
(16, 190),
(15, 532),
(34, 10),
(39, 842),
(14, 498),
(27, 730),
(37, 318),
(19, 624),
(33, 663),
(15, 6),
(40, 47),
(19, 539),
(27, 818),
(39, 347),
(9, 895),
(1, 122),
(1, 1),
(32, 662),
(8, 99),
(14, 334),
(40, 963),
(39, 555),
(22, 203),
(5, 890),
(45, 609),
(23, 992),
(8, 510),
(36, 51),
(43, 620),
(2, 849),
(40, 781),
(33, 838),
(13, 701),
(17, 753),
(26, 505),
(33, 504),
(23, 663),
(13, 47),
(31, 525),
(45, 450),
(35, 534),
(30, 870),
(24, 359),
(29, 147),
(14, 205),
(39, 654),
(18, 683),
(27, 111),
(9, 772),
(30, 695),
(17, 332),
(44, 423),
(22, 291),
(28, 610),
(45, 941),
(20, 360),
(14, 146),
(15, 410),
(18, 213),
(11, 621),
(18, 740),
(3, 155),
(43, 66),
(37, 398),
(11, 203),
(30, 789),
(29, 459),
(16, 643),
(2, 450),
(12, 313),
(45, 227),
(24, 493),
(1, 675),
(33, 288),
(22, 952),
(12, 62),
(1, 993),
(19, 53),
(16, 965),
(5, 271),
(38, 385),
(24, 477),
(32, 586),
(6, 58),
(36, 979),
(4, 865),
(9, 1000),
(30, 945),
(2, 702),
(35, 972),
(21, 198),
(26, 597),
(2, 239),
(7, 55),
(8, 591),
(13, 961),
(6, 210),
(20, 961),
(25, 440),
(21, 562),
(23, 771),
(45, 696),
(38, 648),
(12, 226),
(10, 76),
(28, 375),
(28, 393),
(4, 571),
(44, 912),
(14, 623),
(16, 687),
(17, 544),
(45, 474),
(39, 914),
(10, 913),
(9, 953),
(30, 855),
(36, 322),
(25, 654),
(24, 243),
(8, 67),
(22, 380),
(14, 457),
(24, 579),
(28, 328),
(18, 210),
(2, 549),
(39, 210),
(6, 979),
(19, 825),
(3, 41),
(10, 464),
(35, 136),
(41, 769),
(3, 862),
(28, 466),
(31, 591),
(20, 825),
(38, 260),
(22, 468),
(24, 120),
(18, 518),
(6, 189),
(27, 435),
(27, 91),
(28, 285),
(11, 486),
(25, 857),
(35, 378),
(8, 306),
(15, 490),
(24, 182),
(18, 230),
(35, 114),
(14, 312),
(38, 594),
(32, 336),
(38, 856),
(6, 988),
(9, 494),
(38, 551),
(9, 506),
(34, 535),
(8, 19),
(35, 38),
(4, 595),
(41, 286),
(38, 379),
(17, 462),
(38, 574),
(13, 950),
(2, 555),
(44, 974),
(20, 595),
(37, 105),
(20, 515),
(2, 116),
(37, 589),
(19, 733),
(37, 820),
(37, 946),
(38, 623),
(20, 295),
(45, 989),
(9, 75),
(16, 409),
(44, 508),
(24, 421),
(32, 335),
(30, 119),
(1, 667),
(6, 5),
(7, 409),
(16, 77),
(36, 887),
(27, 459),
(19, 906),
(33, 827),
(12, 608),
(13, 860),
(42, 295),
(40, 504),
(9, 212),
(43, 663),
(13, 735),
(45, 623),
(24, 70),
(3, 759),
(18, 392),
(9, 202),
(18, 287),
(11, 610),
(22, 218),
(29, 7),
(13, 379),
(26, 774),
(40, 605),
(13, 827),
(16, 551),
(10, 7),
(26, 990),
(44, 872),
(15, 990),
(43, 791),
(23, 864),
(15, 850),
(39, 545),
(29, 963),
(13, 756),
(45, 871),
(4, 632),
(8, 990),
(28, 418),
(25, 544),
(14, 803),
(32, 10),
(40, 502),
(10, 539),
(4, 952),
(38, 970),
(17, 102),
(20, 415),
(25, 620),
(1, 912),
(28, 671),
(15, 552),
(18, 751),
(20, 430),
(9, 380),
(7, 840),
(44, 363),
(15, 615),
(30, 609),
(1, 676),
(7, 619),
(8, 53),
(8, 301),
(4, 487),
(42, 303),
(25, 651),
(10, 279),
(22, 559),
(10, 460),
(22, 421),
(18, 314),
(18, 701),
(22, 334),
(40, 501),
(28, 145),
(44, 855),
(38, 621),
(42, 302),
(34, 933),
(40, 306),
(15, 154),
(36, 558),
(12, 270),
(19, 553),
(9, 715),
(8, 322),
(18, 319),
(37, 904),
(6, 279),
(28, 706),
(30, 362),
(43, 28),
(8, 681),
(18, 421),
(30, 973),
(31, 965),
(41, 552),
(18, 228),
(10, 527),
(27, 147),
(2, 169),
(15, 838),
(45, 321),
(41, 859),
(11, 380),
(28, 118),
(41, 385),
(35, 319),
(8, 582),
(45, 254),
(23, 661),
(1, 285),
(37, 570),
(42, 191),
(27, 820),
(3, 211),
(44, 39),
(9, 152),
(2, 804),
(27, 475),
(39, 261),
(31, 632),
(19, 906),
(29, 609),
(17, 587),
(3, 124),
(38, 580),
(26, 33),
(38, 862),
(27, 916),
(1, 786),
(35, 929),
(40, 832),
(4, 411),
(29, 682),
(31, 362),
(45, 172),
(10, 958),
(25, 939),
(2, 443),
(32, 510),
(16, 769),
(30, 897),
(9, 449),
(19, 676),
(29, 408),
(14, 820),
(40, 348),
(44, 830),
(18, 965),
(1, 802),
(26, 59),
(17, 776),
(20, 951),
(40, 489),
(19, 316),
(35, 287),
(40, 580),
(19, 640),
(5, 559),
(25, 417),
(26, 759),
(44, 310),
(19, 109),
(24, 595),
(23, 868),
(39, 519),
(40, 443),
(25, 891),
(3, 337),
(3, 951),
(43, 428),
(9, 568),
(10, 137),
(39, 242),
(36, 673),
(24, 854),
(44, 322),
(25, 43),
(44, 289),
(41, 266),
(4, 526),
(9, 368),
(11, 737),
(12, 185),
(1, 185),
(28, 738),
(35, 248),
(35, 646),
(38, 734),
(14, 742),
(16, 798),
(14, 440),
(36, 677),
(6, 218),
(11, 687),
(30, 859),
(2, 566),
(10, 738),
(12, 769),
(43, 942),
(1, 554),
(9, 171),
(31, 323),
(43, 956),
(10, 705),
(13, 464),
(36, 417),
(15, 109),
(28, 19),
(43, 32),
(21, 634),
(36, 942),
(45, 485),
(33, 503),
(42, 740),
(1, 947),
(31, 310),
(9, 392),
(14, 710),
(24, 767),
(14, 521),
(25, 143),
(9, 945),
(42, 4),
(29, 481),
(3, 602),
(9, 521),
(40, 585),
(36, 336),
(6, 678),
(18, 632),
(34, 392),
(40, 422),
(45, 17),
(25, 361),
(17, 453),
(42, 831),
(17, 298),
(18, 152),
(40, 480),
(8, 532),
(21, 983),
(44, 784),
(15, 744),
(38, 546),
(33, 985),
(27, 80),
(42, 152),
(36, 683),
(38, 199),
(37, 78),
(10, 664),
(38, 126),
(37, 935),
(20, 843),
(29, 528),
(9, 912),
(26, 311),
(44, 822),
(34, 569),
(11, 678),
(10, 983),
(34, 132),
(24, 193),
(19, 765),
(27, 53),
(13, 230),
(7, 465),
(26, 489),
(30, 356),
(32, 449),
(36, 363),
(33, 77),
(33, 260),
(10, 563),
(28, 331),
(41, 192),
(11, 289),
(25, 682),
(15, 40),
(11, 994),
(17, 533),
(1, 253),
(32, 457),
(18, 158),
(41, 194),
(11, 334),
(9, 574),
(38, 984),
(11, 955),
(28, 286),
(37, 983),
(24, 605),
(30, 507),
(36, 987),
(35, 365),
(37, 903),
(19, 402),
(7, 549),
(12, 523),
(22, 180),
(19, 442),
(44, 592),
(44, 465),
(43, 593),
(8, 665),
(36, 996),
(37, 345),
(12, 470),
(40, 89),
(5, 120),
(38, 421),
(29, 32),
(45, 746),
(15, 611),
(30, 342),
(21, 416),
(5, 965),
(33, 287),
(9, 646),
(4, 93),
(14, 687),
(22, 383),
(3, 865),
(36, 237),
(24, 556),
(44, 664),
(26, 144),
(15, 523),
(7, 961),
(42, 95),
(39, 754),
(41, 726),
(18, 312);

-- --------------------------------------------------------

--
-- Structure de la table `universe`
--

CREATE TABLE `universe` (
  `id_universe` smallint UNSIGNED NOT NULL,
  `name_universe` varchar(100) NOT NULL,
  `id_universe_genre` smallint UNSIGNED NOT NULL
) ENGINE=InnoDB DEFAULT CHARSET=utf8mb4 COLLATE=utf8mb4_0900_ai_ci;

--
-- Déchargement des données de la table `universe`
--

INSERT INTO `universe` (`id_universe`, `name_universe`, `id_universe_genre`) VALUES
(1, 'Medieval Fantasy', 1),
(2, 'Post-Apocalyptique', 2),
(3, 'Horreur', 3),
(4, 'Western', 4),
(5, 'Science-Fiction', 5),
(6, 'Space Opera', 6),
(7, 'Steampunk', 7),
(8, 'Historique', 8),
(9, 'Mythologique', 9),
(10, 'L\'Oeil noir, le livre des règles', 1),
(11, 'Donjons et Dragons 1', 1),
(12, 'Donjons et Dragons 2', 1),
(13, 'Donjons et Dragons 3', 1),
(14, 'Donjons et Dragons 4', 1),
(15, 'Donjons et Dragons 5', 1),
(16, 'JDR personnalisé', 1),
(17, 'Star Wars D6', 5),
(18, 'Star Wars D20', 5),
(19, 'Star Wars FFG', 5),
(20, 'Star Wars aux confins de l\'empire', 5),
(21, 'Runequest', 1),
(22, 'L\'Appel de Cthulhu : 6ème Édition', 3),
(23, 'Achtung! Cthulhu: le guide de l\'investigateur', 3),
(24, 'In Nomine Satanis / Magna Veritas - 3ème Édition', 10),
(25, 'Shadowrun', 11),
(26, 'Warhammer', 1),
(27, 'Warhammer 40K', 5),
(28, 'Paranoïa', 5),
(29, 'Pendragon (1985)', 12),
(30, 'Vampire : La Mascarade', 13),
(31, 'Stormbringer (1981)', 1),
(32, 'C.O.P.S.', 11),
(33, 'Rêve de Dragon', 1),
(34, 'Pavillon Noir : La Révolte', 14),
(35, 'Animonde', 1),
(36, 'Ars Magica', 1),
(37, 'Château Falkenstein', 7),
(38, 'Château Bitume', 2),
(39, 'Feng Shui', 15),
(40, 'Dark Heresy', 5),
(41, 'Ambre', 1),
(42, 'La méthode du docteur Chestel', 16),
(43, 'Maléfices', 17),
(44, 'Cyberpunk 2020', 11),
(45, 'Terres du Milieu', 1);

-- --------------------------------------------------------

--
-- Structure de la table `universe_genre`
--

CREATE TABLE `universe_genre` (
  `id_universe_genre` smallint UNSIGNED NOT NULL,
  `genre` varchar(50) NOT NULL
) ENGINE=InnoDB DEFAULT CHARSET=utf8mb4 COLLATE=utf8mb4_0900_ai_ci;

--
-- Déchargement des données de la table `universe_genre`
--

INSERT INTO `universe_genre` (`id_universe_genre`, `genre`) VALUES
(1, 'Medieval Fantasy'),
(2, 'Post-Apocalyptique'),
(3, 'Horreur'),
(4, 'Western'),
(5, 'Science-Fiction'),
(6, 'Space Opera'),
(7, 'Steampunk'),
(8, 'Historique'),
(9, 'Mythologique'),
(10, 'Humoristique'),
(11, 'Cyberpunk'),
(12, 'Historique/Fantastique'),
(13, 'Gothique/punk'),
(14, 'Pirate'),
(15, 'Action'),
(16, 'Absurde'),
(17, 'Historico-fantastique');

-- --------------------------------------------------------

--
-- Structure de la table `users`
--

CREATE TABLE `users` (
  `id_user` smallint UNSIGNED NOT NULL,
  `username` varchar(30) NOT NULL,
  `email` varchar(50) NOT NULL,
  `admin` tinyint(1) DEFAULT NULL,
  `id_role_type` smallint UNSIGNED NOT NULL,
  `id_place` smallint UNSIGNED NOT NULL
) ENGINE=InnoDB DEFAULT CHARSET=utf8mb4 COLLATE=utf8mb4_0900_ai_ci;

--
-- Déchargement des données de la table `users`
--

INSERT INTO `users` (`id_user`, `username`, `email`, `admin`, `id_role_type`, `id_place`) VALUES
(1, 'SeonPrim', 'sebastien.bonnard94@gmail.com', 1, 1, 100),
(2, 'Jenilee Golda', 'jgolda1@mlb.com', 0, 4, 117),
(3, 'Milicent Jugging', 'mjugging2@people.com.cn', 0, 2, 8),
(4, 'Ahmed Hamshar', 'ahamshar3@mozilla.com', 0, 5, 286),
(5, 'Marley Labes', 'mlabes4@oaic.gov.au', 0, 3, 82),
(6, 'Morgan MacComiskey', 'mmaccomiskey5@phpbb.com', 0, 2, 97),
(7, 'Denny Crone', 'dcrone6@dmoz.org', 0, 2, 481),
(8, 'Nicolai Tembridge', 'ntembridge7@answers.com', 0, 4, 118),
(9, 'Nikolai Boays', 'nboays8@w3.org', 0, 1, 155),
(10, 'Dorie Pirt', 'dpirt9@prweb.com', 0, 3, 478),
(11, 'Rhonda Cullingworth', 'rcullingwortha@paypal.com', 0, 4, 166),
(12, 'Olympia Twelves', 'otwelvesb@house.gov', 0, 5, 293),
(13, 'Ginny Hanselmann', 'ghanselmannc@kickstarter.com', 0, 5, 407),
(14, 'Kellie Jardein', 'kjardeind@sohu.com', 0, 3, 302),
(15, 'Janaya Lockhead', 'jlockheade@goo.gl', 0, 2, 90),
(16, 'Myrtle Josifovic', 'mjosifovicf@typepad.com', 0, 2, 461),
(17, 'Garner Kelleway', 'gkellewayg@vinaora.com', 0, 2, 453),
(18, 'Hannie Hume', 'hhumeh@google.com.hk', 0, 5, 374),
(19, 'Glenine Astill', 'gastilli@whitehouse.gov', 0, 5, 248),
(20, 'Nelson Sellens', 'nsellensj@dell.com', 0, 2, 168),
(21, 'Harlie Coldbathe', 'hcoldbathek@spotify.com', 0, 3, 49),
(22, 'Devy Cavendish', 'dcavendishl@harvard.edu', 0, 4, 316),
(23, 'Carrol Gatsby', 'cgatsbym@cdc.gov', 0, 3, 104),
(24, 'Ker Duguid', 'kduguidn@lycos.com', 0, 5, 387),
(25, 'Crissie Betteriss', 'cbetterisso@flavors.me', 0, 2, 44),
(26, 'Ive Tilt', 'itiltp@hhs.gov', 0, 1, 351),
(27, 'Hubert Diviney', 'hdivineyq@google.com.au', 0, 1, 134),
(28, 'Katya Kettridge', 'kkettridger@globo.com', 0, 4, 27),
(29, 'Arlee Baiyle', 'abaiyles@spotify.com', 0, 1, 307),
(30, 'Alister Klagge', 'aklagget@oakley.com', 0, 3, 84),
(31, 'Vida Cansfield', 'vcansfieldu@cbslocal.com', 0, 5, 492),
(32, 'Stavros Carnaman', 'scarnamanv@guardian.co.uk', 0, 5, 395),
(33, 'Dore Spracklin', 'dspracklinw@elpais.com', 0, 1, 324),
(34, 'Daisy Burchfield', 'dburchfieldx@myspace.com', 0, 1, 234),
(35, 'Carree Blundon', 'cblundony@cbsnews.com', 0, 1, 491),
(36, 'Rice Zaniolo', 'rzanioloz@pbs.org', 0, 4, 244),
(37, 'Adriaens Orrom', 'aorrom10@yellowbook.com', 0, 4, 121),
(38, 'Griz Boatright', 'gboatright11@unc.edu', 0, 4, 32),
(39, 'Desiri McTiernan', 'dmctiernan12@oakley.com', 0, 2, 220),
(40, 'Fianna Demougeot', 'fdemougeot13@exblog.jp', 0, 3, 40),
(41, 'Warren Lob', 'wlob14@berkeley.edu', 0, 1, 289),
(42, 'Erich Eddowes', 'eeddowes15@wunderground.com', 0, 5, 350),
(43, 'Cristine Bertomier', 'cbertomier16@nature.com', 0, 2, 366),
(44, 'Link Eagger', 'leagger17@google.pl', 0, 5, 42),
(45, 'Kyle Durn', 'kdurn18@domainmarket.com', 0, 5, 329),
(46, 'Zorine Ferenczi', 'zferenczi19@nytimes.com', 0, 2, 489),
(47, 'Cherilynn Keoghan', 'ckeoghan1a@tinyurl.com', 0, 1, 84),
(48, 'Porty Edmonstone', 'pedmonstone1b@nymag.com', 0, 4, 11),
(49, 'Darryl Mordey', 'dmordey1c@wunderground.com', 0, 2, 196),
(50, 'Rhody Huson', 'rhuson1d@163.com', 0, 5, 264),
(51, 'Cameron Spurrior', 'cspurrior1e@google.cn', 0, 1, 74),
(52, 'Aldous Basant', 'abasant1f@china.com.cn', 0, 5, 204),
(53, 'Jennee Illyes', 'jillyes1g@mtv.com', 0, 2, 247),
(54, 'Darrel Scoffham', 'dscoffham1h@cnn.com', 0, 2, 220),
(55, 'Marabel Kaliszewski', 'mkaliszewski1i@domainmarket.com', 0, 5, 150),
(56, 'Malorie Pfeffel', 'mpfeffel1j@de.vu', 0, 2, 82),
(57, 'Denys Bye', 'dbye1k@marketwatch.com', 0, 3, 145),
(58, 'Griffin Ales', 'gales1l@uiuc.edu', 0, 5, 442),
(59, 'Moise Yushmanov', 'myushmanov1m@nytimes.com', 0, 2, 186),
(60, 'Norris Pantry', 'npantry1n@plala.or.jp', 0, 3, 20),
(61, 'Ursuline MacNeice', 'umacneice1o@va.gov', 0, 4, 10),
(62, 'Cherey Bremen', 'cbremen1p@acquirethisname.com', 0, 1, 373),
(63, 'Glen Pietroni', 'gpietroni1q@github.com', 0, 1, 389),
(64, 'Jaymie Nellen', 'jnellen1r@joomla.org', 0, 4, 207),
(65, 'Jackelyn Sammut', 'jsammut1s@squidoo.com', 0, 1, 151),
(66, 'Cherlyn Southard', 'csouthard1t@techcrunch.com', 0, 5, 319),
(67, 'Otis Ree', 'oree1u@economist.com', 0, 2, 107),
(68, 'Claudie Casetti', 'ccasetti1v@devhub.com', 0, 1, 155),
(69, 'Terrie Mazzey', 'tmazzey1w@shutterfly.com', 0, 4, 344),
(70, 'Carmen Oslar', 'coslar1x@digg.com', 0, 2, 65),
(71, 'Lothaire Stuchbury', 'lstuchbury1y@printfriendly.com', 0, 5, 16),
(72, 'Win Busson', 'wbusson1z@tumblr.com', 0, 3, 78),
(73, 'Brittni Been', 'bbeen20@wufoo.com', 0, 1, 154),
(74, 'Virginia Frankema', 'vfrankema21@washington.edu', 0, 2, 252),
(75, 'Tiebold Jedrys', 'tjedrys22@ucsd.edu', 0, 5, 25),
(76, 'Micah Benardet', 'mbenardet23@seattletimes.com', 0, 1, 386),
(77, 'Michal Billyeald', 'mbillyeald24@upenn.edu', 0, 5, 233),
(78, 'Kareem Pamment', 'kpamment25@slate.com', 0, 4, 132),
(79, 'Silvia Bastock', 'sbastock26@guardian.co.uk', 0, 4, 192),
(80, 'Debra Sands-Allan', 'dsandsallan27@mapquest.com', 0, 5, 410),
(81, 'Maurita Birdis', 'mbirdis28@dyndns.org', 0, 3, 303),
(82, 'Trent Moverley', 'tmoverley29@pinterest.com', 0, 3, 425),
(83, 'Nahum Bosher', 'nbosher2a@soup.io', 0, 3, 312),
(84, 'Mose Durek', 'mdurek2b@msn.com', 0, 4, 385),
(85, 'Starlin Hargie', 'shargie2c@hud.gov', 0, 2, 271),
(86, 'Cher Christescu', 'cchristescu2d@hexun.com', 0, 2, 423),
(87, 'Minnnie Goodrum', 'mgoodrum2e@newsvine.com', 0, 2, 279),
(88, 'Katheryn Whiskin', 'kwhiskin2f@shareasale.com', 0, 2, 434),
(89, 'Hakeem Assur', 'hassur2g@aol.com', 0, 5, 160),
(90, 'Madeleine Northcote', 'mnorthcote2h@alibaba.com', 0, 2, 34),
(91, 'Harriot Giraudel', 'hgiraudel2i@homestead.com', 0, 3, 93),
(92, 'Grange Machel', 'gmachel2j@washington.edu', 0, 5, 355),
(93, 'Winonah MacCostye', 'wmaccostye2k@163.com', 0, 4, 167),
(94, 'Lief Bowman', 'lbowman2l@samsung.com', 0, 1, 408),
(95, 'Ryan Fitzer', 'rfitzer2m@chronoengine.com', 0, 4, 78),
(96, 'Jerald Dalli', 'jdalli2n@timesonline.co.uk', 0, 1, 403),
(97, 'Melonie Clipston', 'mclipston2o@auda.org.au', 0, 5, 365),
(98, 'Price Lord', 'plord2p@posterous.com', 0, 4, 394),
(99, 'Valli Trussell', 'vtrussell2q@feedburner.com', 0, 3, 393),
(100, 'Alfie Legon', 'alegon2r@earthlink.net', 0, 1, 383),
(101, 'Sheelagh Wedderburn', 'swedderburn2s@purevolume.com', 0, 3, 52),
(102, 'Briny Guilloton', 'bguilloton2t@reference.com', 0, 4, 410),
(103, 'Briano Rosenkranc', 'brosenkranc2u@slashdot.org', 0, 1, 80),
(104, 'Pip Sayre', 'psayre2v@last.fm', 0, 1, 237),
(105, 'Rorke De Hoogh', 'rde2w@scientificamerican.com', 0, 3, 21),
(106, 'Halie Meekins', 'hmeekins2x@google.de', 0, 2, 231),
(107, 'Ynez Giffaut', 'ygiffaut2y@ucoz.com', 0, 4, 98),
(108, 'Britteny Cotgrove', 'bcotgrove2z@twitter.com', 0, 5, 368),
(109, 'Johnette Elix', 'jelix30@prlog.org', 0, 1, 50),
(110, 'Garnette Acheson', 'gacheson31@marketwatch.com', 0, 3, 292),
(111, 'Hayes Upfold', 'hupfold32@github.com', 0, 5, 274),
(112, 'Kary Denyer', 'kdenyer33@house.gov', 0, 3, 134),
(113, 'Thacher Tregoning', 'ttregoning34@jimdo.com', 0, 3, 358),
(114, 'Griffin Matkin', 'gmatkin35@barnesandnoble.com', 0, 3, 341),
(115, 'Jazmin Worcester', 'jworcester36@rambler.ru', 0, 4, 79),
(116, 'Vincenz Lippiett', 'vlippiett37@jiathis.com', 0, 2, 476),
(117, 'Randee Brittan', 'rbrittan38@amazon.co.jp', 0, 1, 331),
(118, 'Hinda Anchor', 'hanchor39@fastcompany.com', 0, 2, 250),
(119, 'Colby Piscopello', 'cpiscopello3a@geocities.jp', 0, 4, 25),
(120, 'Iain Norssister', 'inorssister3b@tumblr.com', 0, 4, 437),
(121, 'Miner Cottel', 'mcottel3c@foxnews.com', 0, 1, 73),
(122, 'Baron Duxbarry', 'bduxbarry3d@ning.com', 0, 2, 72),
(123, 'Felizio Padgham', 'fpadgham3e@is.gd', 0, 4, 16),
(124, 'Bary Yglesia', 'byglesia3f@reverbnation.com', 0, 3, 295),
(125, 'Cordie Wain', 'cwain3g@dailymotion.com', 0, 2, 274),
(126, 'Marlin Peltzer', 'mpeltzer3h@geocities.jp', 0, 3, 341),
(127, 'Bernadene Lapsley', 'blapsley3i@ted.com', 0, 4, 492),
(128, 'Mirabel Troyes', 'mtroyes3j@rediff.com', 0, 4, 342),
(129, 'Rickie Jovicic', 'rjovicic3k@icio.us', 0, 5, 308),
(130, 'Gilburt De la Yglesia', 'gde3l@geocities.jp', 0, 5, 295),
(131, 'Dorian Sasser', 'dsasser3m@networksolutions.com', 0, 4, 158),
(132, 'Noe Piatkow', 'npiatkow3n@csmonitor.com', 0, 5, 301),
(133, 'Matthias Postan', 'mpostan3o@marketwatch.com', 0, 4, 482),
(134, 'Averill Dando', 'adando3p@thetimes.co.uk', 0, 3, 258),
(135, 'Cash Barkshire', 'cbarkshire3q@paginegialle.it', 0, 3, 331),
(136, 'Timmy Cotte', 'tcotte3r@kickstarter.com', 0, 4, 28),
(137, 'Verney Dorow', 'vdorow3s@mozilla.org', 0, 2, 269),
(138, 'Lizabeth Spurritt', 'lspurritt3t@statcounter.com', 0, 3, 246),
(139, 'Teirtza Benedikt', 'tbenedikt3u@apple.com', 0, 5, 9),
(140, 'Ferguson Attard', 'fattard3v@samsung.com', 0, 3, 61),
(141, 'Thekla Garlee', 'tgarlee3w@digg.com', 0, 5, 128),
(142, 'Milty Snarr', 'msnarr3x@ucsd.edu', 0, 2, 385),
(143, 'Maye Iacobini', 'miacobini3y@youku.com', 0, 2, 397),
(144, 'Rubina Calow', 'rcalow3z@comcast.net', 0, 4, 48),
(145, 'Iris Tull', 'itull40@mozilla.com', 0, 3, 64),
(146, 'Nelle McCay', 'nmccay41@paginegialle.it', 0, 4, 479),
(147, 'Olympia Cars', 'ocars42@fc2.com', 0, 2, 24),
(148, 'Christopher Meins', 'cmeins43@illinois.edu', 0, 1, 205),
(149, 'Emile Densun', 'edensun44@ow.ly', 0, 5, 154),
(150, 'Jacob Bannell', 'jbannell45@wikia.com', 0, 3, 260),
(151, 'Salomon Keele', 'skeele46@noaa.gov', 0, 2, 210),
(152, 'Claudian Bindley', 'cbindley47@geocities.com', 0, 3, 301),
(153, 'Laurie Dahlberg', 'ldahlberg48@nifty.com', 0, 2, 123),
(154, 'Benetta Undrell', 'bundrell49@networksolutions.com', 0, 4, 182),
(155, 'Andrea Sellars', 'asellars4a@opera.com', 0, 3, 183),
(156, 'Henka Lamblin', 'hlamblin4b@go.com', 0, 1, 259),
(157, 'Adella Scheu', 'ascheu4c@nhs.uk', 0, 3, 125),
(158, 'Wallace Crossthwaite', 'wcrossthwaite4d@ameblo.jp', 0, 2, 248),
(159, 'Jakie Ventham', 'jventham4e@ca.gov', 0, 5, 365),
(160, 'Hyacinth Ishak', 'hishak4f@deviantart.com', 0, 5, 427),
(161, 'Kittie Beevers', 'kbeevers4g@mit.edu', 0, 5, 395),
(162, 'Lulita Boydon', 'lboydon4h@constantcontact.com', 0, 5, 330),
(163, 'Gill Papps', 'gpapps4i@xrea.com', 0, 3, 324),
(164, 'Gleda Sorro', 'gsorro4j@theguardian.com', 0, 5, 254),
(165, 'Sonnie Connop', 'sconnop4k@posterous.com', 0, 4, 90),
(166, 'Willabella Rennebeck', 'wrennebeck4l@wordpress.org', 0, 5, 111),
(167, 'Merrili Leneve', 'mleneve4m@biglobe.ne.jp', 0, 3, 360),
(168, 'Jedidiah Fireman', 'jfireman4n@studiopress.com', 0, 4, 141),
(169, 'Kip Castletine', 'kcastletine4o@studiopress.com', 0, 4, 337),
(170, 'Loree Jeenes', 'ljeenes4p@newyorker.com', 0, 1, 47),
(171, 'Cherish Gumbley', 'cgumbley4q@blogspot.com', 0, 1, 251),
(172, 'Bryana Thirst', 'bthirst4r@phpbb.com', 0, 1, 306),
(173, 'Maje Gaye', 'mgaye4s@yellowpages.com', 0, 5, 192),
(174, 'Sibylla Albery', 'salbery4t@pinterest.com', 0, 1, 296),
(175, 'Claresta Scawn', 'cscawn4u@livejournal.com', 0, 2, 483),
(176, 'Panchito Learmouth', 'plearmouth4v@addtoany.com', 0, 2, 52),
(177, 'Terrell Corzon', 'tcorzon4w@last.fm', 0, 2, 393),
(178, 'Austin Sainsberry', 'asainsberry4x@cnbc.com', 0, 5, 375),
(179, 'Carlene Walford', 'cwalford4y@mysql.com', 0, 5, 499),
(180, 'Humbert Hopkins', 'hhopkins4z@mediafire.com', 0, 1, 146),
(181, 'Link Foukx', 'lfoukx50@tiny.cc', 0, 3, 93),
(182, 'Rodrique Raffon', 'rraffon51@simplemachines.org', 0, 2, 135),
(183, 'Anica Littleproud', 'alittleproud52@w3.org', 0, 2, 318),
(184, 'Barbara Croal', 'bcroal53@webeden.co.uk', 0, 1, 216),
(185, 'Yorke Gascone', 'ygascone54@aboutads.info', 0, 5, 335),
(186, 'Vinson Bucktrout', 'vbucktrout55@bizjournals.com', 0, 5, 214),
(187, 'Rosamond Sansbury', 'rsansbury56@gmpg.org', 0, 5, 420),
(188, 'Nobie Thomkins', 'nthomkins57@ycombinator.com', 0, 3, 201),
(189, 'Aloise Woodus', 'awoodus58@yahoo.com', 0, 1, 337),
(190, 'Cassie Torpie', 'ctorpie59@statcounter.com', 0, 3, 163),
(191, 'Porter Wonfar', 'pwonfar5a@rediff.com', 0, 4, 348),
(192, 'Wanids Ridsdell', 'wridsdell5b@surveymonkey.com', 0, 1, 322),
(193, 'Griff Denisyev', 'gdenisyev5c@goo.gl', 0, 4, 202),
(194, 'Emmanuel Hugin', 'ehugin5d@webeden.co.uk', 0, 4, 364),
(195, 'Norbert Rosellini', 'nrosellini5e@sciencedaily.com', 0, 2, 444),
(196, 'Morgen Thrower', 'mthrower5f@over-blog.com', 0, 4, 47),
(197, 'Jud Jentzsch', 'jjentzsch5g@tuttocitta.it', 0, 4, 403),
(198, 'Lorettalorna Balme', 'lbalme5h@google.com.br', 0, 2, 42),
(199, 'Kara-lynn Whale', 'kwhale5i@walmart.com', 0, 4, 53),
(200, 'Gisella Daborn', 'gdaborn5j@macromedia.com', 0, 4, 140),
(201, 'Kelsey Marshal', 'kmarshal5k@omniture.com', 0, 4, 465),
(202, 'Joelynn Anthoin', 'janthoin5l@cnbc.com', 0, 1, 206),
(203, 'Larry Slowey', 'lslowey5m@msn.com', 0, 3, 54),
(204, 'Nanny Bercevelo', 'nbercevelo5n@unesco.org', 0, 3, 344),
(205, 'Batholomew Decayette', 'bdecayette5o@nih.gov', 0, 3, 490),
(206, 'Janice Kuhnert', 'jkuhnert5p@hostgator.com', 0, 5, 367),
(207, 'Nadean Trenbay', 'ntrenbay5q@chron.com', 0, 3, 132),
(208, 'Alfi Markham', 'amarkham5r@reddit.com', 0, 3, 481),
(209, 'Fenelia De Cruz', 'fde5s@squarespace.com', 0, 1, 227),
(210, 'Gar Pendre', 'gpendre5t@blogs.com', 0, 1, 298),
(211, 'Dilan Degoey', 'ddegoey5u@mashable.com', 0, 2, 369),
(212, 'Teri Messier', 'tmessier5v@51.la', 0, 4, 251),
(213, 'Donny Kingaby', 'dkingaby5w@webnode.com', 0, 2, 477),
(214, 'Zandra Cheer', 'zcheer5x@is.gd', 0, 4, 84),
(215, 'Sheridan Roney', 'sroney5y@latimes.com', 0, 2, 31),
(216, 'Augustin Danielli', 'adanielli5z@sakura.ne.jp', 0, 4, 257),
(217, 'Kira Shearman', 'kshearman60@etsy.com', 0, 4, 327),
(218, 'Mar Jedraszek', 'mjedraszek61@imgur.com', 0, 4, 173),
(219, 'Rafael Dunge', 'rdunge62@eventbrite.com', 0, 2, 198),
(220, 'Ingram Keech', 'ikeech63@yelp.com', 0, 5, 124),
(221, 'Constancia Shegog', 'cshegog64@nhs.uk', 0, 5, 484),
(222, 'Marris Comben', 'mcomben65@sohu.com', 0, 1, 213),
(223, 'Rayner Frobisher', 'rfrobisher66@pbs.org', 0, 2, 69),
(224, 'Dietrich Di Francecshi', 'ddi67@boston.com', 0, 1, 378),
(225, 'Marchelle Juckes', 'mjuckes68@ft.com', 0, 1, 206),
(226, 'Carmon Byneth', 'cbyneth69@arstechnica.com', 0, 4, 75),
(227, 'Durand Letts', 'dletts6a@ted.com', 0, 2, 64),
(228, 'Mordy McCard', 'mmccard6b@techcrunch.com', 0, 3, 164),
(229, 'Charles Masdon', 'cmasdon6c@tamu.edu', 0, 2, 476),
(230, 'Marve Melton', 'mmelton6d@addthis.com', 0, 1, 194),
(231, 'Rhodia Rollason', 'rrollason6e@cbsnews.com', 0, 3, 104),
(232, 'Lenora Kittless', 'lkittless6f@baidu.com', 0, 3, 172),
(233, 'Pincus Meneghelli', 'pmeneghelli6g@abc.net.au', 0, 5, 205),
(234, 'Gordy Jupe', 'gjupe6h@virginia.edu', 0, 2, 400),
(235, 'Carmina Gerdts', 'cgerdts6i@blogs.com', 0, 1, 378),
(236, 'Barbey Rainville', 'brainville6j@people.com.cn', 0, 1, 61),
(237, 'Alvira Sandlin', 'asandlin6k@sciencedaily.com', 0, 2, 478),
(238, 'Marshal Campos', 'mcampos6l@xing.com', 0, 2, 262),
(239, 'Ardella Haynesford', 'ahaynesford6m@nymag.com', 0, 4, 207),
(240, 'Conrade Churms', 'cchurms6n@stanford.edu', 0, 4, 39),
(241, 'Faulkner Shillabeer', 'fshillabeer6o@yolasite.com', 0, 5, 41),
(242, 'Warde Summerlie', 'wsummerlie6p@discuz.net', 0, 1, 449),
(243, 'Romola Murison', 'rmurison6q@cbslocal.com', 0, 2, 341),
(244, 'Judas Harmar', 'jharmar6r@fotki.com', 0, 5, 140),
(245, 'Borden McLoughlin', 'bmcloughlin6s@craigslist.org', 0, 3, 338),
(246, 'Zsa zsa Trunby', 'zzsa6t@a8.net', 0, 2, 299),
(247, 'Abie Jovicevic', 'ajovicevic6u@alexa.com', 0, 5, 297),
(248, 'Flor Coutthart', 'fcoutthart6v@pinterest.com', 0, 5, 260),
(249, 'Hunter Santacrole', 'hsantacrole6w@xrea.com', 0, 3, 297),
(250, 'Kikelia Whittall', 'kwhittall6x@ft.com', 0, 1, 327),
(251, 'Marita Kiln', 'mkiln6y@marriott.com', 0, 3, 301),
(252, 'Batsheva Delaprelle', 'bdelaprelle6z@buzzfeed.com', 0, 3, 77),
(253, 'Berkie Shoard', 'bshoard70@narod.ru', 0, 5, 484),
(254, 'Lurline Lindmark', 'llindmark71@wikimedia.org', 0, 2, 188),
(255, 'Gideon Danilenko', 'gdanilenko72@shop-pro.jp', 0, 3, 104),
(256, 'Davy Tommaseo', 'dtommaseo73@fc2.com', 0, 1, 266),
(257, 'Rakel Wylder', 'rwylder74@techcrunch.com', 0, 5, 151),
(258, 'Serge Baynon', 'sbaynon75@123-reg.co.uk', 0, 3, 379),
(259, 'Dani Delves', 'ddelves76@mayoclinic.com', 0, 1, 155),
(260, 'Gram O\'Sculley', 'gosculley77@usgs.gov', 0, 1, 243),
(261, 'Lorena Mapson', 'lmapson78@histats.com', 0, 5, 375),
(262, 'Silvia Inker', 'sinker79@forbes.com', 0, 3, 35),
(263, 'Jocelyn Conklin', 'jconklin7a@vistaprint.com', 0, 3, 184),
(264, 'Ransell Benini', 'rbenini7b@google.com.au', 0, 2, 338),
(265, 'Richy Fiorentino', 'rfiorentino7c@indiatimes.com', 0, 5, 408),
(266, 'Ivie Moffet', 'imoffet7d@deviantart.com', 0, 1, 23),
(267, 'Joachim Bunclark', 'jbunclark7e@salon.com', 0, 5, 467),
(268, 'Gennie Pikett', 'gpikett7f@miitbeian.gov.cn', 0, 3, 468),
(269, 'Adore Gowanson', 'agowanson7g@home.pl', 0, 3, 128),
(270, 'Marcie Pamment', 'mpamment7h@cdbaby.com', 0, 1, 303),
(271, 'Viv Masseo', 'vmasseo7i@about.me', 0, 5, 67),
(272, 'Ilise Kitteringham', 'ikitteringham7j@who.int', 0, 2, 73),
(273, 'Carmencita Kleinbaum', 'ckleinbaum7k@mayoclinic.com', 0, 4, 152),
(274, 'Saxon Schulkins', 'sschulkins7l@deviantart.com', 0, 4, 53),
(275, 'Salmon Hunstone', 'shunstone7m@jalbum.net', 0, 1, 267),
(276, 'Cirillo Daughtrey', 'cdaughtrey7n@yale.edu', 0, 4, 318),
(277, 'Hadrian Fenge', 'hfenge7o@accuweather.com', 0, 3, 286),
(278, 'Richy Billyard', 'rbillyard7p@unesco.org', 0, 4, 112),
(279, 'Klement Andrews', 'kandrews7q@epa.gov', 0, 2, 175),
(280, 'Sayre Taks', 'staks7r@opensource.org', 0, 3, 474),
(281, 'Franni Madrell', 'fmadrell7s@skyrock.com', 0, 3, 267),
(282, 'Kain Cohalan', 'kcohalan7t@trellian.com', 0, 2, 32),
(283, 'Sonny Heale', 'sheale7u@bravesites.com', 0, 5, 331),
(284, 'Risa Dubble', 'rdubble7v@census.gov', 0, 5, 375),
(285, 'Michel Perry', 'mperry7w@washingtonpost.com', 0, 4, 321),
(286, 'Tori Weedon', 'tweedon7x@slashdot.org', 0, 4, 121),
(287, 'Lacey Athersmith', 'lathersmith7y@hostgator.com', 0, 5, 336),
(288, 'Jarad Clemerson', 'jclemerson7z@deliciousdays.com', 0, 3, 82),
(289, 'Ronna Stiegar', 'rstiegar80@un.org', 0, 4, 382),
(290, 'Helga Goudman', 'hgoudman81@joomla.org', 0, 5, 262),
(291, 'Beulah D\'Costa', 'bdcosta82@infoseek.co.jp', 0, 3, 99),
(292, 'Johan Worsnap', 'jworsnap83@parallels.com', 0, 4, 295),
(293, 'Clayson Andreia', 'candreia84@so-net.ne.jp', 0, 2, 360),
(294, 'Andrea Lergan', 'alergan85@omniture.com', 0, 4, 443),
(295, 'Deonne Penke', 'dpenke86@wordpress.org', 0, 5, 240),
(296, 'Tootsie Grooby', 'tgrooby87@51.la', 0, 2, 154),
(297, 'Rianon Timmins', 'rtimmins88@who.int', 0, 3, 385),
(298, 'Cherish Pitceathly', 'cpitceathly89@symantec.com', 0, 2, 301),
(299, 'Pepito Di Pietro', 'pdi8a@i2i.jp', 0, 1, 229),
(300, 'Wileen Spurret', 'wspurret8b@google.com.br', 0, 5, 241),
(301, 'Gustavo Pusey', 'gpusey8c@usatoday.com', 0, 2, 40),
(302, 'Frannie Lehrmann', 'flehrmann8d@yahoo.co.jp', 0, 3, 178),
(303, 'Marcellus Tickel', 'mtickel8e@alexa.com', 0, 3, 311),
(304, 'Klara Ofener', 'kofener8f@fema.gov', 0, 1, 92),
(305, 'Phaidra Stranahan', 'pstranahan8g@blogtalkradio.com', 0, 2, 426),
(306, 'Susann Mycock', 'smycock8h@addtoany.com', 0, 2, 133),
(307, 'Mariel Dagon', 'mdagon8i@furl.net', 0, 5, 237),
(308, 'Roger Sheehan', 'rsheehan8j@macromedia.com', 0, 3, 308),
(309, 'Fiorenze Baythorp', 'fbaythorp8k@salon.com', 0, 4, 438),
(310, 'Dominick Lysons', 'dlysons8l@mashable.com', 0, 4, 262),
(311, 'Tanny Warwicker', 'twarwicker8m@shareasale.com', 0, 3, 402),
(312, 'Linette Lavallie', 'llavallie8n@cocolog-nifty.com', 0, 2, 334),
(313, 'Shawna Rugge', 'srugge8o@newsvine.com', 0, 5, 41),
(314, 'Brendan Graddell', 'bgraddell8p@google.ru', 0, 5, 107),
(315, 'Verne O\'Rourke', 'vorourke8q@twitpic.com', 0, 4, 14),
(316, 'Jo-ann Palluschek', 'jpalluschek8r@blinklist.com', 0, 4, 221),
(317, 'Kristine Jennions', 'kjennions8s@google.it', 0, 2, 329),
(318, 'Rolando Minster', 'rminster8t@phpbb.com', 0, 3, 218),
(319, 'Jose Varey', 'jvarey8u@springer.com', 0, 3, 69),
(320, 'Hew Passmore', 'hpassmore8v@prweb.com', 0, 5, 429),
(321, 'Hunter Snoxell', 'hsnoxell8w@spotify.com', 0, 4, 222),
(322, 'Thomasine Morison', 'tmorison8x@bravesites.com', 0, 1, 417),
(323, 'Gerek Barstock', 'gbarstock8y@mapquest.com', 0, 5, 46),
(324, 'Sashenka Bever', 'sbever8z@clickbank.net', 0, 4, 279),
(325, 'Renaud Hilbourne', 'rhilbourne90@cdc.gov', 0, 4, 499),
(326, 'Webb Effnert', 'weffnert91@upenn.edu', 0, 4, 183),
(327, 'Burnaby Sokill', 'bsokill92@netscape.com', 0, 3, 365),
(328, 'Monah Rymour', 'mrymour93@buzzfeed.com', 0, 3, 14),
(329, 'Gerhardt Gillanders', 'ggillanders94@reuters.com', 0, 3, 177),
(330, 'Efrem Baake', 'ebaake95@delicious.com', 0, 5, 486),
(331, 'Vivien Flook', 'vflook96@imdb.com', 0, 5, 87),
(332, 'Kalie Phetteplace', 'kphetteplace97@soup.io', 0, 5, 150),
(333, 'Arie Pemberton', 'apemberton98@123-reg.co.uk', 0, 3, 333),
(334, 'Elberta Motherwell', 'emotherwell99@networksolutions.com', 0, 3, 11),
(335, 'Addy Alsford', 'aalsford9a@com.com', 0, 1, 134),
(336, 'Clemens Sterricker', 'csterricker9b@howstuffworks.com', 0, 4, 425),
(337, 'Bren Verrechia', 'bverrechia9c@amazon.co.uk', 0, 2, 93),
(338, 'Regine Knock', 'rknock9d@apache.org', 0, 5, 118),
(339, 'Lelah Janczak', 'ljanczak9e@oracle.com', 0, 5, 214),
(340, 'Rickard Keegan', 'rkeegan9f@nymag.com', 0, 1, 82),
(341, 'Alfreda Whytock', 'awhytock9g@economist.com', 0, 2, 137),
(342, 'Sallyann McTurley', 'smcturley9h@usatoday.com', 0, 2, 135),
(343, 'Darline Swannack', 'dswannack9i@icio.us', 0, 3, 481),
(344, 'Jocko Hasard', 'jhasard9j@yahoo.com', 0, 3, 60),
(345, 'Corissa Lofting', 'clofting9k@yale.edu', 0, 5, 333),
(346, 'Olia Rolinson', 'orolinson9l@icio.us', 0, 5, 391),
(347, 'Rudolf McLeish', 'rmcleish9m@ehow.com', 0, 3, 375),
(348, 'Jyoti Lownes', 'jlownes9n@ezinearticles.com', 0, 1, 144),
(349, 'Butch Fairhead', 'bfairhead9o@cornell.edu', 0, 1, 439),
(350, 'Artemis McWhirter', 'amcwhirter9p@digg.com', 0, 5, 228),
(351, 'Ertha Haymes', 'ehaymes9q@networksolutions.com', 0, 5, 400),
(352, 'Mordecai Secret', 'msecret9r@whitehouse.gov', 0, 1, 449),
(353, 'Garvin Crumby', 'gcrumby9s@harvard.edu', 0, 5, 481),
(354, 'Bob Brion', 'bbrion9t@nsw.gov.au', 0, 1, 460),
(355, 'Mirella Winslett', 'mwinslett9u@nymag.com', 0, 2, 98),
(356, 'Todd Sheals', 'tsheals9v@1und1.de', 0, 5, 474),
(357, 'Sherie Suddick', 'ssuddick9w@exblog.jp', 0, 2, 340),
(358, 'Richmond Gethouse', 'rgethouse9x@amazon.co.uk', 0, 1, 251),
(359, 'Eugenia Kellaway', 'ekellaway9y@huffingtonpost.com', 0, 5, 151),
(360, 'Jecho Annett', 'jannett9z@odnoklassniki.ru', 0, 5, 241),
(361, 'Felicdad Gueinn', 'fgueinna0@amazonaws.com', 0, 4, 423),
(362, 'Anderea Ryles', 'arylesa1@soup.io', 0, 1, 465),
(363, 'Martina Goodings', 'mgoodingsa2@wunderground.com', 0, 5, 348),
(364, 'Rikki Huggen', 'rhuggena3@gizmodo.com', 0, 4, 324),
(365, 'Torry Balazot', 'tbalazota4@scribd.com', 0, 5, 302),
(366, 'Michale Stegel', 'mstegela5@about.com', 0, 4, 496),
(367, 'Ailbert Aldgate', 'aaldgatea6@fotki.com', 0, 3, 207),
(368, 'Rickard Jouning', 'rjouninga7@dailymotion.com', 0, 5, 226),
(369, 'Concettina Greguoli', 'cgreguolia8@elpais.com', 0, 3, 392),
(370, 'Harald Linning', 'hlinninga9@t-online.de', 0, 2, 156),
(371, 'Fee Golly', 'fgollyaa@furl.net', 0, 1, 81),
(372, 'Hasty Cunney', 'hcunneyab@woothemes.com', 0, 4, 164),
(373, 'Isis Mepsted', 'imepstedac@apache.org', 0, 4, 280),
(374, 'Hamel MacSweeney', 'hmacsweeneyad@wikia.com', 0, 4, 65),
(375, 'Fidelia Mechell', 'fmechellae@topsy.com', 0, 4, 398),
(376, 'Caty Godbert', 'cgodbertaf@csmonitor.com', 0, 4, 18),
(377, 'Artur Tomanek', 'atomanekag@mediafire.com', 0, 5, 251),
(378, 'Tera Hayth', 'thaythah@youku.com', 0, 3, 404),
(379, 'Noelyn Diplock', 'ndiplockai@boston.com', 0, 1, 330),
(380, 'Cly Cakes', 'ccakesaj@flavors.me', 0, 1, 38),
(381, 'Estevan Cove', 'ecoveak@123-reg.co.uk', 0, 4, 235),
(382, 'Kain Nineham', 'kninehamal@woothemes.com', 0, 5, 99),
(383, 'Philomena Baptie', 'pbaptieam@simplemachines.org', 0, 3, 186),
(384, 'Nichols Swatheridge', 'nswatheridgean@surveymonkey.com', 0, 3, 278),
(385, 'Garreth Fetherston', 'gfetherstonao@last.fm', 0, 4, 85),
(386, 'Kim Shall', 'kshallap@ed.gov', 0, 1, 174),
(387, 'Lancelot Edler', 'ledleraq@wix.com', 0, 1, 375),
(388, 'Gerick Auckland', 'gaucklandar@bigcartel.com', 0, 2, 394),
(389, 'Noelle Pridgeon', 'npridgeonas@diigo.com', 0, 1, 278),
(390, 'Annie Kern', 'akernat@google.nl', 0, 3, 158),
(391, 'Adey Jeannaud', 'ajeannaudau@cpanel.net', 0, 4, 480),
(392, 'Seymour Edelston', 'sedelstonav@photobucket.com', 0, 5, 183),
(393, 'Isidro Fishleigh', 'ifishleighaw@yelp.com', 0, 4, 395),
(394, 'Loria Cashley', 'lcashleyax@miibeian.gov.cn', 0, 5, 257),
(395, 'Riane Gajownik', 'rgajownikay@moonfruit.com', 0, 2, 116),
(396, 'Lanie Marquese', 'lmarqueseaz@aol.com', 0, 3, 61),
(397, 'Davis Rheam', 'drheamb0@microsoft.com', 0, 4, 416),
(398, 'Murial Hattersley', 'mhattersleyb1@discovery.com', 0, 5, 156),
(399, 'Axel Scapelhorn', 'ascapelhornb2@google.com.hk', 0, 3, 276),
(400, 'Norry Pollastrino', 'npollastrinob3@addtoany.com', 0, 4, 487),
(401, 'Cornelle Gladbeck', 'cgladbeckb4@toplist.cz', 0, 4, 468),
(402, 'Malva Tyrrell', 'mtyrrellb5@vistaprint.com', 0, 5, 482),
(403, 'Madelyn Chiplin', 'mchiplinb6@issuu.com', 0, 2, 297),
(404, 'Philbert Duigenan', 'pduigenanb7@zimbio.com', 0, 4, 203),
(405, 'Raynard Blakelock', 'rblakelockb8@facebook.com', 0, 1, 118),
(406, 'Gwyn Slee', 'gsleeb9@elegantthemes.com', 0, 3, 50),
(407, 'Veronike Frensche', 'vfrenscheba@washington.edu', 0, 1, 116),
(408, 'Cacilie Pudding', 'cpuddingbb@booking.com', 0, 4, 433),
(409, 'Jo-anne Olpin', 'jolpinbc@yelp.com', 0, 5, 148),
(410, 'Grenville Dadswell', 'gdadswellbd@mayoclinic.com', 0, 5, 241),
(411, 'Kermit Dybell', 'kdybellbe@fc2.com', 0, 4, 360),
(412, 'Elisabetta Dullard', 'edullardbf@blogspot.com', 0, 2, 375),
(413, 'Genevieve Greated', 'ggreatedbg@umich.edu', 0, 3, 109),
(414, 'Milicent Faltin', 'mfaltinbh@ucsd.edu', 0, 5, 190),
(415, 'Jimmy Garrity', 'jgarritybi@kickstarter.com', 0, 5, 218),
(416, 'Stace Henzley', 'shenzleybj@typepad.com', 0, 2, 489),
(417, 'Annetta Cuberley', 'acuberleybk@parallels.com', 0, 1, 13),
(418, 'Elka Cuppitt', 'ecuppittbl@nasa.gov', 0, 4, 141),
(419, 'Hercules Kynd', 'hkyndbm@ning.com', 0, 3, 428),
(420, 'Bentley Lahive', 'blahivebn@seattletimes.com', 0, 2, 253),
(421, 'Osborne Emer', 'oemerbo@linkedin.com', 0, 4, 94),
(422, 'Fernanda Emburey', 'fembureybp@edublogs.org', 0, 3, 42),
(423, 'Karlik MacCafferky', 'kmaccafferkybq@storify.com', 0, 5, 179),
(424, 'Agna Yourell', 'ayourellbr@globo.com', 0, 4, 298),
(425, 'Deonne Huxtable', 'dhuxtablebs@apple.com', 0, 1, 470),
(426, 'Nikolas Torrisi', 'ntorrisibt@macromedia.com', 0, 5, 299),
(427, 'Casandra Brunn', 'cbrunnbu@elpais.com', 0, 4, 232),
(428, 'Jephthah Kasparski', 'jkasparskibv@state.tx.us', 0, 4, 430),
(429, 'Candide Kynder', 'ckynderbw@oakley.com', 0, 4, 91),
(430, 'Nikos Hilbourne', 'nhilbournebx@wp.com', 0, 2, 67),
(431, 'Kissie Warbrick', 'kwarbrickby@cnn.com', 0, 2, 387),
(432, 'Dev Nelthropp', 'dnelthroppbz@amazon.com', 0, 4, 353),
(433, 'Abagael Kyndred', 'akyndredc0@wikispaces.com', 0, 4, 51),
(434, 'Emilia Wellbank', 'ewellbankc1@cbslocal.com', 0, 2, 352),
(435, 'Babara Orviss', 'borvissc2@etsy.com', 0, 1, 245),
(436, 'Silvana Brand-Hardy', 'sbrandhardyc3@craigslist.org', 0, 1, 197),
(437, 'Candida Bodega', 'cbodegac4@dell.com', 0, 4, 417),
(438, 'Philip Cayser', 'pcayserc5@elpais.com', 0, 5, 70),
(439, 'Shayna Haggata', 'shaggatac6@independent.co.uk', 0, 4, 382),
(440, 'Rorke McNeigh', 'rmcneighc7@altervista.org', 0, 4, 447),
(441, 'Loella Patience', 'lpatiencec8@nhs.uk', 0, 4, 274),
(442, 'Ari Cundey', 'acundeyc9@wufoo.com', 0, 4, 88),
(443, 'Leif Cordero', 'lcorderoca@fotki.com', 0, 5, 124),
(444, 'Willi Landreth', 'wlandrethcb@gizmodo.com', 0, 4, 140),
(445, 'Babbie Rault', 'braultcc@shop-pro.jp', 0, 3, 253),
(446, 'Webb Bulstrode', 'wbulstrodecd@springer.com', 0, 1, 19),
(447, 'Rena Aviss', 'ravissce@tumblr.com', 0, 5, 76),
(448, 'Danya Antonich', 'dantonichcf@gnu.org', 0, 5, 226),
(449, 'Lowell Top', 'ltopcg@amazon.co.jp', 0, 5, 100),
(450, 'Jessalyn Laffin', 'jlaffinch@xing.com', 0, 1, 212),
(451, 'Marci Yewdale', 'myewdaleci@rakuten.co.jp', 0, 2, 190),
(452, 'Gregorio Praten', 'gpratencj@biblegateway.com', 0, 1, 280),
(453, 'Collin Thomazet', 'cthomazetck@arizona.edu', 0, 5, 158),
(454, 'Dru Bartos', 'dbartoscl@cornell.edu', 0, 4, 465),
(455, 'Modestia Pietrzak', 'mpietrzakcm@tumblr.com', 0, 1, 63),
(456, 'Iago Gregoretti', 'igregoretticn@thetimes.co.uk', 0, 4, 74),
(457, 'Abramo Cogin', 'acoginco@hibu.com', 0, 1, 47),
(458, 'Mozes Vasiliu', 'mvasiliucp@networkadvertising.org', 0, 2, 219),
(459, 'Shaine Worsley', 'sworsleycq@hc360.com', 0, 3, 127),
(460, 'Jeanelle Tute', 'jtutecr@harvard.edu', 0, 5, 315),
(461, 'Hannis Eland', 'helandcs@zdnet.com', 0, 4, 297),
(462, 'Lia Pinkerton', 'lpinkertonct@mac.com', 0, 4, 35),
(463, 'Maryl Maymond', 'mmaymondcu@cbslocal.com', 0, 5, 303),
(464, 'Ezri Bettenson', 'ebettensoncv@craigslist.org', 0, 3, 177),
(465, 'Sibelle Petrello', 'spetrellocw@disqus.com', 0, 1, 347),
(466, 'Nerita Crannis', 'ncranniscx@netvibes.com', 0, 1, 406),
(467, 'Veda Helwig', 'vhelwigcy@drupal.org', 0, 2, 258),
(468, 'Dorey Kelemen', 'dkelemencz@parallels.com', 0, 5, 82),
(469, 'Lynne Vassel', 'lvasseld0@google.co.uk', 0, 4, 65),
(470, 'Lavinia Casillis', 'lcasillisd1@sakura.ne.jp', 0, 5, 170),
(471, 'Ced Cassimer', 'ccassimerd2@dion.ne.jp', 0, 4, 234),
(472, 'Alistair Feary', 'afearyd3@instagram.com', 0, 3, 21),
(473, 'Steffane Dain', 'sdaind4@blogtalkradio.com', 0, 5, 162),
(474, 'Shirlee Leither', 'sleitherd5@rediff.com', 0, 2, 244),
(475, 'Bernarr Jindrich', 'bjindrichd6@alexa.com', 0, 5, 336),
(476, 'Correy Alf', 'calfd7@sogou.com', 0, 2, 245),
(477, 'Suellen Ginnelly', 'sginnellyd8@cyberchimps.com', 0, 4, 16),
(478, 'Adela Stampe', 'astamped9@dot.gov', 0, 5, 405),
(479, 'Rufe Baish', 'rbaishda@hc360.com', 0, 3, 153),
(480, 'Adan Anslow', 'aanslowdb@nih.gov', 0, 4, 67),
(481, 'Shannah Matovic', 'smatovicdc@deviantart.com', 0, 4, 270),
(482, 'Vevay M\'Quharg', 'vmquhargdd@xinhuanet.com', 0, 5, 170),
(483, 'Jannelle Osboldstone', 'josboldstonede@about.com', 0, 2, 318),
(484, 'Sheff Flavelle', 'sflavelledf@seesaa.net', 0, 2, 248),
(485, 'Sybil Harhoff', 'sharhoffdg@about.me', 0, 1, 91),
(486, 'Joana Mecozzi', 'jmecozzidh@rambler.ru', 0, 1, 166),
(487, 'Marcel Challenor', 'mchallenordi@woothemes.com', 0, 5, 106),
(488, 'Sella Raspison', 'sraspisondj@netscape.com', 0, 5, 7),
(489, 'Jazmin Cranshaw', 'jcranshawdk@sitemeter.com', 0, 5, 171),
(490, 'Augusto Josselson', 'ajosselsondl@example.com', 0, 2, 226),
(491, 'Mercedes Durdan', 'mdurdandm@hc360.com', 0, 2, 286),
(492, 'Claire Bennison', 'cbennisondn@csmonitor.com', 0, 2, 272),
(493, 'Hersh Ferronier', 'hferronierdo@google.co.uk', 0, 4, 187),
(494, 'Roxi Stockell', 'rstockelldp@aboutads.info', 0, 3, 325),
(495, 'Toiboid Dhenin', 'tdhenindq@cbc.ca', 0, 3, 135),
(496, 'Marley Churms', 'mchurmsdr@dailymotion.com', 0, 3, 103),
(497, 'Nathanial Esposita', 'nespositads@yahoo.com', 0, 3, 301),
(498, 'Lynne Montez', 'lmontezdt@cbslocal.com', 0, 4, 446),
(499, 'Abagail Paley', 'apaleydu@ifeng.com', 0, 1, 85),
(500, 'Grover Tabbitt', 'gtabbittdv@scientificamerican.com', 0, 2, 200),
(501, 'Nissy Baccus', 'nbaccusdw@live.com', 0, 2, 331),
(502, 'Bartholomew Tomsett', 'btomsettdx@squarespace.com', 0, 1, 158),
(503, 'Corrie Vane', 'cvanedy@usatoday.com', 0, 5, 437),
(504, 'Alberik Ulrik', 'aulrikdz@hhs.gov', 0, 3, 454),
(505, 'Dick Belvin', 'dbelvine0@netscape.com', 0, 2, 332),
(506, 'Peggi Baxill', 'pbaxille1@xinhuanet.com', 0, 3, 178),
(507, 'Delbert Castlake', 'dcastlakee2@stumbleupon.com', 0, 4, 465),
(508, 'Denice Artus', 'dartuse3@wired.com', 0, 2, 291),
(509, 'Raine Kettridge', 'rkettridgee4@reverbnation.com', 0, 5, 447),
(510, 'Marillin Snoxill', 'msnoxille5@utexas.edu', 0, 4, 438),
(511, 'Darci Loftus', 'dloftuse6@nih.gov', 0, 4, 75),
(512, 'Hayes Mease', 'hmeasee7@accuweather.com', 0, 3, 459),
(513, 'Idalia Dell \'Orto', 'idelle8@ox.ac.uk', 0, 1, 297),
(514, 'Myrtice Crowson', 'mcrowsone9@domainmarket.com', 0, 1, 177),
(515, 'Filberte Farens', 'ffarensea@webnode.com', 0, 1, 316),
(516, 'Floria Twiddell', 'ftwiddelleb@ebay.com', 0, 3, 185),
(517, 'Antone Haines', 'ahainesec@sakura.ne.jp', 0, 3, 9),
(518, 'Delmar Patching', 'dpatchinged@wix.com', 0, 1, 180),
(519, 'Hugh Pavie', 'hpavieee@imageshack.us', 0, 5, 383),
(520, 'Titus Parkhouse', 'tparkhouseef@upenn.edu', 0, 2, 396),
(521, 'Holli Flower', 'hflowereg@4shared.com', 0, 1, 78),
(522, 'Raviv Aronoff', 'raronoffeh@sphinn.com', 0, 1, 7),
(523, 'Zorina Ellacott', 'zellacottei@behance.net', 0, 5, 143),
(524, 'Koo Loddy', 'kloddyej@goodreads.com', 0, 3, 275),
(525, 'Lanny Gorgl', 'lgorglek@twitpic.com', 0, 4, 16),
(526, 'Elmira Halse', 'ehalseel@icq.com', 0, 2, 399),
(527, 'Greta Stote', 'gstoteem@biglobe.ne.jp', 0, 1, 205),
(528, 'Paulita Lambertini', 'plambertinien@prlog.org', 0, 3, 90),
(529, 'Marline Clough', 'mclougheo@wsj.com', 0, 5, 447),
(530, 'Arturo Henniger', 'ahennigerep@alibaba.com', 0, 1, 475),
(531, 'Bernhard Deverille', 'bdeverilleeq@photobucket.com', 0, 2, 482),
(532, 'Grissel Ivins', 'givinser@intel.com', 0, 5, 75),
(533, 'Elwyn McKeon', 'emckeones@cocolog-nifty.com', 0, 3, 398),
(534, 'Basile Pashe', 'bpasheet@acquirethisname.com', 0, 1, 43),
(535, 'Rowen Sudron', 'rsudroneu@twitpic.com', 0, 2, 20),
(536, 'Drusie Bagg', 'dbaggev@nationalgeographic.com', 0, 1, 100),
(537, 'Starla Matteucci', 'smatteucciew@g.co', 0, 1, 132),
(538, 'Minta Seleway', 'mselewayex@1688.com', 0, 1, 381),
(539, 'Lenci Blazynski', 'lblazynskiey@mac.com', 0, 1, 201),
(540, 'Emmalyn Cuzen', 'ecuzenez@cornell.edu', 0, 1, 247),
(541, 'Neila Whilder', 'nwhilderf0@slate.com', 0, 1, 400),
(542, 'Freida Ceely', 'fceelyf1@joomla.org', 0, 5, 168),
(543, 'Sharon Grigoryov', 'sgrigoryovf2@cbsnews.com', 0, 3, 128),
(544, 'Alberto Vance', 'avancef3@state.gov', 0, 1, 18),
(545, 'Annissa Jewar', 'ajewarf4@theatlantic.com', 0, 3, 324),
(546, 'Marylinda Rosencwaig', 'mrosencwaigf5@nasa.gov', 0, 3, 482),
(547, 'Decca Bage', 'dbagef6@free.fr', 0, 2, 103),
(548, 'Vern Kencott', 'vkencottf7@reuters.com', 0, 1, 184),
(549, 'Letta Fewell', 'lfewellf8@linkedin.com', 0, 2, 409),
(550, 'Rurik Dickin', 'rdickinf9@miibeian.gov.cn', 0, 4, 443),
(551, 'Yehudi Hexum', 'yhexumfa@squarespace.com', 0, 4, 174),
(552, 'Neill Geekie', 'ngeekiefb@sciencedirect.com', 0, 2, 110),
(553, 'Amandy Van der Daal', 'avanfc@chicagotribune.com', 0, 5, 263),
(554, 'Yvon Harler', 'yharlerfd@economist.com', 0, 1, 187),
(555, 'Stewart Bath', 'sbathfe@newyorker.com', 0, 5, 312),
(556, 'Nari Abrams', 'nabramsff@ted.com', 0, 4, 345),
(557, 'Alexia MacLleese', 'amaclleesefg@fda.gov', 0, 4, 134),
(558, 'Clara Darrell', 'cdarrellfh@ucla.edu', 0, 3, 96),
(559, 'Mona Spreag', 'mspreagfi@indiatimes.com', 0, 1, 175),
(560, 'Shaine Stoad', 'sstoadfj@opera.com', 0, 2, 160),
(561, 'Patti Kopta', 'pkoptafk@addthis.com', 0, 5, 450),
(562, 'Amelina Fasse', 'afassefl@ezinearticles.com', 0, 2, 239),
(563, 'Valentin Hadley', 'vhadleyfm@auda.org.au', 0, 2, 70),
(564, 'Melamie Rait', 'mraitfn@merriam-webster.com', 0, 3, 102),
(565, 'Agneta Anscombe', 'aanscombefo@parallels.com', 0, 5, 316),
(566, 'Hendrik Lapere', 'hlaperefp@ustream.tv', 0, 1, 401),
(567, 'Ronnica Fleury', 'rfleuryfq@abc.net.au', 0, 1, 496),
(568, 'Angie Bellenger', 'abellengerfr@slideshare.net', 0, 3, 209),
(569, 'Hodge Hallatt', 'hhallattfs@un.org', 0, 3, 339),
(570, 'Daveen Blainey', 'dblaineyft@de.vu', 0, 5, 486),
(571, 'Barris Rossbrook', 'brossbrookfu@dell.com', 0, 5, 309),
(572, 'Rolfe Galea', 'rgaleafv@bandcamp.com', 0, 5, 227),
(573, 'Terrill Birdall', 'tbirdallfw@de.vu', 0, 5, 170),
(574, 'Niko Davie', 'ndaviefx@a8.net', 0, 5, 391),
(575, 'Currie Bidder', 'cbidderfy@wufoo.com', 0, 1, 196),
(576, 'Armin Roberson', 'arobersonfz@alexa.com', 0, 4, 316),
(577, 'Nataniel Shobrook', 'nshobrookg0@t-online.de', 0, 2, 202),
(578, 'Beitris Burren', 'bburreng1@sfgate.com', 0, 5, 171),
(579, 'Lazarus Reymers', 'lreymersg2@tuttocitta.it', 0, 4, 468),
(580, 'Cordi Lahiff', 'clahiffg3@gov.uk', 0, 2, 225),
(581, 'Lindsay Driffill', 'ldriffillg4@unesco.org', 0, 2, 244),
(582, 'Sunny Janzen', 'sjanzeng5@unesco.org', 0, 3, 182),
(583, 'Fenelia Schwerin', 'fschwering6@goo.ne.jp', 0, 1, 3),
(584, 'Toddy O\' Mahony', 'tog7@webeden.co.uk', 0, 4, 136),
(585, 'Ailee de Leon', 'adeg8@phpbb.com', 0, 2, 320),
(586, 'Rochelle Whinney', 'rwhinneyg9@accuweather.com', 0, 5, 253),
(587, 'Sawyere Chat', 'schatga@kickstarter.com', 0, 5, 342),
(588, 'Nadia Dominique', 'ndominiquegb@cargocollective.com', 0, 4, 404),
(589, 'Caitrin Jesper', 'cjespergc@istockphoto.com', 0, 3, 154),
(590, 'Gerardo Warboys', 'gwarboysgd@buzzfeed.com', 0, 4, 346),
(591, 'Rich Brosius', 'rbrosiusge@woothemes.com', 0, 5, 165),
(592, 'Lane Winks', 'lwinksgf@cloudflare.com', 0, 3, 379),
(593, 'Elden Ferraraccio', 'eferraracciogg@economist.com', 0, 1, 301),
(594, 'Jamaal Trubshawe', 'jtrubshawegh@hao123.com', 0, 4, 244),
(595, 'Brunhilda Christoffersen', 'bchristoffersengi@angelfire.com', 0, 3, 403),
(596, 'Merry Corrao', 'mcorraogj@imgur.com', 0, 1, 186),
(597, 'Evvie Ingleton', 'eingletongk@home.pl', 0, 1, 435),
(598, 'Malissa Rampley', 'mrampleygl@army.mil', 0, 1, 68),
(599, 'Tim Impey', 'timpeygm@feedburner.com', 0, 2, 50),
(600, 'Karina Melly', 'kmellygn@people.com.cn', 0, 3, 42),
(601, 'Cord Maase', 'cmaasego@theglobeandmail.com', 0, 5, 191),
(602, 'Christophorus Featherstonhaugh', 'cfeatherstonhaughgp@jiathis.com', 0, 5, 358),
(603, 'Minny Scargill', 'mscargillgq@shop-pro.jp', 0, 4, 111),
(604, 'Heywood Liles', 'hlilesgr@digg.com', 0, 3, 495),
(605, 'Iggy Shakshaft', 'ishakshaftgs@psu.edu', 0, 2, 432),
(606, 'Rosina Kelsell', 'rkelsellgt@spotify.com', 0, 1, 354),
(607, 'Warden Hazlewood', 'whazlewoodgu@php.net', 0, 4, 424),
(608, 'Orv Berends', 'oberendsgv@hibu.com', 0, 1, 119),
(609, 'Heath Fish', 'hfishgw@dedecms.com', 0, 5, 9),
(610, 'Philippe Fiddyment', 'pfiddymentgx@slate.com', 0, 4, 328),
(611, 'Jeanna Di Ruggero', 'jdigy@google.pl', 0, 1, 477),
(612, 'Ethelyn Titcom', 'etitcomgz@t.co', 0, 5, 329),
(613, 'Egbert Goodfellowe', 'egoodfelloweh0@wunderground.com', 0, 1, 375),
(614, 'Garfield Tzarkov', 'gtzarkovh1@google.com.br', 0, 5, 326),
(615, 'Courtney Devine', 'cdevineh2@thetimes.co.uk', 0, 5, 69),
(616, 'Rodina Grahamslaw', 'rgrahamslawh3@sun.com', 0, 5, 58),
(617, 'Mart Lukock', 'mlukockh4@statcounter.com', 0, 2, 75),
(618, 'Kendre Vaney', 'kvaneyh5@moonfruit.com', 0, 3, 40),
(619, 'Dacie Madill', 'dmadillh6@bandcamp.com', 0, 3, 312),
(620, 'Saxe Spanswick', 'sspanswickh7@netlog.com', 0, 2, 480),
(621, 'Ring Vickarman', 'rvickarmanh8@si.edu', 0, 3, 280),
(622, 'Esteban Rutigliano', 'erutiglianoh9@fotki.com', 0, 5, 42),
(623, 'Eva Wharram', 'ewharramha@yahoo.com', 0, 5, 155),
(624, 'Tybalt Giordano', 'tgiordanohb@storify.com', 0, 1, 449),
(625, 'Lilia Gallyhaock', 'lgallyhaockhc@ezinearticles.com', 0, 5, 28),
(626, 'Ritchie Monni', 'rmonnihd@ted.com', 0, 4, 444),
(627, 'Brenda Haston', 'bhastonhe@walmart.com', 0, 4, 93),
(628, 'Bunni Roloff', 'broloffhf@bravesites.com', 0, 3, 455),
(629, 'Joyous Sancho', 'jsanchohg@pinterest.com', 0, 5, 337),
(630, 'Cordie Foyster', 'cfoysterhh@usda.gov', 0, 5, 312),
(631, 'Sollie Kobu', 'skobuhi@reverbnation.com', 0, 3, 340),
(632, 'Jan Marner', 'jmarnerhj@ibm.com', 0, 2, 259),
(633, 'Pearla Vasyutochkin', 'pvasyutochkinhk@reddit.com', 0, 5, 100),
(634, 'Joelly Fundell', 'jfundellhl@ibm.com', 0, 1, 188),
(635, 'Ivory Frossell', 'ifrossellhm@list-manage.com', 0, 1, 255),
(636, 'Jedd Kilby', 'jkilbyhn@biglobe.ne.jp', 0, 2, 72),
(637, 'Pansie Ferrarini', 'pferrariniho@nhs.uk', 0, 4, 121),
(638, 'Arley Cowap', 'acowaphp@hc360.com', 0, 3, 287),
(639, 'Mariann Buttel', 'mbuttelhq@google.com', 0, 5, 154),
(640, 'Else Abbatt', 'eabbatthr@sphinn.com', 0, 5, 221),
(641, 'Binky Levecque', 'blevecquehs@imageshack.us', 0, 1, 94),
(642, 'Willyt Barbie', 'wbarbieht@jalbum.net', 0, 1, 78),
(643, 'Betsy Copestake', 'bcopestakehu@themeforest.net', 0, 3, 274),
(644, 'Caitrin Tingey', 'ctingeyhv@tinypic.com', 0, 5, 381),
(645, 'Gibb Kowalik', 'gkowalikhw@so-net.ne.jp', 0, 5, 166),
(646, 'Nydia Kegg', 'nkegghx@deliciousdays.com', 0, 3, 394),
(647, 'Nichols Banes', 'nbaneshy@telegraph.co.uk', 0, 5, 426),
(648, 'Templeton Groll', 'tgrollhz@columbia.edu', 0, 1, 222),
(649, 'Ingemar Vicent', 'ivicenti0@comsenz.com', 0, 3, 376),
(650, 'Wilfred Andersen', 'wanderseni1@theatlantic.com', 0, 2, 149),
(651, 'Leigh Dootson', 'ldootsoni2@wikimedia.org', 0, 3, 112),
(652, 'Gilli Eisenberg', 'geisenbergi3@bbc.co.uk', 0, 1, 487),
(653, 'Suzi Grewcock', 'sgrewcocki4@reference.com', 0, 1, 316),
(654, 'Eugenia De Roberto', 'edei5@people.com.cn', 0, 4, 334),
(655, 'Mag Demko', 'mdemkoi6@cornell.edu', 0, 4, 131),
(656, 'Bondon Shobrook', 'bshobrooki7@xinhuanet.com', 0, 3, 11),
(657, 'Axe Crier', 'acrieri8@dell.com', 0, 1, 170),
(658, 'Danny MacAree', 'dmacareei9@cloudflare.com', 0, 5, 72),
(659, 'Suzy Stolberger', 'sstolbergeria@guardian.co.uk', 0, 4, 255),
(660, 'Val Mertel', 'vmertelib@dot.gov', 0, 1, 162),
(661, 'Bernie Hathaway', 'bhathawayic@vkontakte.ru', 0, 2, 77),
(662, 'Wildon Ludman', 'wludmanid@histats.com', 0, 2, 348),
(663, 'Kath Cuttings', 'kcuttingsie@studiopress.com', 0, 1, 345),
(664, 'Jordan Maidens', 'jmaidensif@gnu.org', 0, 1, 213),
(665, 'Neall Gotts', 'ngottsig@noaa.gov', 0, 3, 88),
(666, 'Mable Jessett', 'mjessettih@dailymotion.com', 0, 1, 385),
(667, 'Euell Crichmere', 'ecrichmereii@techcrunch.com', 0, 3, 269),
(668, 'Ermin Wingeatt', 'ewingeattij@nydailynews.com', 0, 5, 408),
(669, 'Andras Fishbie', 'afishbieik@epa.gov', 0, 5, 341),
(670, 'Chickie Hodgins', 'chodginsil@miitbeian.gov.cn', 0, 5, 29),
(671, 'Shayne Di Boldi', 'sdiim@bing.com', 0, 4, 203),
(672, 'Aprilette Todari', 'atodariin@spiegel.de', 0, 1, 396),
(673, 'Giusto Burdekin', 'gburdekinio@jugem.jp', 0, 1, 21),
(674, 'Salvidor Disdel', 'sdisdelip@va.gov', 0, 4, 262),
(675, 'Zolly Rudland', 'zrudlandiq@ow.ly', 0, 5, 309),
(676, 'Aundrea Sneesby', 'asneesbyir@ask.com', 0, 2, 22),
(677, 'Antonio Dore', 'adoreis@youku.com', 0, 3, 276),
(678, 'Bat Edmonstone', 'bedmonstoneit@theguardian.com', 0, 3, 438),
(679, 'Emory Kermit', 'ekermitiu@boston.com', 0, 2, 47),
(680, 'Nelli Mountcastle', 'nmountcastleiv@slashdot.org', 0, 4, 383),
(681, 'Ellis Raubenheimers', 'eraubenheimersiw@pagesperso-orange.fr', 0, 5, 26),
(682, 'Carlie Korting', 'ckortingix@cnbc.com', 0, 5, 50),
(683, 'Euell Sansum', 'esansumiy@bigcartel.com', 0, 2, 478),
(684, 'Krystalle Giraldez', 'kgiraldeziz@360.cn', 0, 5, 21),
(685, 'Gertrudis Niaves', 'gniavesj0@domainmarket.com', 0, 5, 468),
(686, 'Filmore Pacquet', 'fpacquetj1@nytimes.com', 0, 4, 487),
(687, 'Giulietta Cavill', 'gcavillj2@businesswire.com', 0, 1, 274),
(688, 'Opal Mulgrew', 'omulgrewj3@trellian.com', 0, 3, 68),
(689, 'Gwenneth Yanshinov', 'gyanshinovj4@sitemeter.com', 0, 5, 367),
(690, 'Elysia Stelli', 'estellij5@i2i.jp', 0, 1, 381),
(691, 'Sasha Laweles', 'slawelesj6@lycos.com', 0, 5, 315),
(692, 'Emiline Roggers', 'eroggersj7@gov.uk', 0, 5, 370),
(693, 'Jessamine Grundell', 'jgrundellj8@t.co', 0, 4, 267),
(694, 'Doug Santacrole', 'dsantacrolej9@creativecommons.org', 0, 2, 8),
(695, 'Marquita Wrangle', 'mwrangleja@deliciousdays.com', 0, 3, 29),
(696, 'Amitie Aspenlon', 'aaspenlonjb@xinhuanet.com', 0, 5, 10),
(697, 'Piggy Buckles', 'pbucklesjc@cargocollective.com', 0, 4, 311),
(698, 'Catherin Fynan', 'cfynanjd@google.de', 0, 2, 386),
(699, 'Bennie Leatherbarrow', 'bleatherbarrowje@tuttocitta.it', 0, 3, 261),
(700, 'Joelie Deinhardt', 'jdeinhardtjf@wikia.com', 0, 1, 176),
(701, 'Waldon Boeck', 'wboeckjg@livejournal.com', 0, 4, 389),
(702, 'Jase Seth', 'jsethjh@skyrock.com', 0, 4, 295),
(703, 'Tammy Baggalley', 'tbaggalleyji@parallels.com', 0, 2, 428),
(704, 'Willetta Croughan', 'wcroughanjj@wufoo.com', 0, 1, 493),
(705, 'Fianna Benazet', 'fbenazetjk@auda.org.au', 0, 2, 96),
(706, 'Evita Sweeten', 'esweetenjl@zimbio.com', 0, 1, 263),
(707, 'Darline Yousef', 'dyousefjm@thetimes.co.uk', 0, 2, 482),
(708, 'Roderigo Yanshonok', 'ryanshonokjn@gravatar.com', 0, 4, 103),
(709, 'Anita Chicchelli', 'achicchellijo@biglobe.ne.jp', 0, 1, 341),
(710, 'Hashim Norwood', 'hnorwoodjp@homestead.com', 0, 3, 477),
(711, 'Siouxie D\'Ruel', 'sdrueljq@sourceforge.net', 0, 2, 203),
(712, 'Ernaline Amery', 'eameryjr@jimdo.com', 0, 5, 143),
(713, 'Parrnell Pincott', 'ppincottjs@java.com', 0, 2, 141),
(714, 'Red Hounsom', 'rhounsomjt@geocities.com', 0, 4, 336),
(715, 'Rafferty Falkinder', 'rfalkinderju@mlb.com', 0, 4, 336),
(716, 'Giles Bennington', 'gbenningtonjv@sina.com.cn', 0, 1, 68),
(717, 'Sheree Frantzeni', 'sfrantzenijw@tinyurl.com', 0, 3, 331),
(718, 'Jordain Klejin', 'jklejinjx@spotify.com', 0, 1, 475),
(719, 'Brittany Morshead', 'bmorsheadjy@va.gov', 0, 1, 124),
(720, 'Raf Seivertsen', 'rseivertsenjz@163.com', 0, 5, 105),
(721, 'Fabiano Blencoe', 'fblencoek0@unesco.org', 0, 2, 172),
(722, 'Talbot Dunklee', 'tdunkleek1@cyberchimps.com', 0, 5, 179),
(723, 'Erek Vagges', 'evaggesk2@technorati.com', 0, 5, 234),
(724, 'Kellia Rattenberie', 'krattenberiek3@yellowpages.com', 0, 1, 91),
(725, 'Mabelle Featherby', 'mfeatherbyk4@usa.gov', 0, 4, 196),
(726, 'Demott Parradice', 'dparradicek5@hhs.gov', 0, 2, 23),
(727, 'Otto Bingle', 'obinglek6@stumbleupon.com', 0, 3, 412),
(728, 'Hoebart Pelfer', 'hpelferk7@businessweek.com', 0, 2, 67),
(729, 'Billy Derle', 'bderlek8@biglobe.ne.jp', 0, 5, 112),
(730, 'Gregorio Ethersey', 'getherseyk9@fastcompany.com', 0, 2, 234),
(731, 'Nance Prazer', 'nprazerka@go.com', 0, 4, 191),
(732, 'Ginger Arbor', 'garborkb@chron.com', 0, 5, 303),
(733, 'Llewellyn Strike', 'lstrikekc@icio.us', 0, 2, 60),
(734, 'Skylar Wybern', 'swybernkd@so-net.ne.jp', 0, 2, 307),
(735, 'Ber McLay', 'bmclayke@boston.com', 0, 1, 24),
(736, 'Giacinta Bazylets', 'gbazyletskf@nyu.edu', 0, 3, 98),
(737, 'Kessia Beumant', 'kbeumantkg@rambler.ru', 0, 2, 367),
(738, 'Abbey Cranshaw', 'acranshawkh@freewebs.com', 0, 3, 225),
(739, 'Gearalt de Aguirre', 'gdeki@timesonline.co.uk', 0, 5, 156),
(740, 'Margaux Killoran', 'mkillorankj@jugem.jp', 0, 2, 168),
(741, 'Obidiah Lowin', 'olowinkk@independent.co.uk', 0, 2, 104),
(742, 'Adrienne Dittson', 'adittsonkl@cisco.com', 0, 3, 450),
(743, 'Sonnie Weerdenburg', 'sweerdenburgkm@amazonaws.com', 0, 5, 442),
(744, 'Aindrea Danihel', 'adanihelkn@tamu.edu', 0, 1, 266),
(745, 'Casie Higgan', 'chigganko@joomla.org', 0, 5, 180),
(746, 'Hortensia O\'Duane', 'hoduanekp@infoseek.co.jp', 0, 4, 41),
(747, 'Arlina Allinson', 'aallinsonkq@kickstarter.com', 0, 2, 20),
(748, 'Erin Parlor', 'eparlorkr@360.cn', 0, 2, 316),
(749, 'Janice Fendlow', 'jfendlowks@exblog.jp', 0, 2, 496),
(750, 'Cross Schollar', 'cschollarkt@bigcartel.com', 0, 2, 55),
(751, 'Cahra Blowin', 'cblowinku@jigsy.com', 0, 5, 222),
(752, 'Nancy Dillimore', 'ndillimorekv@blogspot.com', 0, 1, 148),
(753, 'Sarena Scyone', 'sscyonekw@cocolog-nifty.com', 0, 1, 20),
(754, 'Jesse Weighell', 'jweighellkx@businessinsider.com', 0, 2, 435),
(755, 'Tasia Ferminger', 'tfermingerky@nytimes.com', 0, 4, 267),
(756, 'Florette Bigby', 'fbigbykz@dailymail.co.uk', 0, 5, 122),
(757, 'Bernie Hubbold', 'bhubboldl0@time.com', 0, 4, 393),
(758, 'Johna Bentame', 'jbentamel1@t.co', 0, 2, 151),
(759, 'Chauncey Kiendl', 'ckiendll2@china.com.cn', 0, 1, 93),
(760, 'Allissa Betonia', 'abetonial3@wired.com', 0, 3, 180),
(761, 'Reggie MacNeill', 'rmacneilll4@noaa.gov', 0, 1, 409),
(762, 'Holt Sindall', 'hsindalll5@homestead.com', 0, 1, 487),
(763, 'Dion Ephson', 'dephsonl6@ask.com', 0, 2, 42),
(764, 'Had Baggally', 'hbaggallyl7@google.fr', 0, 3, 269),
(765, 'Margeaux Coppins', 'mcoppinsl8@g.co', 0, 1, 87),
(766, 'Hillie Cerith', 'hcerithl9@whitehouse.gov', 0, 5, 461),
(767, 'Flo Woolf', 'fwoolfla@nih.gov', 0, 2, 313),
(768, 'Jemmy Thresher', 'jthresherlb@slashdot.org', 0, 2, 119),
(769, 'Margaux Scown', 'mscownlc@example.com', 0, 2, 122),
(770, 'Maddi Tiernan', 'mtiernanld@dion.ne.jp', 0, 5, 436),
(771, 'Pancho Frankel', 'pfrankelle@domainmarket.com', 0, 1, 78),
(772, 'Morna Barbour', 'mbarbourlf@example.com', 0, 1, 10),
(773, 'Ugo Vairow', 'uvairowlg@indiatimes.com', 0, 5, 92),
(774, 'Rebecca Edgett', 'redgettlh@gizmodo.com', 0, 4, 350),
(775, 'Kathy Paulmann', 'kpaulmannli@economist.com', 0, 4, 205),
(776, 'Wang McKimm', 'wmckimmlj@tiny.cc', 0, 2, 354),
(777, 'Fredrick Bishopp', 'fbishopplk@fotki.com', 0, 5, 157),
(778, 'Haroun Mariot', 'hmariotll@ehow.com', 0, 1, 325),
(779, 'Robinet Tubritt', 'rtubrittlm@canalblog.com', 0, 5, 413),
(780, 'Jenifer Ovitts', 'jovittsln@exblog.jp', 0, 1, 453),
(781, 'Germayne Disdel', 'gdisdello@earthlink.net', 0, 5, 324),
(782, 'Lianna McKall', 'lmckalllp@51.la', 0, 1, 48),
(783, 'Esdras Pidwell', 'epidwelllq@google.pl', 0, 1, 176),
(784, 'Dennet Roddam', 'droddamlr@elpais.com', 0, 1, 460),
(785, 'Bidget Steagall', 'bsteagallls@psu.edu', 0, 5, 311),
(786, 'Giffie Ladlow', 'gladlowlt@cam.ac.uk', 0, 1, 336),
(787, 'Dalila Forlonge', 'dforlongelu@bing.com', 0, 1, 430),
(788, 'Nealy Nezey', 'nnezeylv@ftc.gov', 0, 5, 140),
(789, 'Codi Kubecka', 'ckubeckalw@ebay.com', 0, 2, 318),
(790, 'Penni Kennady', 'pkennadylx@i2i.jp', 0, 4, 310),
(791, 'Alena Boni', 'abonily@census.gov', 0, 3, 220),
(792, 'Camille Dundendale', 'cdundendalelz@businessinsider.com', 0, 4, 423),
(793, 'Jedediah Roussell', 'jroussellm0@accuweather.com', 0, 5, 475),
(794, 'Chiquia Reidshaw', 'creidshawm1@ow.ly', 0, 1, 333),
(795, 'Bernardo Colhoun', 'bcolhounm2@imageshack.us', 0, 5, 166),
(796, 'Gabriella Soanes', 'gsoanesm3@altervista.org', 0, 2, 253),
(797, 'Timothee Fahey', 'tfaheym4@example.com', 0, 4, 177),
(798, 'Rayshell Ewart', 'rewartm5@sakura.ne.jp', 0, 3, 487),
(799, 'Bryn Persich', 'bpersichm6@engadget.com', 0, 3, 233),
(800, 'Becca Villaron', 'bvillaronm7@opera.com', 0, 5, 344),
(801, 'Renato Compfort', 'rcompfortm8@bigcartel.com', 0, 1, 6),
(802, 'Korney Bonnyson', 'kbonnysonm9@clickbank.net', 0, 1, 330),
(803, 'Broderick Lathaye', 'blathayema@marketwatch.com', 0, 2, 308),
(804, 'Nikolai Hallatt', 'nhallattmb@hubpages.com', 0, 2, 359),
(805, 'Consolata Stormont', 'cstormontmc@tinypic.com', 0, 2, 372),
(806, 'Web Tiptaft', 'wtiptaftmd@devhub.com', 0, 2, 39),
(807, 'Alfred McNay', 'amcnayme@squarespace.com', 0, 4, 422),
(808, 'Brad Le Grove', 'blemf@wikia.com', 0, 4, 35),
(809, 'Ophelia Pfaffe', 'opfaffemg@wikimedia.org', 0, 2, 169),
(810, 'Nickey Dymott', 'ndymottmh@linkedin.com', 0, 4, 361),
(811, 'Hilliary Blackmuir', 'hblackmuirmi@cbslocal.com', 0, 5, 111),
(812, 'Bibbye Berrey', 'bberreymj@squarespace.com', 0, 3, 362),
(813, 'Leroy Reen', 'lreenmk@opensource.org', 0, 3, 78),
(814, 'Jase Kleinert', 'jkleinertml@live.com', 0, 1, 296),
(815, 'Correy Rene', 'crenemm@icio.us', 0, 4, 46),
(816, 'Sibbie Shimoni', 'sshimonimn@harvard.edu', 0, 5, 415),
(817, 'Gonzalo Espada', 'gespadamo@harvard.edu', 0, 4, 318),
(818, 'Idalina Switland', 'iswitlandmp@google.es', 0, 4, 458),
(819, 'Elyse Reedyhough', 'ereedyhoughmq@quantcast.com', 0, 3, 460),
(820, 'Flory Simonard', 'fsimonardmr@msn.com', 0, 4, 67),
(821, 'Duffy Stenning', 'dstenningms@nasa.gov', 0, 2, 371),
(822, 'Blakelee Lyard', 'blyardmt@adobe.com', 0, 3, 160),
(823, 'Chevalier Bramwich', 'cbramwichmu@geocities.jp', 0, 5, 152),
(824, 'Sheelah Emmet', 'semmetmv@adobe.com', 0, 3, 397),
(825, 'Kinnie Kittow', 'kkittowmw@ted.com', 0, 4, 42),
(826, 'Giovanna Tiner', 'gtinermx@meetup.com', 0, 1, 421),
(827, 'Hyacinthe Perl', 'hperlmy@youtu.be', 0, 3, 383),
(828, 'Roi Swaisland', 'rswaislandmz@skyrock.com', 0, 2, 418),
(829, 'Helli Raubenheimer', 'hraubenheimern0@google.nl', 0, 2, 256),
(830, 'Datha Rodder', 'droddern1@telegraph.co.uk', 0, 3, 68),
(831, 'Ryon Messitt', 'rmessittn2@stanford.edu', 0, 4, 442),
(832, 'Gwendolyn Jenicek', 'gjenicekn3@printfriendly.com', 0, 2, 71),
(833, 'Genny Shoreman', 'gshoremann4@edublogs.org', 0, 4, 158),
(834, 'Kevon Klimochkin', 'kklimochkinn5@studiopress.com', 0, 5, 422),
(835, 'Jasmine Acey', 'jaceyn6@intel.com', 0, 3, 298),
(836, 'Gertrudis Twamley', 'gtwamleyn7@indiegogo.com', 0, 1, 23);
INSERT INTO `users` (`id_user`, `username`, `email`, `admin`, `id_role_type`, `id_place`) VALUES
(837, 'Edvard Hoggan', 'ehoggann8@godaddy.com', 0, 1, 166),
(838, 'Pauletta Masseo', 'pmasseon9@samsung.com', 0, 5, 98),
(839, 'Helenka Tompkins', 'htompkinsna@homestead.com', 0, 1, 445),
(840, 'Hendrik Hayen', 'hhayennb@tinypic.com', 0, 5, 463),
(841, 'Flossy Giron', 'fgironnc@desdev.cn', 0, 2, 119),
(842, 'Shalna Kime', 'skimend@bandcamp.com', 0, 5, 439),
(843, 'Desiri Lamas', 'dlamasne@wix.com', 0, 1, 477),
(844, 'Nicolina Marron', 'nmarronnf@elpais.com', 0, 2, 234),
(845, 'Sebastian Tree', 'streeng@gnu.org', 0, 5, 476),
(846, 'Ettie Padbury', 'epadburynh@ow.ly', 0, 5, 174),
(847, 'Linea Jennens', 'ljennensni@purevolume.com', 0, 5, 217),
(848, 'Mariel Hamblen', 'mhamblennj@i2i.jp', 0, 5, 57),
(849, 'Ad Showers', 'ashowersnk@wired.com', 0, 2, 307),
(850, 'Trixi Letterese', 'tletteresenl@bing.com', 0, 4, 327),
(851, 'Artie Gillis', 'agillisnm@hao123.com', 0, 1, 350),
(852, 'Cilka Heasman', 'cheasmannn@qq.com', 0, 1, 381),
(853, 'Ebba Thome', 'ethomeno@facebook.com', 0, 2, 436),
(854, 'Dwight Baugh', 'dbaughnp@t-online.de', 0, 2, 435),
(855, 'Collie Rachuig', 'crachuignq@amazon.co.jp', 0, 3, 79),
(856, 'Nick Tume', 'ntumenr@mac.com', 0, 4, 211),
(857, 'Nani Brookbank', 'nbrookbankns@examiner.com', 0, 4, 491),
(858, 'Creight Eustanch', 'ceustanchnt@sourceforge.net', 0, 4, 29),
(859, 'Meara Gunderson', 'mgundersonnu@google.com.au', 0, 5, 252),
(860, 'Babette Giraux', 'bgirauxnv@alibaba.com', 0, 1, 258),
(861, 'Jillayne Lawrence', 'jlawrencenw@dot.gov', 0, 1, 264),
(862, 'Rube Von Der Empten', 'rvonnx@disqus.com', 0, 1, 136),
(863, 'Gustavo Crowcombe', 'gcrowcombeny@sciencedaily.com', 0, 2, 254),
(864, 'Paulie Earley', 'pearleynz@bluehost.com', 0, 2, 86),
(865, 'Rhianon Hovie', 'rhovieo0@bravesites.com', 0, 5, 500),
(866, 'Flossi Derye-Barrett', 'fderyebarretto1@people.com.cn', 0, 4, 170),
(867, 'Sile Wadwell', 'swadwello2@photobucket.com', 0, 1, 103),
(868, 'Aeriel Phythian', 'aphythiano3@fc2.com', 0, 4, 219),
(869, 'Ryann Scoates', 'rscoateso4@yahoo.co.jp', 0, 5, 386),
(870, 'Alford Fliege', 'afliegeo5@tmall.com', 0, 2, 219),
(871, 'Arnie Whitty', 'awhittyo6@epa.gov', 0, 4, 195),
(872, 'Graeme Arnauduc', 'garnauduco7@histats.com', 0, 5, 168),
(873, 'Martica Tinman', 'mtinmano8@mlb.com', 0, 3, 48),
(874, 'Ivory Odger', 'iodgero9@pen.io', 0, 5, 231),
(875, 'Austen Bluett', 'abluettoa@google.ru', 0, 1, 427),
(876, 'Abagail Louedey', 'alouedeyob@huffingtonpost.com', 0, 5, 34),
(877, 'Ernestine Balnave', 'ebalnaveoc@blinklist.com', 0, 4, 418),
(878, 'Justina Ianiello', 'jianiellood@wikia.com', 0, 4, 142),
(879, 'Alaric Kivits', 'akivitsoe@shinystat.com', 0, 5, 195),
(880, 'Deeyn Corran', 'dcorranof@webs.com', 0, 2, 172),
(881, 'Jessica Szymon', 'jszymonog@sbwire.com', 0, 1, 87),
(882, 'Ange MacKinnon', 'amackinnonoh@sogou.com', 0, 3, 377),
(883, 'Calhoun Gullifant', 'cgullifantoi@blog.com', 0, 5, 296),
(884, 'Torin Mullender', 'tmullenderoj@dion.ne.jp', 0, 1, 470),
(885, 'Fowler Pietz', 'fpietzok@nytimes.com', 0, 2, 172),
(886, 'Tammie Rielly', 'triellyol@hc360.com', 0, 5, 481),
(887, 'Ada Margett', 'amargettom@loc.gov', 0, 3, 378),
(888, 'Marika MacConnel', 'mmacconnelon@yandex.ru', 0, 1, 229),
(889, 'Cyndi Inkpin', 'cinkpinoo@purevolume.com', 0, 5, 364),
(890, 'Benji Yewdale', 'byewdaleop@google.nl', 0, 1, 302),
(891, 'Janine Sibbs', 'jsibbsoq@ca.gov', 0, 4, 29),
(892, 'Bianca Fahy', 'bfahyor@latimes.com', 0, 5, 253),
(893, 'Averil Tendahl', 'atendahlos@ebay.co.uk', 0, 4, 481),
(894, 'Amery Fettis', 'afettisot@barnesandnoble.com', 0, 4, 206),
(895, 'Riva Croker', 'rcrokerou@privacy.gov.au', 0, 3, 59),
(896, 'Philippe Lowensohn', 'plowensohnov@rakuten.co.jp', 0, 3, 262),
(897, 'Siobhan Sandall', 'ssandallow@tuttocitta.it', 0, 3, 365),
(898, 'Sadella Rolfini', 'srolfiniox@wufoo.com', 0, 1, 204),
(899, 'Ainslee Clee', 'acleeoy@squidoo.com', 0, 5, 283),
(900, 'Jobyna Sheldrick', 'jsheldrickoz@infoseek.co.jp', 0, 3, 292),
(901, 'Brynna Haugen', 'bhaugenp0@illinois.edu', 0, 3, 150),
(902, 'Janek Hacaud', 'jhacaudp1@t.co', 0, 5, 437),
(903, 'Lin McPartling', 'lmcpartlingp2@etsy.com', 0, 4, 249),
(904, 'Elsinore Walklett', 'ewalklettp3@goo.ne.jp', 0, 3, 133),
(905, 'Olag Blackesland', 'oblackeslandp4@desdev.cn', 0, 4, 441),
(906, 'Carola Overill', 'coverillp5@washington.edu', 0, 4, 324),
(907, 'Teri Poxton', 'tpoxtonp6@discuz.net', 0, 2, 1),
(908, 'Gardner Fortey', 'gforteyp7@t.co', 0, 2, 209),
(909, 'Aline Benson', 'abensonp8@shinystat.com', 0, 3, 265),
(910, 'Koralle Macro', 'kmacrop9@latimes.com', 0, 4, 246),
(911, 'Leela Glassborow', 'lglassborowpa@java.com', 0, 1, 91),
(912, 'Fransisco Kembrey', 'fkembreypb@nytimes.com', 0, 4, 392),
(913, 'Dunc Crookall', 'dcrookallpc@theatlantic.com', 0, 4, 306),
(914, 'Flinn Welbourn', 'fwelbournpd@1688.com', 0, 4, 42),
(915, 'Shelton Gillings', 'sgillingspe@shop-pro.jp', 0, 4, 493),
(916, 'Laina Channon', 'lchannonpf@twitpic.com', 0, 3, 91),
(917, 'Foster Welland', 'fwellandpg@newsvine.com', 0, 1, 366),
(918, 'Skippie Barniss', 'sbarnissph@nature.com', 0, 1, 17),
(919, 'Christiane Ratcliff', 'cratcliffpi@zdnet.com', 0, 3, 56),
(920, 'Beck Juzek', 'bjuzekpj@bravesites.com', 0, 1, 369),
(921, 'Katrine Howitt', 'khowittpk@etsy.com', 0, 4, 430),
(922, 'Adham Irdale', 'airdalepl@surveymonkey.com', 0, 3, 102),
(923, 'Gerhardt Macrae', 'gmacraepm@behance.net', 0, 4, 104),
(924, 'Malia Collaton', 'mcollatonpn@google.es', 0, 1, 132),
(925, 'Noelani Hein', 'nheinpo@springer.com', 0, 3, 183),
(926, 'Vinnie Rossoni', 'vrossonipp@pcworld.com', 0, 1, 381),
(927, 'Bellanca Cheales', 'bchealespq@buzzfeed.com', 0, 5, 165),
(928, 'Conroy Pauletti', 'cpaulettipr@bizjournals.com', 0, 4, 136),
(929, 'Thurston Parysiak', 'tparysiakps@imdb.com', 0, 3, 102),
(930, 'Bartram Bettison', 'bbettisonpt@nyu.edu', 0, 5, 213),
(931, 'Pandora Gonneau', 'pgonneaupu@wp.com', 0, 5, 91),
(932, 'Hunt Allum', 'hallumpv@fotki.com', 0, 3, 316),
(933, 'Ignacius Mennear', 'imennearpw@google.com.hk', 0, 5, 383),
(934, 'Steward Kollatsch', 'skollatschpx@chicagotribune.com', 0, 3, 229),
(935, 'Egon Cardenas', 'ecardenaspy@archive.org', 0, 2, 279),
(936, 'Hynda Gillmore', 'hgillmorepz@nba.com', 0, 4, 237),
(937, 'Winne Pickford', 'wpickfordq0@yandex.ru', 0, 3, 476),
(938, 'Jannel Markie', 'jmarkieq1@va.gov', 0, 5, 490),
(939, 'Wanda Dedrick', 'wdedrickq2@networksolutions.com', 0, 1, 325),
(940, 'Ronica Ramsbottom', 'rramsbottomq3@opera.com', 0, 1, 167),
(941, 'Brynna McKeefry', 'bmckeefryq4@people.com.cn', 0, 4, 67),
(942, 'Bowie Clemmen', 'bclemmenq5@angelfire.com', 0, 5, 274),
(943, 'Onofredo Keri', 'okeriq6@discovery.com', 0, 1, 36),
(944, 'Leroi Rubert', 'lrubertq7@studiopress.com', 0, 3, 161),
(945, 'Etan Gandar', 'egandarq8@wp.com', 0, 2, 294),
(946, 'Casie d\'Arcy', 'cdarcyq9@gnu.org', 0, 1, 316),
(947, 'Dorri Hafford', 'dhaffordqa@seattletimes.com', 0, 2, 203),
(948, 'Wyatt Maun', 'wmaunqb@archive.org', 0, 5, 60),
(949, 'Gretel Betser', 'gbetserqc@dailymail.co.uk', 0, 5, 25),
(950, 'Chadd Mathouse', 'cmathouseqd@xing.com', 0, 4, 314),
(951, 'Jo-ann Wadelin', 'jwadelinqe@whitehouse.gov', 0, 1, 214),
(952, 'Rosalinde Fance', 'rfanceqf@msn.com', 0, 1, 78),
(953, 'Frederique Beacom', 'fbeacomqg@a8.net', 0, 2, 285),
(954, 'Bee Littledyke', 'blittledykeqh@icq.com', 0, 1, 161),
(955, 'Fabian Laflin', 'flaflinqi@ovh.net', 0, 4, 2),
(956, 'Wilek Darell', 'wdarellqj@cnet.com', 0, 2, 71),
(957, 'Korry Urion', 'kurionqk@cloudflare.com', 0, 3, 424),
(958, 'Valene Pilmoor', 'vpilmoorql@ebay.co.uk', 0, 1, 77),
(959, 'Shelton Daniello', 'sdanielloqm@intel.com', 0, 1, 483),
(960, 'Karel Stirton', 'kstirtonqn@hp.com', 0, 1, 310),
(961, 'Eziechiele Mohammed', 'emohammedqo@xrea.com', 0, 4, 498),
(962, 'Christie Jonk', 'cjonkqp@jigsy.com', 0, 2, 49),
(963, 'Rois Wiz', 'rwizqq@hugedomains.com', 0, 2, 214),
(964, 'Clarke Camerana', 'ccameranaqr@php.net', 0, 4, 456),
(965, 'Vasili Stinchcombe', 'vstinchcombeqs@multiply.com', 0, 5, 473),
(966, 'Oren Philott', 'ophilottqt@a8.net', 0, 5, 446),
(967, 'Yule Gerrels', 'ygerrelsqu@flavors.me', 0, 5, 273),
(968, 'Ursola Secombe', 'usecombeqv@ameblo.jp', 0, 1, 441),
(969, 'Constantino Stedall', 'cstedallqw@mapy.cz', 0, 2, 237),
(970, 'Issie Heers', 'iheersqx@reddit.com', 0, 1, 28),
(971, 'Antonius Fidgin', 'afidginqy@com.com', 0, 4, 200),
(972, 'Sigmund Sturgess', 'ssturgessqz@fastcompany.com', 0, 4, 105),
(973, 'Lezley Reeders', 'lreedersr0@surveymonkey.com', 0, 4, 448),
(974, 'Almire Barca', 'abarcar1@surveymonkey.com', 0, 3, 386),
(975, 'Jakie Stollberg', 'jstollbergr2@youtu.be', 0, 2, 345),
(976, 'Collette Jeune', 'cjeuner3@admin.ch', 0, 2, 100),
(977, 'Donnamarie Escalero', 'descaleror4@diigo.com', 0, 3, 235),
(978, 'Patty Alvarado', 'palvarador5@nsw.gov.au', 0, 5, 260),
(979, 'Mirabella Penzer', 'mpenzerr6@jiathis.com', 0, 3, 63),
(980, 'Lorene Mapletoft', 'lmapletoftr7@twitter.com', 0, 4, 469),
(981, 'Elaine Rizziello', 'erizziellor8@walmart.com', 0, 2, 332),
(982, 'Karilynn Pigne', 'kpigner9@china.com.cn', 0, 3, 6),
(983, 'Stefanie McClure', 'smcclurera@opensource.org', 0, 3, 88),
(984, 'Hester Iredell', 'hiredellrb@godaddy.com', 0, 1, 173),
(985, 'Standford Salatino', 'ssalatinorc@paginegialle.it', 0, 4, 167),
(986, 'Eudora Prazer', 'eprazerrd@blogs.com', 0, 3, 125),
(987, 'Glennie Attwood', 'gattwoodre@dailymotion.com', 0, 2, 412),
(988, 'Kiley Olenchenko', 'kolenchenkorf@wikipedia.org', 0, 2, 433),
(989, 'Wendye Dicty', 'wdictyrg@wikimedia.org', 0, 4, 455),
(990, 'Gaven Klasing', 'gklasingrh@t.co', 0, 1, 448),
(991, 'Herminia Pere', 'hpereri@blog.com', 0, 1, 139),
(992, 'Yehudit Dannett', 'ydannettrj@ucla.edu', 0, 1, 198),
(993, 'Floria Shadfourth', 'fshadfourthrk@nasa.gov', 0, 5, 95),
(994, 'Linus Dupoy', 'ldupoyrl@china.com.cn', 0, 2, 269),
(995, 'Savina Hatherell', 'shatherellrm@123-reg.co.uk', 0, 5, 99),
(996, 'Montgomery Frenchum', 'mfrenchumrn@cam.ac.uk', 0, 5, 411),
(997, 'Gordy Greenroa', 'ggreenroaro@purevolume.com', 0, 2, 209),
(998, 'Emelita Carlow', 'ecarlowrp@microsoft.com', 0, 2, 19),
(999, 'Lockwood Weed', 'lweedrq@ted.com', 0, 3, 187),
(1000, 'Evelyn Loisi', 'eloisirr@e-recht24.de', 0, 2, 132);

--
-- Index pour les tables déchargées
--

--
-- Index pour la table `block`
--
ALTER TABLE `block`
  ADD KEY `id_user` (`id_user`);

--
-- Index pour la table `chat`
--
ALTER TABLE `chat`
  ADD PRIMARY KEY (`id_chat`),
  ADD KEY `id_user` (`id_user`);

--
-- Index pour la table `event`
--
ALTER TABLE `event`
  ADD PRIMARY KEY (`id_event`);

--
-- Index pour la table `friend`
--
ALTER TABLE `friend`
  ADD KEY `id_user` (`id_user`);

--
-- Index pour la table `larp`
--
ALTER TABLE `larp`
  ADD PRIMARY KEY (`id_larp`),
  ADD KEY `id_larp_type` (`id_larp_type`),
  ADD KEY `id_event` (`id_event`);

--
-- Index pour la table `larp_type`
--
ALTER TABLE `larp_type`
  ADD PRIMARY KEY (`id_larp_type`);

--
-- Index pour la table `party`
--
ALTER TABLE `party`
  ADD PRIMARY KEY (`id_party`),
  ADD KEY `id_role_type` (`id_role_type`),
  ADD KEY `id_user_master` (`id_user_master`),
  ADD KEY `id_event` (`id_event`);

--
-- Index pour la table `party_users`
--
ALTER TABLE `party_users`
  ADD KEY `id_party` (`id_party`),
  ADD KEY `id_user` (`id_user`);

--
-- Index pour la table `place`
--
ALTER TABLE `place`
  ADD PRIMARY KEY (`id_place`),
  ADD KEY `departement_id` (`id_region`);

--
-- Index pour la table `region`
--
ALTER TABLE `region`
  ADD PRIMARY KEY (`id_region`);

--
-- Index pour la table `role_type`
--
ALTER TABLE `role_type`
  ADD PRIMARY KEY (`id_role_type`);

--
-- Index pour la table `selected_universe`
--
ALTER TABLE `selected_universe`
  ADD KEY `id_universe` (`id_universe`),
  ADD KEY `id_user` (`id_user`);

--
-- Index pour la table `universe`
--
ALTER TABLE `universe`
  ADD PRIMARY KEY (`id_universe`),
  ADD KEY `id_universe_genre` (`id_universe_genre`);

--
-- Index pour la table `universe_genre`
--
ALTER TABLE `universe_genre`
  ADD PRIMARY KEY (`id_universe_genre`);

--
-- Index pour la table `users`
--
ALTER TABLE `users`
  ADD PRIMARY KEY (`id_user`),
  ADD KEY `id_role_type` (`id_role_type`),
  ADD KEY `id_place` (`id_place`);

--
-- AUTO_INCREMENT pour les tables déchargées
--

--
-- AUTO_INCREMENT pour la table `chat`
--
ALTER TABLE `chat`
  MODIFY `id_chat` smallint UNSIGNED NOT NULL AUTO_INCREMENT;

--
-- AUTO_INCREMENT pour la table `event`
--
ALTER TABLE `event`
  MODIFY `id_event` smallint UNSIGNED NOT NULL AUTO_INCREMENT, AUTO_INCREMENT=64;

--
-- AUTO_INCREMENT pour la table `larp`
--
ALTER TABLE `larp`
  MODIFY `id_larp` smallint UNSIGNED NOT NULL AUTO_INCREMENT, AUTO_INCREMENT=49;

--
-- AUTO_INCREMENT pour la table `larp_type`
--
ALTER TABLE `larp_type`
  MODIFY `id_larp_type` smallint UNSIGNED NOT NULL AUTO_INCREMENT, AUTO_INCREMENT=4;

--
-- AUTO_INCREMENT pour la table `party`
--
ALTER TABLE `party`
  MODIFY `id_party` smallint UNSIGNED NOT NULL AUTO_INCREMENT, AUTO_INCREMENT=101;

--
-- AUTO_INCREMENT pour la table `place`
--
ALTER TABLE `place`
  MODIFY `id_place` smallint UNSIGNED NOT NULL AUTO_INCREMENT, AUTO_INCREMENT=1001;

--
-- AUTO_INCREMENT pour la table `region`
--
ALTER TABLE `region`
  MODIFY `id_region` smallint UNSIGNED NOT NULL AUTO_INCREMENT, AUTO_INCREMENT=102;

--
-- AUTO_INCREMENT pour la table `role_type`
--
ALTER TABLE `role_type`
  MODIFY `id_role_type` smallint UNSIGNED NOT NULL AUTO_INCREMENT, AUTO_INCREMENT=6;

--
-- AUTO_INCREMENT pour la table `universe`
--
ALTER TABLE `universe`
  MODIFY `id_universe` smallint UNSIGNED NOT NULL AUTO_INCREMENT, AUTO_INCREMENT=46;

--
-- AUTO_INCREMENT pour la table `universe_genre`
--
ALTER TABLE `universe_genre`
  MODIFY `id_universe_genre` smallint UNSIGNED NOT NULL AUTO_INCREMENT, AUTO_INCREMENT=18;

--
-- AUTO_INCREMENT pour la table `users`
--
ALTER TABLE `users`
  MODIFY `id_user` smallint UNSIGNED NOT NULL AUTO_INCREMENT, AUTO_INCREMENT=1001;

--
-- Contraintes pour les tables déchargées
--

--
-- Contraintes pour la table `block`
--
ALTER TABLE `block`
  ADD CONSTRAINT `block_ibfk_1` FOREIGN KEY (`id_user`) REFERENCES `users` (`id_user`);

--
-- Contraintes pour la table `chat`
--
ALTER TABLE `chat`
  ADD CONSTRAINT `chat_ibfk_1` FOREIGN KEY (`id_user`) REFERENCES `users` (`id_user`);

--
-- Contraintes pour la table `friend`
--
ALTER TABLE `friend`
  ADD CONSTRAINT `friend_ibfk_1` FOREIGN KEY (`id_user`) REFERENCES `users` (`id_user`);

--
-- Contraintes pour la table `larp`
--
ALTER TABLE `larp`
  ADD CONSTRAINT `larp_ibfk_1` FOREIGN KEY (`id_larp_type`) REFERENCES `larp_type` (`id_larp_type`),
  ADD CONSTRAINT `larp_ibfk_2` FOREIGN KEY (`id_event`) REFERENCES `event` (`id_event`);

--
-- Contraintes pour la table `party`
--
ALTER TABLE `party`
  ADD CONSTRAINT `party_ibfk_1` FOREIGN KEY (`id_role_type`) REFERENCES `role_type` (`id_role_type`),
  ADD CONSTRAINT `party_ibfk_2` FOREIGN KEY (`id_user_master`) REFERENCES `users` (`id_user`),
  ADD CONSTRAINT `party_ibfk_3` FOREIGN KEY (`id_event`) REFERENCES `users` (`id_user`);

--
-- Contraintes pour la table `party_users`
--
ALTER TABLE `party_users`
  ADD CONSTRAINT `party_users_ibfk_1` FOREIGN KEY (`id_party`) REFERENCES `party` (`id_party`),
  ADD CONSTRAINT `party_users_ibfk_2` FOREIGN KEY (`id_user`) REFERENCES `users` (`id_user`);

--
-- Contraintes pour la table `selected_universe`
--
ALTER TABLE `selected_universe`
  ADD CONSTRAINT `selected_universe_ibfk_1` FOREIGN KEY (`id_universe`) REFERENCES `universe` (`id_universe`),
  ADD CONSTRAINT `selected_universe_ibfk_2` FOREIGN KEY (`id_user`) REFERENCES `users` (`id_user`);

--
-- Contraintes pour la table `universe`
--
ALTER TABLE `universe`
  ADD CONSTRAINT `universe_ibfk_1` FOREIGN KEY (`id_universe_genre`) REFERENCES `universe_genre` (`id_universe_genre`);

--
-- Contraintes pour la table `users`
--
ALTER TABLE `users`
  ADD CONSTRAINT `users_ibfk_1` FOREIGN KEY (`id_role_type`) REFERENCES `role_type` (`id_role_type`),
  ADD CONSTRAINT `users_ibfk_2` FOREIGN KEY (`id_place`) REFERENCES `place` (`id_place`);
COMMIT;

/*!40101 SET CHARACTER_SET_CLIENT=@OLD_CHARACTER_SET_CLIENT */;
/*!40101 SET CHARACTER_SET_RESULTS=@OLD_CHARACTER_SET_RESULTS */;
/*!40101 SET COLLATION_CONNECTION=@OLD_COLLATION_CONNECTION */;
