-- phpMyAdmin SQL Dump
-- version 5.2.1
-- https://www.phpmyadmin.net/
--
-- Hôte : db
-- Généré le : mer. 19 juin 2024 à 06:56
-- Version du serveur : 8.0.37
-- Version de PHP : 8.2.8

SET SQL_MODE = "NO_AUTO_VALUE_ON_ZERO";
START TRANSACTION;
SET time_zone = "+00:00";


/*!40101 SET @OLD_CHARACTER_SET_CLIENT=@@CHARACTER_SET_CLIENT */;
/*!40101 SET @OLD_CHARACTER_SET_RESULTS=@@CHARACTER_SET_RESULTS */;
/*!40101 SET @OLD_COLLATION_CONNECTION=@@COLLATION_CONNECTION */;
/*!40101 SET NAMES utf8mb4 */;

--
-- Base de données : `rolist_mingle`
--
CREATE DATABASE IF NOT EXISTS `rolist_mingle` DEFAULT CHARACTER SET utf8mb4 COLLATE utf8mb4_0900_ai_ci;
USE `rolist_mingle`;

-- --------------------------------------------------------

--
-- Structure de la table `block`
--

CREATE TABLE `block` (
  `id_user` smallint UNSIGNED NOT NULL
) ENGINE=InnoDB DEFAULT CHARSET=utf8mb4 COLLATE=utf8mb4_0900_ai_ci;

-- --------------------------------------------------------

--
-- Structure de la table `chat`
--

CREATE TABLE `chat` (
  `id_chat` smallint UNSIGNED NOT NULL,
  `txt_chat` varchar(255) DEFAULT NULL,
  `name_contact` varchar(30) NOT NULL,
  `date_chat` datetime NOT NULL,
  `id_user` smallint UNSIGNED NOT NULL
) ENGINE=InnoDB DEFAULT CHARSET=utf8mb4 COLLATE=utf8mb4_0900_ai_ci;

--
-- Déchargement des données de la table `chat`
--

INSERT INTO `chat` (`id_chat`, `txt_chat`, `name_contact`, `date_chat`, `id_user`) VALUES
(1, 'sodales sed tincidunt eu felis fusce posuere felis sed lacus morbi sem mauris', 'Antonin Fellini', '2022-08-02 00:00:00', 219),
(2, 'sed justo pellentesque viverra pede ac diam cras pellentesque volutpat dui maecenas tristique', 'Oran Crotch', '2023-06-11 00:00:00', 509),
(3, 'sapien in sapien iaculis congue vivamus metus arcu adipiscing molestie hendrerit at vulputate vitae nisl aenean lectus pellentesque eget', 'Jobina Bertomeu', '2023-05-25 00:00:00', 966),
(4, 'fermentum donec ut mauris eget massa tempor convallis nulla neque libero convallis eget eleifend luctus ultricies eu nibh quisque', 'Misti Skippings', '2023-12-27 00:00:00', 511),
(5, 'enim lorem ipsum dolor sit amet consectetuer adipiscing elit proin interdum mauris non ligula pellentesque ultrices', 'Sheppard Isaacs', '2023-07-18 00:00:00', 350),
(6, 'in sagittis dui vel nisl duis ac nibh fusce lacus purus aliquet at feugiat non pretium quis lectus suspendisse', 'Gene De Moreno', '2022-09-12 00:00:00', 893),
(7, 'mauris ullamcorper purus sit amet nulla quisque arcu libero rutrum ac lobortis vel dapibus at diam nam tristique tortor eu', 'Danya Yaus', '2023-03-27 00:00:00', 218),
(8, 'orci luctus et ultrices posuere cubilia curae duis faucibus accumsan odio curabitur convallis duis consequat', 'Welbie Wreight', '2023-04-21 00:00:00', 14),
(9, 'parturient montes nascetur ridiculus mus vivamus vestibulum sagittis sapien cum sociis natoque penatibus et', 'Deane Davidov', '2023-07-10 00:00:00', 691),
(10, 'purus aliquet at feugiat non pretium quis lectus suspendisse potenti in eleifend quam a', 'Thaddus Denyagin', '2023-09-23 00:00:00', 786),
(11, 'elit proin risus praesent lectus vestibulum quam sapien varius ut blandit non interdum in ante vestibulum ante', 'Yale Pendrid', '2023-01-13 00:00:00', 100),
(12, 'nec sem duis aliquam convallis nunc proin at turpis a pede posuere nonummy integer non', 'Sonny Sheed', '2023-06-13 00:00:00', 218),
(13, 'ac diam cras pellentesque volutpat dui maecenas tristique est et tempus semper est quam pharetra magna ac consequat', 'Douglass Wynrahame', '2023-11-11 00:00:00', 218),
(14, 'nulla ultrices aliquet maecenas leo odio condimentum id luctus nec molestie sed justo pellentesque', 'Ginelle Godsell', '2023-12-01 00:00:00', 589),
(15, 'nullam orci pede venenatis non sodales sed tincidunt eu felis', 'Hasty Quilter', '2023-03-21 00:00:00', 880),
(16, 'eu est congue elementum in hac habitasse platea dictumst morbi vestibulum velit id pretium iaculis diam erat', 'Sterne Morgans', '2023-09-27 00:00:00', 885),
(17, 'euismod scelerisque quam turpis adipiscing lorem vitae mattis nibh ligula nec sem duis aliquam', 'Mead Waycott', '2023-11-05 00:00:00', 903),
(18, 'aliquet at feugiat non pretium quis lectus suspendisse potenti in', 'Tessa Matts', '2022-10-29 00:00:00', 4),
(19, 'vitae nisi nam ultrices libero non mattis pulvinar nulla pede', 'Magdalen Ogborn', '2022-10-03 00:00:00', 8),
(20, 'vestibulum eget vulputate ut ultrices vel augue vestibulum ante ipsum primis in faucibus orci luctus et', 'Vina Clewer', '2023-02-06 00:00:00', 908),
(21, 'laoreet ut rhoncus aliquet pulvinar sed nisl nunc rhoncus dui vel sem sed sagittis', 'Terrie Thurlbourne', '2023-12-02 00:00:00', 191),
(22, 'pulvinar sed nisl nunc rhoncus dui vel sem sed sagittis nam', 'Sandor Vasilkov', '2024-01-31 00:00:00', 550),
(23, 'vel nulla eget eros elementum pellentesque quisque porta volutpat erat quisque erat', 'Dunn Teodori', '2024-03-24 00:00:00', 30),
(24, 'porta volutpat quam pede lobortis ligula sit amet eleifend pede libero quis orci nullam molestie nibh in lectus', 'Maurie Margaret', '2023-03-26 00:00:00', 656),
(25, 'id nulla ultrices aliquet maecenas leo odio condimentum id luctus', 'Wadsworth Crapper', '2024-04-28 00:00:00', 166),
(26, 'fermentum donec ut mauris eget massa tempor convallis nulla neque libero convallis eget eleifend luctus', 'Lurline Dimic', '2023-10-24 00:00:00', 830),
(27, 'nibh quisque id justo sit amet sapien dignissim vestibulum vestibulum ante ipsum primis in faucibus orci luctus et ultrices', 'Linda Stevenson', '2023-02-27 00:00:00', 931),
(28, 'morbi porttitor lorem id ligula suspendisse ornare consequat lectus in est risus auctor', 'Neel Blissitt', '2023-02-03 00:00:00', 491),
(29, 'consectetuer adipiscing elit proin risus praesent lectus vestibulum quam sapien varius ut blandit non interdum in', 'Doris Scurlock', '2022-10-22 00:00:00', 85),
(30, 'elit ac nulla sed vel enim sit amet nunc viverra dapibus nulla suscipit', 'Veronique Zorzoni', '2024-04-23 00:00:00', 683),
(31, 'tellus in sagittis dui vel nisl duis ac nibh fusce lacus', 'Jacqueline Ondricek', '2024-05-07 00:00:00', 654),
(32, 'elit proin interdum mauris non ligula pellentesque ultrices phasellus id sapien in sapien iaculis congue vivamus metus arcu adipiscing molestie', 'Ahmed Garrie', '2023-05-17 00:00:00', 596),
(33, 'donec pharetra magna vestibulum aliquet ultrices erat tortor sollicitudin mi sit', 'Ethelred Colclough', '2024-05-17 00:00:00', 976),
(34, 'luctus nec molestie sed justo pellentesque viverra pede ac diam cras pellentesque volutpat dui maecenas tristique est et tempus semper', 'Juline Skells', '2024-01-31 00:00:00', 531),
(35, 'vestibulum ante ipsum primis in faucibus orci luctus et ultrices posuere cubilia curae nulla dapibus', 'Jocelyne Georgel', '2023-11-22 00:00:00', 286),
(36, 'imperdiet nullam orci pede venenatis non sodales sed tincidunt eu felis fusce', 'Rosella Bratcher', '2022-11-13 00:00:00', 892),
(37, 'praesent lectus vestibulum quam sapien varius ut blandit non interdum in ante vestibulum ante ipsum primis', 'Constanta Eriksson', '2024-03-29 00:00:00', 779),
(38, 'orci luctus et ultrices posuere cubilia curae donec pharetra magna vestibulum aliquet ultrices erat tortor sollicitudin', 'Harrison Float', '2022-10-11 00:00:00', 697),
(39, 'dapibus augue vel accumsan tellus nisi eu orci mauris lacinia sapien quis libero nullam sit', 'Corette Pencost', '2023-07-17 00:00:00', 49),
(40, 'nec nisi volutpat eleifend donec ut dolor morbi vel lectus in quam fringilla rhoncus', 'Stacy Delacour', '2023-08-07 00:00:00', 476),
(41, 'non interdum in ante vestibulum ante ipsum primis in faucibus orci luctus et ultrices posuere', 'Vernor Dallemore', '2023-05-08 00:00:00', 407),
(42, 'interdum mauris non ligula pellentesque ultrices phasellus id sapien in sapien iaculis congue vivamus metus arcu adipiscing molestie hendrerit', 'Delaney Tattershaw', '2024-01-17 00:00:00', 455),
(43, 'lorem integer tincidunt ante vel ipsum praesent blandit lacinia erat vestibulum sed magna at nunc commodo placerat praesent', 'Daria Grinin', '2024-04-22 00:00:00', 912),
(44, 'sed nisl nunc rhoncus dui vel sem sed sagittis nam congue', 'Renell Joynes', '2023-07-26 00:00:00', 506),
(45, 'ante vestibulum ante ipsum primis in faucibus orci luctus et ultrices posuere cubilia curae duis faucibus accumsan odio curabitur convallis', 'Xenia Tegeller', '2024-05-24 00:00:00', 385),
(46, 'etiam justo etiam pretium iaculis justo in hac habitasse platea', 'Novelia Marousek', '2023-01-08 00:00:00', 201),
(47, 'eget nunc donec quis orci eget orci vehicula condimentum curabitur', 'Mordy Espine', '2023-05-02 00:00:00', 581),
(48, 'quis turpis eget elit sodales scelerisque mauris sit amet eros suspendisse accumsan tortor quis turpis sed ante vivamus tortor', 'Edvard Munro', '2023-11-07 00:00:00', 405),
(49, 'id massa id nisl venenatis lacinia aenean sit amet justo morbi ut odio cras mi pede malesuada', 'Beulah Smallcombe', '2023-12-08 00:00:00', 945),
(50, 'pede morbi porttitor lorem id ligula suspendisse ornare consequat lectus in est risus auctor', 'Benedikt Parysiak', '2023-09-17 00:00:00', 125),
(51, 'odio odio elementum eu interdum eu tincidunt in leo maecenas pulvinar lobortis est phasellus sit', 'Bear Abbotson', '2024-01-27 00:00:00', 438),
(52, 'in lacus curabitur at ipsum ac tellus semper interdum mauris ullamcorper purus sit amet nulla', 'Tallia Asman', '2024-05-30 00:00:00', 526),
(53, 'tempus vivamus in felis eu sapien cursus vestibulum proin eu mi nulla ac enim in tempor turpis nec', 'Justinian Stevens', '2022-10-11 00:00:00', 786),
(54, 'ante ipsum primis in faucibus orci luctus et ultrices posuere', 'Salim Dancey', '2023-12-19 00:00:00', 730),
(55, 'in tempor turpis nec euismod scelerisque quam turpis adipiscing lorem vitae mattis nibh ligula nec sem duis', 'Carola Beaman', '2023-06-02 00:00:00', 87),
(56, 'in hac habitasse platea dictumst aliquam augue quam sollicitudin vitae consectetuer eget rutrum at lorem integer tincidunt ante vel ipsum', 'Jordanna Cunah', '2023-12-31 00:00:00', 382),
(57, 'donec dapibus duis at velit eu est congue elementum in hac habitasse', 'Dorthea Youel', '2023-06-12 00:00:00', 930),
(58, 'eleifend quam a odio in hac habitasse platea dictumst maecenas ut massa quis augue', 'Milissent MacElroy', '2023-05-05 00:00:00', 656),
(59, 'mauris laoreet ut rhoncus aliquet pulvinar sed nisl nunc rhoncus dui vel sem', 'Ileane Stachini', '2023-06-11 00:00:00', 795),
(60, 'penatibus et magnis dis parturient montes nascetur ridiculus mus etiam vel augue vestibulum rutrum rutrum neque aenean', 'Curr Denley', '2024-05-17 00:00:00', 370),
(61, 'scelerisque mauris sit amet eros suspendisse accumsan tortor quis turpis sed ante vivamus tortor duis mattis egestas', 'Laurie Cashford', '2024-05-09 00:00:00', 498),
(62, 'quis augue luctus tincidunt nulla mollis molestie lorem quisque ut erat curabitur gravida nisi at', 'Darelle Lahy', '2023-05-14 00:00:00', 938),
(63, 'nulla eget eros elementum pellentesque quisque porta volutpat erat quisque erat eros', 'Inessa Lyman', '2023-02-01 00:00:00', 745),
(64, 'condimentum neque sapien placerat ante nulla justo aliquam quis turpis eget elit', 'Crissy Ajsik', '2023-01-03 00:00:00', 215),
(65, 'nibh in lectus pellentesque at nulla suspendisse potenti cras in', 'Ethelyn Thormwell', '2022-08-27 00:00:00', 697),
(66, 'nec sem duis aliquam convallis nunc proin at turpis a pede posuere nonummy integer non', 'Aguie Konertz', '2022-08-16 00:00:00', 959),
(67, 'sed interdum venenatis turpis enim blandit mi in porttitor pede justo', 'Dredi Mollin', '2022-10-22 00:00:00', 615),
(68, 'interdum mauris non ligula pellentesque ultrices phasellus id sapien in sapien iaculis congue', 'Nolie Ferris', '2024-05-04 00:00:00', 93),
(69, 'eget rutrum at lorem integer tincidunt ante vel ipsum praesent blandit lacinia erat', 'Mella Stammers', '2024-06-05 00:00:00', 891),
(70, 'ipsum aliquam non mauris morbi non lectus aliquam sit amet diam in magna bibendum imperdiet nullam orci', 'Leese Fairchild', '2022-10-28 00:00:00', 305),
(71, 'sapien arcu sed augue aliquam erat volutpat in congue etiam justo etiam pretium', 'Myrtle Tomkinson', '2024-05-28 00:00:00', 470),
(72, 'duis consequat dui nec nisi volutpat eleifend donec ut dolor morbi vel lectus', 'Sid Conti', '2022-11-28 00:00:00', 701),
(73, 'massa id lobortis convallis tortor risus dapibus augue vel accumsan tellus nisi eu orci', 'Kennith Goodsall', '2024-03-19 00:00:00', 525),
(74, 'pellentesque ultrices mattis odio donec vitae nisi nam ultrices libero non mattis pulvinar nulla pede ullamcorper augue a suscipit nulla', 'Cirilo Fallow', '2024-02-09 00:00:00', 987),
(75, 'tempor convallis nulla neque libero convallis eget eleifend luctus ultricies eu nibh quisque id justo sit amet', 'Mara Pavlovic', '2024-04-13 00:00:00', 570),
(76, 'tempor turpis nec euismod scelerisque quam turpis adipiscing lorem vitae', 'Kayle Cubley', '2023-02-14 00:00:00', 484),
(77, 'scelerisque mauris sit amet eros suspendisse accumsan tortor quis turpis sed', 'Jeana Ogelbe', '2023-05-20 00:00:00', 283),
(78, 'elit proin risus praesent lectus vestibulum quam sapien varius ut blandit non interdum', 'Aeriel Abel', '2022-11-15 00:00:00', 659),
(79, 'et ultrices posuere cubilia curae mauris viverra diam vitae quam suspendisse potenti nullam porttitor lacus', 'Elissa Tarbath', '2023-10-10 00:00:00', 494),
(80, 'sem duis aliquam convallis nunc proin at turpis a pede posuere nonummy integer non velit donec diam', 'Winn Ianinotti', '2024-03-18 00:00:00', 976),
(81, 'nunc nisl duis bibendum felis sed interdum venenatis turpis enim blandit mi in porttitor pede', 'Braden McCafferky', '2022-09-30 00:00:00', 665),
(82, 'enim lorem ipsum dolor sit amet consectetuer adipiscing elit proin interdum mauris non', 'Elvina Denyukhin', '2022-12-11 00:00:00', 780),
(83, 'faucibus accumsan odio curabitur convallis duis consequat dui nec nisi volutpat eleifend donec ut dolor morbi', 'Hermon Cobello', '2023-04-10 00:00:00', 231),
(84, 'ut erat curabitur gravida nisi at nibh in hac habitasse platea dictumst aliquam augue quam sollicitudin', 'Marlie Glowach', '2022-08-18 00:00:00', 114),
(85, 'mauris eget massa tempor convallis nulla neque libero convallis eget eleifend luctus ultricies', 'Gerta Pickavance', '2023-05-05 00:00:00', 244),
(86, 'purus aliquet at feugiat non pretium quis lectus suspendisse potenti in eleifend quam a odio in hac', 'Leonhard Heddon', '2023-06-01 00:00:00', 84),
(87, 'sagittis sapien cum sociis natoque penatibus et magnis dis parturient montes nascetur ridiculus mus etiam vel augue', 'Rollins Bartleman', '2023-03-10 00:00:00', 377),
(88, 'arcu adipiscing molestie hendrerit at vulputate vitae nisl aenean lectus pellentesque eget nunc donec quis orci eget', 'Chris Whate', '2023-09-27 00:00:00', 770),
(89, 'interdum mauris non ligula pellentesque ultrices phasellus id sapien in sapien iaculis congue vivamus metus arcu', 'Wilhelmina Skipsea', '2023-01-17 00:00:00', 890),
(90, 'sapien cum sociis natoque penatibus et magnis dis parturient montes nascetur ridiculus mus etiam vel augue vestibulum rutrum rutrum', 'Terese Garstang', '2023-06-21 00:00:00', 846),
(91, 'platea dictumst etiam faucibus cursus urna ut tellus nulla ut erat id', 'Michal Hearmon', '2023-01-30 00:00:00', 918),
(92, 'risus semper porta volutpat quam pede lobortis ligula sit amet eleifend pede libero quis orci nullam molestie nibh in lectus', 'Ted Wickman', '2024-02-29 00:00:00', 8),
(93, 'faucibus cursus urna ut tellus nulla ut erat id mauris vulputate elementum nullam varius nulla facilisi cras', 'Faber Cristoferi', '2024-01-25 00:00:00', 453),
(94, 'nulla sed accumsan felis ut at dolor quis odio consequat varius integer ac leo pellentesque ultrices mattis', 'Lyn Ludgrove', '2024-04-18 00:00:00', 583),
(95, 'vitae nisl aenean lectus pellentesque eget nunc donec quis orci', 'Kaitlynn Smowton', '2023-08-27 00:00:00', 427),
(96, 'in lacus curabitur at ipsum ac tellus semper interdum mauris ullamcorper', 'Dre Peer', '2023-12-08 00:00:00', 274),
(97, 'mollis molestie lorem quisque ut erat curabitur gravida nisi at', 'Debera Passy', '2024-02-25 00:00:00', 846),
(98, 'leo rhoncus sed vestibulum sit amet cursus id turpis integer aliquet massa id lobortis convallis tortor risus', 'Shelagh Ciccarello', '2022-12-23 00:00:00', 595),
(99, 'lacus purus aliquet at feugiat non pretium quis lectus suspendisse potenti in eleifend quam', 'Ailey Genner', '2023-04-14 00:00:00', 670),
(100, 'non interdum in ante vestibulum ante ipsum primis in faucibus', 'Alec Whitecross', '2024-04-13 00:00:00', 756),
(101, 'dis parturient montes nascetur ridiculus mus etiam vel augue vestibulum rutrum rutrum neque aenean auctor gravida sem praesent', 'Missie De Paoli', '2023-09-03 00:00:00', 773),
(102, 'augue vestibulum ante ipsum primis in faucibus orci luctus et ultrices posuere cubilia curae donec pharetra magna vestibulum aliquet ultrices', 'Ferd Wedlake', '2022-11-29 00:00:00', 591),
(103, 'odio cras mi pede malesuada in imperdiet et commodo vulputate justo in blandit ultrices enim lorem ipsum dolor', 'Ford Jerratsch', '2022-11-30 00:00:00', 113),
(104, 'diam in magna bibendum imperdiet nullam orci pede venenatis non sodales sed tincidunt eu', 'Ailbert Haines', '2024-03-20 00:00:00', 703),
(105, 'non mattis pulvinar nulla pede ullamcorper augue a suscipit nulla elit ac nulla sed', 'Quentin By', '2023-02-21 00:00:00', 117),
(106, 'cras mi pede malesuada in imperdiet et commodo vulputate justo in blandit ultrices enim lorem ipsum', 'Ginny Cordero', '2022-11-25 00:00:00', 663),
(107, 'potenti in eleifend quam a odio in hac habitasse platea dictumst maecenas ut massa quis', 'Teodorico Leckey', '2024-01-25 00:00:00', 866),
(108, 'libero quis orci nullam molestie nibh in lectus pellentesque at nulla suspendisse potenti cras in purus eu magna vulputate', 'Darby Westmorland', '2022-12-01 00:00:00', 149),
(109, 'velit vivamus vel nulla eget eros elementum pellentesque quisque porta volutpat erat quisque erat eros viverra', 'Aretha Mowatt', '2023-05-30 00:00:00', 16),
(110, 'tincidunt eu felis fusce posuere felis sed lacus morbi sem mauris laoreet ut rhoncus', 'Kellia Worsnup', '2023-09-27 00:00:00', 469),
(111, 'est phasellus sit amet erat nulla tempus vivamus in felis eu sapien cursus vestibulum proin eu mi', 'Guillaume Flury', '2023-07-11 00:00:00', 965),
(112, 'convallis tortor risus dapibus augue vel accumsan tellus nisi eu orci mauris lacinia sapien quis libero nullam', 'Hendrik Chedzoy', '2023-06-30 00:00:00', 419),
(113, 'duis bibendum morbi non quam nec dui luctus rutrum nulla tellus in sagittis dui', 'Faythe Jorgesen', '2023-07-30 00:00:00', 330),
(114, 'rutrum neque aenean auctor gravida sem praesent id massa id nisl venenatis lacinia aenean sit amet justo', 'Simone Wollaston', '2023-02-27 00:00:00', 232),
(115, 'felis fusce posuere felis sed lacus morbi sem mauris laoreet ut rhoncus aliquet pulvinar sed nisl nunc rhoncus', 'Killy Ferry', '2022-09-21 00:00:00', 677),
(116, 'posuere cubilia curae mauris viverra diam vitae quam suspendisse potenti nullam porttitor lacus at turpis', 'Cal Flaherty', '2022-12-22 00:00:00', 964),
(117, 'duis ac nibh fusce lacus purus aliquet at feugiat non pretium quis', 'Nicolis Silversmid', '2023-06-16 00:00:00', 10),
(118, 'in lacus curabitur at ipsum ac tellus semper interdum mauris ullamcorper purus sit', 'Darryl Kruszelnicki', '2023-11-06 00:00:00', 497),
(119, 'sem sed sagittis nam congue risus semper porta volutpat quam pede lobortis ligula sit', 'Yvor Janssen', '2023-02-25 00:00:00', 761),
(120, 'etiam vel augue vestibulum rutrum rutrum neque aenean auctor gravida sem praesent id massa id nisl venenatis', 'Myron Danieli', '2023-01-23 00:00:00', 378),
(121, 'lacus morbi quis tortor id nulla ultrices aliquet maecenas leo odio condimentum id luctus nec molestie sed justo pellentesque', 'Vanny Tickle', '2023-03-29 00:00:00', 776),
(122, 'fringilla rhoncus mauris enim leo rhoncus sed vestibulum sit amet cursus id turpis', 'Leonhard Peet', '2023-07-20 00:00:00', 198),
(123, 'hendrerit at vulputate vitae nisl aenean lectus pellentesque eget nunc donec quis orci eget orci vehicula condimentum', 'Desi Yoell', '2024-05-07 00:00:00', 37),
(124, 'mattis odio donec vitae nisi nam ultrices libero non mattis', 'Krysta Garken', '2023-06-21 00:00:00', 532),
(125, 'morbi odio odio elementum eu interdum eu tincidunt in leo maecenas pulvinar lobortis est phasellus', 'Shaylah Balch', '2024-02-28 00:00:00', 418),
(126, 'tellus semper interdum mauris ullamcorper purus sit amet nulla quisque arcu libero rutrum ac lobortis', 'Aurie Doone', '2022-10-02 00:00:00', 506),
(127, 'vulputate justo in blandit ultrices enim lorem ipsum dolor sit amet consectetuer adipiscing elit proin interdum mauris non ligula', 'Hans Burmaster', '2022-08-30 00:00:00', 960),
(128, 'in ante vestibulum ante ipsum primis in faucibus orci luctus et ultrices posuere cubilia', 'Daryle Caroline', '2024-04-29 00:00:00', 460),
(129, 'ligula suspendisse ornare consequat lectus in est risus auctor sed', 'Clement Lambole', '2023-10-26 00:00:00', 276),
(130, 'et magnis dis parturient montes nascetur ridiculus mus vivamus vestibulum sagittis sapien cum sociis natoque penatibus', 'Nananne Buller', '2023-06-04 00:00:00', 85),
(131, 'quam suspendisse potenti nullam porttitor lacus at turpis donec posuere metus vitae ipsum aliquam non mauris morbi non lectus', 'Julius Bletso', '2023-08-08 00:00:00', 439),
(132, 'pellentesque eget nunc donec quis orci eget orci vehicula condimentum curabitur in libero', 'Marys Pyzer', '2023-03-08 00:00:00', 749),
(133, 'blandit nam nulla integer pede justo lacinia eget tincidunt eget', 'Nolan Culvey', '2022-11-02 00:00:00', 797),
(134, 'lorem id ligula suspendisse ornare consequat lectus in est risus auctor sed', 'Jenica Mullender', '2022-10-06 00:00:00', 146),
(135, 'adipiscing elit proin risus praesent lectus vestibulum quam sapien varius ut blandit non interdum', 'Cori Bagguley', '2022-12-30 00:00:00', 102),
(136, 'etiam faucibus cursus urna ut tellus nulla ut erat id mauris vulputate elementum', 'Bron Deville', '2023-06-16 00:00:00', 626),
(137, 'vel accumsan tellus nisi eu orci mauris lacinia sapien quis libero nullam sit amet turpis elementum ligula', 'Caritta Savege', '2023-01-10 00:00:00', 375),
(138, 'porttitor id consequat in consequat ut nulla sed accumsan felis ut', 'Ranna Edwicke', '2023-08-22 00:00:00', 239),
(139, 'ac nulla sed vel enim sit amet nunc viverra dapibus nulla suscipit', 'Brook Rubenfeld', '2022-08-25 00:00:00', 374),
(140, 'nullam sit amet turpis elementum ligula vehicula consequat morbi a', 'Kirk Tamplin', '2022-09-26 00:00:00', 55),
(141, 'mollis molestie lorem quisque ut erat curabitur gravida nisi at nibh in hac habitasse platea dictumst', 'Frankie Sextie', '2023-12-08 00:00:00', 593),
(142, 'congue eget semper rutrum nulla nunc purus phasellus in felis', 'Kameko Dannel', '2023-07-07 00:00:00', 931),
(143, 'est quam pharetra magna ac consequat metus sapien ut nunc vestibulum ante ipsum primis', 'Phaedra Taudevin', '2024-05-23 00:00:00', 147),
(144, 'a nibh in quis justo maecenas rhoncus aliquam lacus morbi', 'Jesse Mc Giffin', '2022-10-15 00:00:00', 656),
(145, 'id justo sit amet sapien dignissim vestibulum vestibulum ante ipsum primis in faucibus orci luctus', 'L;urette Merriott', '2023-05-21 00:00:00', 650),
(146, 'cras mi pede malesuada in imperdiet et commodo vulputate justo in', 'Maiga Blitzer', '2024-02-27 00:00:00', 176),
(147, 'donec diam neque vestibulum eget vulputate ut ultrices vel augue vestibulum ante ipsum primis in faucibus', 'Vilhelmina Barniss', '2023-02-21 00:00:00', 632),
(148, 'non sodales sed tincidunt eu felis fusce posuere felis sed lacus morbi sem mauris laoreet ut rhoncus', 'Faunie Brookhouse', '2023-06-23 00:00:00', 404),
(149, 'volutpat convallis morbi odio odio elementum eu interdum eu tincidunt in leo maecenas pulvinar lobortis est phasellus sit amet erat', 'Tedmund Tinn', '2022-11-24 00:00:00', 866),
(150, 'tincidunt nulla mollis molestie lorem quisque ut erat curabitur gravida nisi at nibh in', 'Vasili Wynes', '2023-11-23 00:00:00', 928),
(151, 'non pretium quis lectus suspendisse potenti in eleifend quam a odio in hac habitasse platea dictumst maecenas ut massa', 'Barn Bruineman', '2023-02-11 00:00:00', 347),
(152, 'primis in faucibus orci luctus et ultrices posuere cubilia curae mauris viverra diam', 'Delly Casper', '2023-10-07 00:00:00', 624),
(153, 'aliquet maecenas leo odio condimentum id luctus nec molestie sed justo pellentesque viverra pede ac diam cras pellentesque volutpat dui', 'Natala Heskey', '2022-09-16 00:00:00', 5),
(154, 'posuere cubilia curae duis faucibus accumsan odio curabitur convallis duis consequat dui nec nisi volutpat eleifend', 'Hasty Lamlin', '2023-06-02 00:00:00', 221),
(155, 'lectus vestibulum quam sapien varius ut blandit non interdum in ante', 'Nicky Milborn', '2023-11-10 00:00:00', 955),
(156, 'lectus suspendisse potenti in eleifend quam a odio in hac habitasse platea dictumst', 'Karil Castles', '2023-08-14 00:00:00', 368),
(157, 'amet diam in magna bibendum imperdiet nullam orci pede venenatis non sodales sed', 'Ricki Northfield', '2022-12-19 00:00:00', 892),
(158, 'dictumst maecenas ut massa quis augue luctus tincidunt nulla mollis molestie lorem quisque ut', 'Brose Weyman', '2023-08-27 00:00:00', 82),
(159, 'pede justo lacinia eget tincidunt eget tempus vel pede morbi porttitor lorem id ligula suspendisse ornare consequat', 'Nat Keelan', '2022-08-04 00:00:00', 61),
(160, 'parturient montes nascetur ridiculus mus vivamus vestibulum sagittis sapien cum sociis natoque penatibus et magnis dis parturient montes', 'Toni McKelvie', '2023-01-27 00:00:00', 308),
(161, 'nunc nisl duis bibendum felis sed interdum venenatis turpis enim blandit mi in porttitor pede justo eu massa donec dapibus', 'Netti La Torre', '2022-12-12 00:00:00', 974),
(162, 'metus vitae ipsum aliquam non mauris morbi non lectus aliquam sit amet diam in magna bibendum imperdiet nullam', 'Bing Caldeyroux', '2023-09-07 00:00:00', 238),
(163, 'ultrices phasellus id sapien in sapien iaculis congue vivamus metus', 'Urban Claessens', '2024-01-18 00:00:00', 92),
(164, 'quis odio consequat varius integer ac leo pellentesque ultrices mattis odio donec', 'Lamont Boniface', '2023-01-17 00:00:00', 855),
(165, 'tempor convallis nulla neque libero convallis eget eleifend luctus ultricies eu nibh quisque id justo sit amet sapien dignissim', 'Vikky Brambill', '2023-09-05 00:00:00', 984),
(166, 'quis orci eget orci vehicula condimentum curabitur in libero ut massa volutpat convallis morbi odio odio elementum eu interdum eu', 'Olly Bartalucci', '2022-08-29 00:00:00', 893),
(167, 'magnis dis parturient montes nascetur ridiculus mus etiam vel augue vestibulum rutrum rutrum neque aenean auctor gravida sem praesent id', 'Clem Dadge', '2022-09-11 00:00:00', 567),
(168, 'donec vitae nisi nam ultrices libero non mattis pulvinar nulla pede ullamcorper augue a', 'Ruthi MacGillespie', '2022-12-17 00:00:00', 496),
(169, 'vulputate luctus cum sociis natoque penatibus et magnis dis parturient montes nascetur ridiculus mus vivamus vestibulum sagittis sapien', 'Torre Seton', '2022-11-19 00:00:00', 972),
(170, 'sapien quis libero nullam sit amet turpis elementum ligula vehicula consequat morbi a', 'Shoshanna Casterou', '2022-12-11 00:00:00', 748),
(171, 'quam nec dui luctus rutrum nulla tellus in sagittis dui vel nisl duis ac nibh fusce', 'Isidro Roseburgh', '2023-06-08 00:00:00', 381),
(172, 'justo nec condimentum neque sapien placerat ante nulla justo aliquam quis', 'Arther Bater', '2022-08-15 00:00:00', 545),
(173, 'proin at turpis a pede posuere nonummy integer non velit donec', 'Ruthi Creigan', '2023-11-23 00:00:00', 590),
(174, 'elementum ligula vehicula consequat morbi a ipsum integer a nibh in quis justo maecenas rhoncus aliquam lacus morbi quis tortor', 'Effie Gothup', '2023-03-08 00:00:00', 147),
(175, 'volutpat quam pede lobortis ligula sit amet eleifend pede libero', 'Job Arrol', '2023-02-11 00:00:00', 602),
(176, 'pellentesque viverra pede ac diam cras pellentesque volutpat dui maecenas tristique est et tempus semper', 'Dorree Coytes', '2023-11-01 00:00:00', 581),
(177, 'quis odio consequat varius integer ac leo pellentesque ultrices mattis odio donec vitae nisi nam', 'Homerus Lattin', '2022-09-28 00:00:00', 224),
(178, 'eu interdum eu tincidunt in leo maecenas pulvinar lobortis est phasellus sit amet erat nulla tempus vivamus in felis', 'Thedric Bentson', '2024-03-22 00:00:00', 12),
(179, 'cubilia curae donec pharetra magna vestibulum aliquet ultrices erat tortor sollicitudin mi sit amet lobortis sapien sapien', 'Chrotoem MacCardle', '2024-03-05 00:00:00', 484),
(180, 'tortor duis mattis egestas metus aenean fermentum donec ut mauris eget massa tempor convallis nulla neque', 'Madalyn Twelvetrees', '2024-01-08 00:00:00', 46),
(181, 'suscipit a feugiat et eros vestibulum ac est lacinia nisi venenatis tristique fusce congue diam id', 'Livvie Atwool', '2023-03-14 00:00:00', 858),
(182, 'consequat metus sapien ut nunc vestibulum ante ipsum primis in faucibus orci luctus et ultrices posuere cubilia curae mauris', 'Edan Bayfield', '2023-01-25 00:00:00', 9),
(183, 'sit amet cursus id turpis integer aliquet massa id lobortis convallis tortor risus dapibus augue vel accumsan tellus nisi eu', 'Elizabeth Le Quesne', '2022-08-24 00:00:00', 4),
(184, 'ut suscipit a feugiat et eros vestibulum ac est lacinia nisi', 'Kittie Ambrozik', '2023-10-18 00:00:00', 48),
(185, 'leo maecenas pulvinar lobortis est phasellus sit amet erat nulla tempus vivamus in felis eu', 'Ivett Hardeman', '2022-10-26 00:00:00', 867),
(186, 'curae donec pharetra magna vestibulum aliquet ultrices erat tortor sollicitudin mi sit amet lobortis sapien sapien non mi integer ac', 'Babette Petherick', '2023-09-12 00:00:00', 707),
(187, 'mauris eget massa tempor convallis nulla neque libero convallis eget eleifend luctus', 'Yevette Betser', '2023-06-27 00:00:00', 136),
(188, 'nulla sed accumsan felis ut at dolor quis odio consequat', 'Bennett Presslie', '2023-11-30 00:00:00', 540),
(189, 'dui vel nisl duis ac nibh fusce lacus purus aliquet at feugiat non pretium quis lectus', 'Roley Soane', '2023-09-03 00:00:00', 344),
(190, 'quisque id justo sit amet sapien dignissim vestibulum vestibulum ante', 'Riobard Pantridge', '2022-12-18 00:00:00', 6),
(191, 'in purus eu magna vulputate luctus cum sociis natoque penatibus et magnis dis parturient montes nascetur ridiculus', 'Torrance Seage', '2024-03-13 00:00:00', 38),
(192, 'nullam varius nulla facilisi cras non velit nec nisi vulputate nonummy maecenas tincidunt lacus at velit vivamus', 'Laurens Glasbey', '2022-12-14 00:00:00', 417),
(193, 'orci luctus et ultrices posuere cubilia curae nulla dapibus dolor vel', 'Alvina MacColl', '2022-08-28 00:00:00', 807),
(194, 'et commodo vulputate justo in blandit ultrices enim lorem ipsum dolor sit amet consectetuer adipiscing elit proin interdum mauris', 'Boyce Abbati', '2023-10-14 00:00:00', 507),
(195, 'felis fusce posuere felis sed lacus morbi sem mauris laoreet ut rhoncus aliquet pulvinar sed nisl nunc rhoncus', 'Nikki Sumpner', '2022-09-26 00:00:00', 202),
(196, 'congue risus semper porta volutpat quam pede lobortis ligula sit amet eleifend pede libero quis orci', 'Jyoti Finnick', '2024-01-04 00:00:00', 640),
(197, 'lectus vestibulum quam sapien varius ut blandit non interdum in', 'Lilly Raubenheimers', '2023-07-05 00:00:00', 469),
(198, 'aliquam convallis nunc proin at turpis a pede posuere nonummy integer non velit donec', 'Ronnie Yurukhin', '2023-01-17 00:00:00', 492),
(199, 'nec euismod scelerisque quam turpis adipiscing lorem vitae mattis nibh ligula', 'Ealasaid Majury', '2024-03-05 00:00:00', 38),
(200, 'vulputate luctus cum sociis natoque penatibus et magnis dis parturient montes nascetur ridiculus mus', 'Parker Bernier', '2023-10-24 00:00:00', 788),
(201, 'enim leo rhoncus sed vestibulum sit amet cursus id turpis integer', 'Quinn Gueny', '2023-06-06 00:00:00', 861),
(202, 'felis sed lacus morbi sem mauris laoreet ut rhoncus aliquet pulvinar sed nisl', 'Odelle Mardy', '2022-09-14 00:00:00', 179),
(203, 'in lacus curabitur at ipsum ac tellus semper interdum mauris ullamcorper', 'Fania Copelli', '2023-11-18 00:00:00', 390),
(204, 'lorem vitae mattis nibh ligula nec sem duis aliquam convallis nunc', 'Yale Harrell', '2022-11-05 00:00:00', 144),
(205, 'tortor duis mattis egestas metus aenean fermentum donec ut mauris eget massa tempor convallis', 'Rivy Golby', '2024-01-13 00:00:00', 698),
(206, 'pulvinar lobortis est phasellus sit amet erat nulla tempus vivamus in', 'Petronille Wherton', '2022-09-29 00:00:00', 259),
(207, 'lectus in quam fringilla rhoncus mauris enim leo rhoncus sed vestibulum', 'Dukie Maytum', '2023-08-09 00:00:00', 255),
(208, 'tincidunt nulla mollis molestie lorem quisque ut erat curabitur gravida nisi at nibh in hac habitasse platea dictumst aliquam augue', 'Eva Grassett', '2023-03-06 00:00:00', 977),
(209, 'vivamus in felis eu sapien cursus vestibulum proin eu mi nulla ac', 'Fallon Nottle', '2022-12-25 00:00:00', 409),
(210, 'phasellus sit amet erat nulla tempus vivamus in felis eu sapien cursus vestibulum proin eu mi nulla ac', 'Gonzalo Lantaff', '2024-02-08 00:00:00', 474),
(211, 'vel est donec odio justo sollicitudin ut suscipit a feugiat et eros vestibulum ac est lacinia', 'Latia Deeman', '2024-05-15 00:00:00', 831),
(212, 'scelerisque quam turpis adipiscing lorem vitae mattis nibh ligula nec sem duis aliquam convallis nunc proin at turpis a', 'Steffane Petricek', '2023-03-20 00:00:00', 553),
(213, 'tristique in tempus sit amet sem fusce consequat nulla nisl nunc nisl duis bibendum felis sed interdum venenatis turpis', 'Garrard Sokale', '2024-05-28 00:00:00', 706),
(214, 'morbi ut odio cras mi pede malesuada in imperdiet et commodo vulputate justo in blandit', 'Cleavland Langrish', '2023-04-27 00:00:00', 272),
(215, 'neque libero convallis eget eleifend luctus ultricies eu nibh quisque id justo sit amet sapien dignissim', 'Elsie Bilbee', '2023-03-13 00:00:00', 537),
(216, 'odio elementum eu interdum eu tincidunt in leo maecenas pulvinar lobortis est phasellus sit', 'Ronica Guild', '2022-10-17 00:00:00', 265),
(217, 'ut erat id mauris vulputate elementum nullam varius nulla facilisi cras non velit nec nisi vulputate nonummy maecenas tincidunt lacus', 'Toddy Waggitt', '2023-09-16 00:00:00', 893),
(218, 'a feugiat et eros vestibulum ac est lacinia nisi venenatis tristique fusce congue diam', 'Tova Willwood', '2023-09-26 00:00:00', 102),
(219, 'mauris non ligula pellentesque ultrices phasellus id sapien in sapien iaculis congue vivamus metus arcu adipiscing', 'Yvette Cantera', '2023-10-08 00:00:00', 734),
(220, 'proin leo odio porttitor id consequat in consequat ut nulla sed accumsan felis ut at dolor quis odio consequat varius', 'Odie Baudone', '2024-02-26 00:00:00', 205),
(221, 'semper sapien a libero nam dui proin leo odio porttitor id consequat in consequat', 'Trumaine Beinke', '2023-07-08 00:00:00', 550),
(222, 'quisque arcu libero rutrum ac lobortis vel dapibus at diam', 'Nester Duckhouse', '2023-05-08 00:00:00', 316),
(223, 'sapien a libero nam dui proin leo odio porttitor id consequat in consequat ut nulla sed', 'Byran Howatt', '2023-02-27 00:00:00', 302),
(224, 'vestibulum eget vulputate ut ultrices vel augue vestibulum ante ipsum primis', 'Jobie Habbergham', '2024-01-03 00:00:00', 936),
(225, 'morbi non lectus aliquam sit amet diam in magna bibendum imperdiet nullam orci pede', 'Danette Sides', '2022-09-23 00:00:00', 248),
(226, 'et magnis dis parturient montes nascetur ridiculus mus etiam vel augue', 'Romona Donnell', '2023-07-21 00:00:00', 594),
(227, 'ultrices posuere cubilia curae duis faucibus accumsan odio curabitur convallis duis consequat', 'Hilarius Edis', '2024-04-01 00:00:00', 235),
(228, 'et commodo vulputate justo in blandit ultrices enim lorem ipsum dolor sit amet consectetuer adipiscing elit proin interdum', 'Wenda Howroyd', '2023-09-24 00:00:00', 123),
(229, 'morbi vel lectus in quam fringilla rhoncus mauris enim leo rhoncus sed vestibulum sit amet cursus id turpis', 'Odo Alphege', '2023-04-28 00:00:00', 371),
(230, 'orci vehicula condimentum curabitur in libero ut massa volutpat convallis morbi odio odio elementum eu', 'Keven Douthwaite', '2022-09-11 00:00:00', 646),
(231, 'orci luctus et ultrices posuere cubilia curae nulla dapibus dolor vel est donec odio justo sollicitudin', 'Doyle Kleyn', '2023-07-09 00:00:00', 466),
(232, 'at nibh in hac habitasse platea dictumst aliquam augue quam sollicitudin', 'Laughton Strawbridge', '2024-03-20 00:00:00', 443),
(233, 'mauris lacinia sapien quis libero nullam sit amet turpis elementum ligula', 'Daryn Wandless', '2023-07-19 00:00:00', 535),
(234, 'pulvinar lobortis est phasellus sit amet erat nulla tempus vivamus', 'Gwyneth Ballantine', '2023-03-14 00:00:00', 762),
(235, 'platea dictumst etiam faucibus cursus urna ut tellus nulla ut erat id mauris vulputate elementum', 'Jeffy Mogridge', '2022-11-05 00:00:00', 929),
(236, 'tincidunt lacus at velit vivamus vel nulla eget eros elementum', 'Ardyce Silwood', '2024-01-05 00:00:00', 420),
(237, 'ac leo pellentesque ultrices mattis odio donec vitae nisi nam ultrices libero non mattis pulvinar', 'Mikey Ranklin', '2022-08-29 00:00:00', 666),
(238, 'et ultrices posuere cubilia curae duis faucibus accumsan odio curabitur convallis duis consequat dui nec nisi volutpat eleifend donec', 'Nevins Waples', '2023-01-10 00:00:00', 671),
(239, 'nulla elit ac nulla sed vel enim sit amet nunc viverra dapibus nulla suscipit ligula in lacus curabitur at ipsum', 'Lucienne Olin', '2024-04-09 00:00:00', 834),
(240, 'justo eu massa donec dapibus duis at velit eu est congue elementum in hac habitasse platea dictumst', 'Gizela Caplen', '2023-06-26 00:00:00', 238),
(241, 'montes nascetur ridiculus mus vivamus vestibulum sagittis sapien cum sociis natoque penatibus et magnis dis parturient montes', 'Johny Fergie', '2023-06-17 00:00:00', 727),
(242, 'sed interdum venenatis turpis enim blandit mi in porttitor pede justo eu massa donec dapibus duis at velit', 'Shelby Whitlock', '2024-05-21 00:00:00', 407),
(243, 'mi nulla ac enim in tempor turpis nec euismod scelerisque quam turpis adipiscing lorem vitae mattis nibh', 'Carrie Wickett', '2022-11-28 00:00:00', 276),
(244, 'nulla suspendisse potenti cras in purus eu magna vulputate luctus cum sociis natoque penatibus et magnis dis parturient montes', 'Boone Valencia', '2023-10-26 00:00:00', 510),
(245, 'eu massa donec dapibus duis at velit eu est congue elementum in hac habitasse platea dictumst morbi', 'Imogen Daish', '2022-10-08 00:00:00', 52),
(246, 'faucibus orci luctus et ultrices posuere cubilia curae duis faucibus accumsan odio curabitur convallis duis consequat dui nec nisi volutpat', 'Sully Caso', '2022-10-26 00:00:00', 714),
(247, 'tempor turpis nec euismod scelerisque quam turpis adipiscing lorem vitae mattis nibh', 'Timmy Pringer', '2022-08-02 00:00:00', 166),
(248, 'mauris sit amet eros suspendisse accumsan tortor quis turpis sed ante vivamus tortor', 'Aksel Matusevich', '2023-05-11 00:00:00', 341),
(249, 'sit amet eleifend pede libero quis orci nullam molestie nibh in lectus', 'Selma Butteris', '2023-01-14 00:00:00', 847),
(250, 'enim in tempor turpis nec euismod scelerisque quam turpis adipiscing lorem vitae mattis nibh ligula nec sem duis aliquam', 'Felizio Stockwell', '2023-07-01 00:00:00', 182),
(251, 'lectus pellentesque at nulla suspendisse potenti cras in purus eu magna vulputate luctus cum sociis natoque penatibus et', 'Georgina Vasentsov', '2024-01-24 00:00:00', 305),
(252, 'sodales sed tincidunt eu felis fusce posuere felis sed lacus morbi sem mauris laoreet ut rhoncus aliquet', 'Cathi Marielle', '2023-03-27 00:00:00', 585),
(253, 'sollicitudin mi sit amet lobortis sapien sapien non mi integer ac neque duis bibendum morbi non quam', 'Ansley Bernot', '2024-02-25 00:00:00', 513),
(254, 'ante ipsum primis in faucibus orci luctus et ultrices posuere cubilia curae mauris viverra', 'Maris Trethewey', '2023-08-19 00:00:00', 350),
(255, 'sed vestibulum sit amet cursus id turpis integer aliquet massa id lobortis convallis tortor risus dapibus augue vel accumsan tellus', 'Faythe Tetley', '2022-11-12 00:00:00', 546),
(256, 'viverra dapibus nulla suscipit ligula in lacus curabitur at ipsum ac tellus semper interdum mauris ullamcorper purus sit amet nulla', 'Zane Fritz', '2024-02-28 00:00:00', 831),
(257, 'turpis elementum ligula vehicula consequat morbi a ipsum integer a nibh in quis justo maecenas rhoncus aliquam lacus morbi quis', 'Corinne Clapham', '2023-08-10 00:00:00', 361),
(258, 'adipiscing lorem vitae mattis nibh ligula nec sem duis aliquam convallis nunc proin at turpis a pede', 'Andras Trask', '2023-12-06 00:00:00', 761),
(259, 'nec euismod scelerisque quam turpis adipiscing lorem vitae mattis nibh ligula nec sem duis aliquam', 'Tiffany McIlmurray', '2023-11-09 00:00:00', 272),
(260, 'scelerisque quam turpis adipiscing lorem vitae mattis nibh ligula nec', 'Seumas Caile', '2023-09-28 00:00:00', 257),
(261, 'eu orci mauris lacinia sapien quis libero nullam sit amet turpis elementum ligula vehicula', 'Ferdinanda Varian', '2023-07-04 00:00:00', 18),
(262, 'congue eget semper rutrum nulla nunc purus phasellus in felis donec semper sapien a libero', 'Frasquito Sivior', '2023-12-14 00:00:00', 209),
(263, 'hac habitasse platea dictumst maecenas ut massa quis augue luctus tincidunt', 'Billie Hull', '2023-10-05 00:00:00', 428),
(264, 'ut odio cras mi pede malesuada in imperdiet et commodo vulputate justo in blandit ultrices enim lorem ipsum dolor', 'Arny Gurnell', '2023-08-03 00:00:00', 789),
(265, 'ut blandit non interdum in ante vestibulum ante ipsum primis in faucibus', 'Terrence Meas', '2024-02-16 00:00:00', 737),
(266, 'non velit nec nisi vulputate nonummy maecenas tincidunt lacus at velit', 'Vinnie Bownas', '2023-04-25 00:00:00', 402),
(267, 'dapibus nulla suscipit ligula in lacus curabitur at ipsum ac tellus semper', 'Opaline Tiddeman', '2023-02-22 00:00:00', 411),
(268, 'eros viverra eget congue eget semper rutrum nulla nunc purus phasellus in felis', 'Roxanne Hadingham', '2023-10-26 00:00:00', 520),
(269, 'tempus semper est quam pharetra magna ac consequat metus sapien ut nunc vestibulum', 'Lorita Clampett', '2023-01-22 00:00:00', 784),
(270, 'lacus at turpis donec posuere metus vitae ipsum aliquam non mauris morbi non lectus aliquam', 'Jerrie Costell', '2024-03-21 00:00:00', 507),
(271, 'mattis pulvinar nulla pede ullamcorper augue a suscipit nulla elit ac nulla', 'Ettore Life', '2023-11-04 00:00:00', 916),
(272, 'lacus morbi sem mauris laoreet ut rhoncus aliquet pulvinar sed nisl nunc rhoncus dui', 'Bunnie Janny', '2022-09-10 00:00:00', 751),
(273, 'magna vulputate luctus cum sociis natoque penatibus et magnis dis parturient montes nascetur ridiculus mus vivamus vestibulum sagittis sapien cum', 'Merle Antoniazzi', '2022-08-31 00:00:00', 318),
(274, 'felis sed interdum venenatis turpis enim blandit mi in porttitor pede justo eu massa donec dapibus duis', 'Aarika Andrews', '2024-04-24 00:00:00', 750),
(275, 'aenean fermentum donec ut mauris eget massa tempor convallis nulla neque libero convallis eget eleifend luctus ultricies eu nibh quisque', 'Alina Ciementini', '2023-02-10 00:00:00', 223),
(276, 'massa tempor convallis nulla neque libero convallis eget eleifend luctus ultricies', 'Kaleb Hobbing', '2023-08-06 00:00:00', 47),
(277, 'dapibus nulla suscipit ligula in lacus curabitur at ipsum ac tellus semper', 'Neale Bryceson', '2023-06-06 00:00:00', 376),
(278, 'metus vitae ipsum aliquam non mauris morbi non lectus aliquam sit amet diam', 'Jacky Bazire', '2023-05-26 00:00:00', 997),
(279, 'leo rhoncus sed vestibulum sit amet cursus id turpis integer aliquet massa id lobortis convallis tortor risus', 'Valli Atlay', '2023-01-11 00:00:00', 658),
(280, 'ipsum primis in faucibus orci luctus et ultrices posuere cubilia curae mauris viverra diam vitae quam suspendisse potenti nullam porttitor', 'Aymer Leyshon', '2022-09-16 00:00:00', 336),
(281, 'justo lacinia eget tincidunt eget tempus vel pede morbi porttitor lorem id ligula suspendisse ornare consequat lectus in est', 'Merl Abson', '2023-10-08 00:00:00', 904),
(282, 'eleifend donec ut dolor morbi vel lectus in quam fringilla rhoncus', 'Joanie Rosendahl', '2022-12-07 00:00:00', 95),
(283, 'in blandit ultrices enim lorem ipsum dolor sit amet consectetuer adipiscing elit proin interdum', 'Audie Thomassen', '2023-06-07 00:00:00', 927),
(284, 'a suscipit nulla elit ac nulla sed vel enim sit', 'Emalia Geertsen', '2023-01-12 00:00:00', 720),
(285, 'justo etiam pretium iaculis justo in hac habitasse platea dictumst etiam faucibus', 'Clarissa Wreight', '2024-04-14 00:00:00', 310),
(286, 'placerat ante nulla justo aliquam quis turpis eget elit sodales scelerisque mauris sit amet eros suspendisse accumsan tortor quis', 'Kara-lynn Doxsey', '2023-11-29 00:00:00', 711),
(287, 'in hac habitasse platea dictumst etiam faucibus cursus urna ut tellus nulla ut erat', 'Estel Turbill', '2022-11-11 00:00:00', 280),
(288, 'eget tincidunt eget tempus vel pede morbi porttitor lorem id ligula suspendisse ornare consequat lectus in est', 'Ware Ley', '2024-01-09 00:00:00', 193),
(289, 'pede venenatis non sodales sed tincidunt eu felis fusce posuere felis sed lacus morbi sem', 'Petronilla Elven', '2024-05-20 00:00:00', 719),
(290, 'justo sollicitudin ut suscipit a feugiat et eros vestibulum ac est lacinia nisi venenatis tristique', 'Marna Sabater', '2024-04-05 00:00:00', 552),
(291, 'hac habitasse platea dictumst aliquam augue quam sollicitudin vitae consectetuer eget', 'Violette Severs', '2023-09-24 00:00:00', 633),
(292, 'curae mauris viverra diam vitae quam suspendisse potenti nullam porttitor lacus at turpis donec posuere metus vitae ipsum aliquam non', 'Kristoforo Burleton', '2022-08-28 00:00:00', 31),
(293, 'sed vel enim sit amet nunc viverra dapibus nulla suscipit ligula in lacus curabitur at ipsum ac tellus semper', 'Benetta Rochewell', '2022-11-02 00:00:00', 48),
(294, 'fusce posuere felis sed lacus morbi sem mauris laoreet ut rhoncus aliquet pulvinar sed nisl', 'Yardley Tabourin', '2024-02-05 00:00:00', 70),
(295, 'ut dolor morbi vel lectus in quam fringilla rhoncus mauris enim leo rhoncus sed vestibulum sit amet cursus id turpis', 'Conrad Jeaves', '2023-12-03 00:00:00', 733),
(296, 'lorem ipsum dolor sit amet consectetuer adipiscing elit proin risus praesent lectus vestibulum quam sapien varius ut', 'Sadella Martland', '2022-09-06 00:00:00', 300),
(297, 'congue diam id ornare imperdiet sapien urna pretium nisl ut volutpat sapien arcu sed augue aliquam erat', 'Shawnee Parkyns', '2023-02-17 00:00:00', 363),
(298, 'amet justo morbi ut odio cras mi pede malesuada in imperdiet', 'Beryl Michele', '2023-07-02 00:00:00', 756),
(299, 'eros elementum pellentesque quisque porta volutpat erat quisque erat eros viverra eget congue eget semper rutrum nulla', 'Rosalind Devanny', '2023-03-13 00:00:00', 259),
(300, 'nec sem duis aliquam convallis nunc proin at turpis a pede posuere nonummy integer non', 'Margalit Cardero', '2023-11-03 00:00:00', 346),
(301, 'aenean fermentum donec ut mauris eget massa tempor convallis nulla neque', 'Godfrey Partrick', '2023-02-28 00:00:00', 926),
(302, 'vel augue vestibulum rutrum rutrum neque aenean auctor gravida sem praesent id massa id nisl venenatis', 'Jobie Whittall', '2023-04-06 00:00:00', 910),
(303, 'congue elementum in hac habitasse platea dictumst morbi vestibulum velit id pretium iaculis diam erat', 'Mela Revitt', '2024-02-23 00:00:00', 345),
(304, 'rhoncus dui vel sem sed sagittis nam congue risus semper', 'Miquela Wolfindale', '2024-01-31 00:00:00', 958),
(305, 'vulputate nonummy maecenas tincidunt lacus at velit vivamus vel nulla eget eros elementum pellentesque quisque', 'Gustaf Hillett', '2022-11-12 00:00:00', 784),
(306, 'amet eleifend pede libero quis orci nullam molestie nibh in lectus pellentesque at nulla suspendisse potenti cras', 'Chiquita Gery', '2022-11-28 00:00:00', 501),
(307, 'tortor quis turpis sed ante vivamus tortor duis mattis egestas', 'Sonni Cardiff', '2023-03-09 00:00:00', 201),
(308, 'in hac habitasse platea dictumst aliquam augue quam sollicitudin vitae consectetuer eget rutrum at lorem integer tincidunt ante', 'Franciskus Inglis', '2024-02-19 00:00:00', 936),
(309, 'ipsum primis in faucibus orci luctus et ultrices posuere cubilia curae mauris viverra', 'Haskel Beveredge', '2024-02-18 00:00:00', 552),
(310, 'non pretium quis lectus suspendisse potenti in eleifend quam a', 'Keely Gladwin', '2023-07-09 00:00:00', 153),
(311, 'integer ac leo pellentesque ultrices mattis odio donec vitae nisi nam ultrices libero non mattis pulvinar', 'Elizabeth Simoneton', '2024-02-03 00:00:00', 387),
(312, 'tempus vel pede morbi porttitor lorem id ligula suspendisse ornare consequat lectus in est risus auctor', 'Karol Juden', '2024-04-16 00:00:00', 219),
(313, 'curabitur in libero ut massa volutpat convallis morbi odio odio elementum eu interdum eu tincidunt in leo maecenas', 'Deeann Gallemore', '2024-01-23 00:00:00', 492),
(314, 'mauris lacinia sapien quis libero nullam sit amet turpis elementum ligula vehicula', 'Danni Shard', '2023-05-08 00:00:00', 352),
(315, 'vulputate ut ultrices vel augue vestibulum ante ipsum primis in faucibus orci luctus et ultrices', 'Henrieta Norvel', '2022-09-16 00:00:00', 731),
(316, 'maecenas rhoncus aliquam lacus morbi quis tortor id nulla ultrices aliquet maecenas', 'Gustavus Slot', '2023-08-31 00:00:00', 609),
(317, 'integer non velit donec diam neque vestibulum eget vulputate ut ultrices vel augue vestibulum ante ipsum primis in', 'Silas Siley', '2023-06-06 00:00:00', 993),
(318, 'in libero ut massa volutpat convallis morbi odio odio elementum', 'Aveline Cassie', '2022-12-17 00:00:00', 154),
(319, 'erat nulla tempus vivamus in felis eu sapien cursus vestibulum', 'Meggy Langtree', '2022-11-26 00:00:00', 986),
(320, 'integer tincidunt ante vel ipsum praesent blandit lacinia erat vestibulum sed magna at nunc commodo', 'Margery Letty', '2023-06-22 00:00:00', 283),
(321, 'interdum eu tincidunt in leo maecenas pulvinar lobortis est phasellus sit amet erat nulla tempus vivamus in', 'Freda Furmenger', '2022-10-27 00:00:00', 776),
(322, 'lorem vitae mattis nibh ligula nec sem duis aliquam convallis nunc proin at turpis a', 'Elsworth Bewicke', '2023-02-02 00:00:00', 194),
(323, 'primis in faucibus orci luctus et ultrices posuere cubilia curae', 'Pamelina Ivey', '2023-09-05 00:00:00', 433),
(324, 'tempus vel pede morbi porttitor lorem id ligula suspendisse ornare consequat lectus in est risus auctor sed tristique', 'Ives Shurrock', '2022-08-09 00:00:00', 153),
(325, 'suspendisse potenti nullam porttitor lacus at turpis donec posuere metus vitae ipsum aliquam', 'Denna Salaman', '2024-01-02 00:00:00', 914),
(326, 'molestie sed justo pellentesque viverra pede ac diam cras pellentesque', 'Claudina Schule', '2023-04-04 00:00:00', 494),
(327, 'quis turpis eget elit sodales scelerisque mauris sit amet eros', 'Tiffany Glyne', '2022-08-10 00:00:00', 502),
(328, 'mus etiam vel augue vestibulum rutrum rutrum neque aenean auctor', 'Lenka Dade', '2023-09-06 00:00:00', 681),
(329, 'habitasse platea dictumst aliquam augue quam sollicitudin vitae consectetuer eget rutrum at lorem integer', 'Jess Cleeves', '2023-06-27 00:00:00', 472),
(330, 'nam dui proin leo odio porttitor id consequat in consequat ut nulla sed accumsan felis ut', 'Ida Gebbie', '2023-04-17 00:00:00', 932),
(331, 'rutrum rutrum neque aenean auctor gravida sem praesent id massa id', 'Kahaleel Makeswell', '2022-12-11 00:00:00', 309),
(332, 'posuere felis sed lacus morbi sem mauris laoreet ut rhoncus aliquet pulvinar sed nisl', 'Garrik Basford', '2023-05-16 00:00:00', 221),
(333, 'dapibus augue vel accumsan tellus nisi eu orci mauris lacinia sapien quis libero nullam sit amet', 'Dee Dumigan', '2024-01-10 00:00:00', 283);
INSERT INTO `chat` (`id_chat`, `txt_chat`, `name_contact`, `date_chat`, `id_user`) VALUES
(334, 'vestibulum ante ipsum primis in faucibus orci luctus et ultrices posuere cubilia curae duis faucibus accumsan odio curabitur', 'Bernardine Beneyto', '2024-02-07 00:00:00', 223),
(335, 'volutpat erat quisque erat eros viverra eget congue eget semper rutrum nulla nunc purus phasellus', 'Josias Lamputt', '2024-02-05 00:00:00', 24),
(336, 'donec dapibus duis at velit eu est congue elementum in hac habitasse platea', 'Marylinda Mougeot', '2024-02-23 00:00:00', 872),
(337, 'nisl duis bibendum felis sed interdum venenatis turpis enim blandit mi', 'Terencio Forsythe', '2023-04-16 00:00:00', 645),
(338, 'hendrerit at vulputate vitae nisl aenean lectus pellentesque eget nunc donec quis orci eget orci vehicula condimentum', 'Bonnie Skaife', '2022-09-12 00:00:00', 1),
(339, 'vel accumsan tellus nisi eu orci mauris lacinia sapien quis libero nullam', 'Jere Ormesher', '2024-02-25 00:00:00', 891),
(340, 'metus vitae ipsum aliquam non mauris morbi non lectus aliquam sit amet diam in magna bibendum imperdiet nullam orci pede', 'Filberto Ewington', '2023-10-02 00:00:00', 54),
(341, 'justo morbi ut odio cras mi pede malesuada in imperdiet et commodo vulputate justo in blandit ultrices', 'Dwayne Drillingcourt', '2023-11-11 00:00:00', 363),
(342, 'eget massa tempor convallis nulla neque libero convallis eget eleifend luctus', 'Virgie Banting', '2022-08-13 00:00:00', 742),
(343, 'orci nullam molestie nibh in lectus pellentesque at nulla suspendisse', 'Shelba Defries', '2023-08-28 00:00:00', 971),
(344, 'venenatis turpis enim blandit mi in porttitor pede justo eu massa donec dapibus duis at', 'Carlie Hubach', '2022-11-29 00:00:00', 332),
(345, 'id pretium iaculis diam erat fermentum justo nec condimentum neque sapien placerat ante nulla', 'Bartram Machel', '2022-12-14 00:00:00', 657),
(346, 'blandit ultrices enim lorem ipsum dolor sit amet consectetuer adipiscing elit proin interdum mauris non', 'Alvie Allberry', '2023-10-18 00:00:00', 591),
(347, 'posuere cubilia curae nulla dapibus dolor vel est donec odio', 'Rochette Eastbrook', '2023-09-01 00:00:00', 444),
(348, 'vulputate nonummy maecenas tincidunt lacus at velit vivamus vel nulla eget eros elementum pellentesque quisque', 'Laverne Breens', '2024-05-18 00:00:00', 451),
(349, 'eu tincidunt in leo maecenas pulvinar lobortis est phasellus sit amet erat nulla tempus vivamus in', 'Otha Pund', '2024-01-28 00:00:00', 338),
(350, 'ac lobortis vel dapibus at diam nam tristique tortor eu pede', 'Kelbee Richmont', '2024-03-12 00:00:00', 633),
(351, 'nulla ac enim in tempor turpis nec euismod scelerisque quam turpis adipiscing lorem vitae mattis nibh ligula nec sem', 'Pooh Rhubottom', '2022-11-01 00:00:00', 599),
(352, 'tristique fusce congue diam id ornare imperdiet sapien urna pretium nisl ut volutpat sapien arcu sed', 'Fabiano Karlmann', '2023-09-01 00:00:00', 387),
(353, 'in hac habitasse platea dictumst morbi vestibulum velit id pretium iaculis diam erat fermentum justo nec condimentum neque', 'Sharla Farreil', '2023-05-02 00:00:00', 28),
(354, 'orci luctus et ultrices posuere cubilia curae donec pharetra magna vestibulum aliquet ultrices', 'Reeva Kagan', '2023-06-26 00:00:00', 809),
(355, 'odio donec vitae nisi nam ultrices libero non mattis pulvinar nulla pede ullamcorper augue a suscipit', 'Lorine Hasley', '2023-09-27 00:00:00', 435),
(356, 'congue diam id ornare imperdiet sapien urna pretium nisl ut volutpat sapien arcu sed augue', 'Cassi Watsam', '2022-08-23 00:00:00', 794),
(357, 'dui maecenas tristique est et tempus semper est quam pharetra magna ac consequat metus sapien', 'Dennison McPherson', '2023-09-04 00:00:00', 939),
(358, 'morbi odio odio elementum eu interdum eu tincidunt in leo maecenas', 'Darcee Brixey', '2023-03-22 00:00:00', 207),
(359, 'sit amet diam in magna bibendum imperdiet nullam orci pede venenatis non sodales sed tincidunt eu', 'Reinaldo Cush', '2023-03-18 00:00:00', 213),
(360, 'leo odio porttitor id consequat in consequat ut nulla sed accumsan felis ut', 'Jacques Duckworth', '2023-09-07 00:00:00', 741),
(361, 'vel sem sed sagittis nam congue risus semper porta volutpat quam pede lobortis ligula sit amet eleifend pede libero', 'Colas Berends', '2023-11-21 00:00:00', 747),
(362, 'lacus curabitur at ipsum ac tellus semper interdum mauris ullamcorper purus sit', 'Douglas Dutch', '2022-11-13 00:00:00', 77),
(363, 'ipsum aliquam non mauris morbi non lectus aliquam sit amet diam in magna bibendum imperdiet nullam orci', 'Tiler Arderne', '2022-09-13 00:00:00', 979),
(364, 'dapibus augue vel accumsan tellus nisi eu orci mauris lacinia', 'Gordie Mouland', '2024-03-05 00:00:00', 561),
(365, 'nunc rhoncus dui vel sem sed sagittis nam congue risus', 'Othella Vanni', '2023-03-26 00:00:00', 210),
(366, 'in lectus pellentesque at nulla suspendisse potenti cras in purus eu magna', 'Rudolf Holton', '2023-12-13 00:00:00', 825),
(367, 'etiam vel augue vestibulum rutrum rutrum neque aenean auctor gravida sem praesent id massa id nisl venenatis', 'Annamarie Traise', '2022-11-06 00:00:00', 537),
(368, 'potenti cras in purus eu magna vulputate luctus cum sociis natoque penatibus et magnis dis', 'Maurine Lello', '2022-08-07 00:00:00', 905),
(369, 'at feugiat non pretium quis lectus suspendisse potenti in eleifend quam a odio in hac habitasse platea dictumst', 'Olga Blackett', '2023-12-19 00:00:00', 795),
(370, 'nec sem duis aliquam convallis nunc proin at turpis a pede posuere nonummy integer non velit donec diam', 'Obidiah McClintock', '2023-08-03 00:00:00', 944),
(371, 'porta volutpat erat quisque erat eros viverra eget congue eget semper rutrum nulla', 'Marna Marvin', '2024-03-19 00:00:00', 817),
(372, 'habitasse platea dictumst aliquam augue quam sollicitudin vitae consectetuer eget rutrum at lorem integer tincidunt ante', 'Ulick Abrams', '2024-04-30 00:00:00', 18),
(373, 'vivamus metus arcu adipiscing molestie hendrerit at vulputate vitae nisl aenean lectus', 'Nerissa Buzek', '2022-12-13 00:00:00', 12),
(374, 'enim in tempor turpis nec euismod scelerisque quam turpis adipiscing lorem vitae mattis nibh', 'Stevy Ivakhno', '2023-08-20 00:00:00', 317),
(375, 'odio consequat varius integer ac leo pellentesque ultrices mattis odio donec vitae nisi nam ultrices libero non mattis pulvinar nulla', 'Belvia Zanardii', '2023-06-18 00:00:00', 851),
(376, 'elit proin interdum mauris non ligula pellentesque ultrices phasellus id sapien in', 'Antonin Aston', '2023-12-27 00:00:00', 944),
(377, 'sit amet turpis elementum ligula vehicula consequat morbi a ipsum integer a nibh in quis justo maecenas rhoncus', 'Heinrick Phillott', '2023-04-06 00:00:00', 714),
(378, 'nisi vulputate nonummy maecenas tincidunt lacus at velit vivamus vel', 'Glory Bennellick', '2022-12-26 00:00:00', 81),
(379, 'in felis donec semper sapien a libero nam dui proin leo odio porttitor', 'Mic Karlsson', '2023-03-06 00:00:00', 95),
(380, 'aliquam lacus morbi quis tortor id nulla ultrices aliquet maecenas leo odio condimentum id luctus', 'Derrik Hedgeley', '2022-08-19 00:00:00', 877),
(381, 'in felis eu sapien cursus vestibulum proin eu mi nulla ac enim in tempor turpis nec euismod scelerisque', 'Verina Geck', '2023-06-26 00:00:00', 245),
(382, 'varius integer ac leo pellentesque ultrices mattis odio donec vitae nisi', 'Silvester Bownes', '2023-12-25 00:00:00', 341),
(383, 'eget tempus vel pede morbi porttitor lorem id ligula suspendisse ornare consequat lectus in est risus', 'Clarinda Bruckstein', '2023-08-05 00:00:00', 830),
(384, 'mattis odio donec vitae nisi nam ultrices libero non mattis pulvinar nulla pede', 'Felice Bartholomieu', '2024-05-17 00:00:00', 988),
(385, 'sit amet consectetuer adipiscing elit proin interdum mauris non ligula pellentesque', 'Kathe Gresswood', '2024-06-03 00:00:00', 290),
(386, 'pretium quis lectus suspendisse potenti in eleifend quam a odio in hac habitasse platea dictumst maecenas ut massa quis augue', 'Leda Kilfedder', '2023-06-08 00:00:00', 658),
(387, 'quam nec dui luctus rutrum nulla tellus in sagittis dui vel nisl duis ac nibh fusce lacus purus', 'Giulia Reynalds', '2024-02-01 00:00:00', 135),
(388, 'proin leo odio porttitor id consequat in consequat ut nulla sed', 'Worthy Boughey', '2024-01-26 00:00:00', 410),
(389, 'mi integer ac neque duis bibendum morbi non quam nec dui', 'Nikolaos Wivell', '2023-01-29 00:00:00', 668),
(390, 'ipsum praesent blandit lacinia erat vestibulum sed magna at nunc commodo placerat praesent blandit nam nulla integer pede justo lacinia', 'Traci Waszczyk', '2023-11-09 00:00:00', 875),
(391, 'imperdiet et commodo vulputate justo in blandit ultrices enim lorem ipsum', 'Jyoti Dallman', '2024-05-03 00:00:00', 946),
(392, 'justo lacinia eget tincidunt eget tempus vel pede morbi porttitor lorem id', 'Elli Proudley', '2023-08-11 00:00:00', 663),
(393, 'faucibus orci luctus et ultrices posuere cubilia curae mauris viverra diam vitae quam suspendisse potenti', 'Janie Beminster', '2023-05-25 00:00:00', 170),
(394, 'neque libero convallis eget eleifend luctus ultricies eu nibh quisque id justo sit amet sapien dignissim vestibulum vestibulum ante', 'Audie Bousfield', '2022-10-24 00:00:00', 831),
(395, 'diam vitae quam suspendisse potenti nullam porttitor lacus at turpis donec posuere metus vitae ipsum', 'Dennis Sonley', '2024-02-12 00:00:00', 123),
(396, 'urna pretium nisl ut volutpat sapien arcu sed augue aliquam erat volutpat', 'Alvy Bonsey', '2023-01-06 00:00:00', 701),
(397, 'sociis natoque penatibus et magnis dis parturient montes nascetur ridiculus mus etiam vel augue vestibulum', 'Ulberto Brandino', '2024-01-09 00:00:00', 215),
(398, 'etiam pretium iaculis justo in hac habitasse platea dictumst etiam faucibus cursus urna ut tellus nulla', 'Rubia Swainger', '2024-05-15 00:00:00', 490),
(399, 'cum sociis natoque penatibus et magnis dis parturient montes nascetur ridiculus mus vivamus vestibulum sagittis sapien cum sociis natoque', 'Tabbi Ghent', '2022-09-27 00:00:00', 833),
(400, 'habitasse platea dictumst maecenas ut massa quis augue luctus tincidunt nulla', 'Ed Stubbeley', '2022-08-14 00:00:00', 653),
(401, 'a ipsum integer a nibh in quis justo maecenas rhoncus aliquam lacus morbi quis tortor id', 'Benyamin Bolding', '2023-04-12 00:00:00', 339),
(402, 'eleifend quam a odio in hac habitasse platea dictumst maecenas ut massa quis augue luctus tincidunt nulla', 'Caty Soames', '2023-07-21 00:00:00', 139),
(403, 'maecenas tristique est et tempus semper est quam pharetra magna ac consequat metus sapien ut', 'Faustine Haseldine', '2023-01-12 00:00:00', 929),
(404, 'vel sem sed sagittis nam congue risus semper porta volutpat quam pede lobortis ligula sit amet eleifend pede', 'Correy Hallibone', '2024-03-31 00:00:00', 972),
(405, 'elit ac nulla sed vel enim sit amet nunc viverra', 'Eugenio Bernardot', '2023-01-29 00:00:00', 562),
(406, 'integer a nibh in quis justo maecenas rhoncus aliquam lacus morbi quis tortor id', 'See Mattack', '2022-10-23 00:00:00', 570),
(407, 'erat vestibulum sed magna at nunc commodo placerat praesent blandit nam nulla', 'Mannie Brownscombe', '2024-05-09 00:00:00', 889),
(408, 'nisi volutpat eleifend donec ut dolor morbi vel lectus in quam fringilla rhoncus mauris', 'Harley Matthessen', '2023-08-18 00:00:00', 974),
(409, 'sit amet nulla quisque arcu libero rutrum ac lobortis vel', 'Tabatha Howford', '2022-10-10 00:00:00', 55),
(410, 'amet sem fusce consequat nulla nisl nunc nisl duis bibendum felis sed interdum venenatis turpis enim', 'Bail Paolotto', '2023-09-17 00:00:00', 350),
(411, 'adipiscing molestie hendrerit at vulputate vitae nisl aenean lectus pellentesque eget nunc donec quis orci eget', 'Sybyl Tribell', '2024-02-20 00:00:00', 110),
(412, 'justo pellentesque viverra pede ac diam cras pellentesque volutpat dui maecenas tristique est et tempus semper est quam pharetra magna', 'Gaylord Madgewick', '2022-10-29 00:00:00', 261),
(413, 'posuere nonummy integer non velit donec diam neque vestibulum eget vulputate', 'Regan Walding', '2023-01-28 00:00:00', 572),
(414, 'rutrum neque aenean auctor gravida sem praesent id massa id nisl venenatis lacinia aenean sit amet justo morbi ut odio', 'Liam Fennick', '2024-03-06 00:00:00', 897),
(415, 'praesent blandit lacinia erat vestibulum sed magna at nunc commodo placerat praesent blandit nam nulla integer pede justo', 'Tod McKeggie', '2024-05-03 00:00:00', 534),
(416, 'id ligula suspendisse ornare consequat lectus in est risus auctor sed tristique', 'Janenna Petrou', '2022-10-16 00:00:00', 557),
(417, 'semper est quam pharetra magna ac consequat metus sapien ut', 'Merle Capponeer', '2022-09-16 00:00:00', 238),
(418, 'sollicitudin vitae consectetuer eget rutrum at lorem integer tincidunt ante vel ipsum praesent blandit lacinia erat vestibulum sed', 'Peter Hamblen', '2024-04-01 00:00:00', 738),
(419, 'elementum in hac habitasse platea dictumst morbi vestibulum velit id pretium iaculis diam erat fermentum justo', 'Maurene Lortzing', '2024-04-10 00:00:00', 246),
(420, 'cubilia curae donec pharetra magna vestibulum aliquet ultrices erat tortor sollicitudin mi sit amet', 'Malinda Immings', '2023-11-17 00:00:00', 406),
(421, 'eu magna vulputate luctus cum sociis natoque penatibus et magnis dis parturient montes nascetur ridiculus mus vivamus', 'Maryanne Tongue', '2023-11-16 00:00:00', 401),
(422, 'suspendisse accumsan tortor quis turpis sed ante vivamus tortor duis mattis egestas metus aenean fermentum donec ut', 'Tore Asplen', '2023-08-31 00:00:00', 907),
(423, 'iaculis congue vivamus metus arcu adipiscing molestie hendrerit at vulputate vitae nisl aenean lectus pellentesque eget nunc donec quis', 'Cheri Giamo', '2023-06-27 00:00:00', 384),
(424, 'ornare imperdiet sapien urna pretium nisl ut volutpat sapien arcu sed augue', 'Gaelan Whittet', '2022-10-19 00:00:00', 449),
(425, 'erat vestibulum sed magna at nunc commodo placerat praesent blandit nam nulla integer pede justo lacinia eget', 'Lynsey Eburah', '2022-09-07 00:00:00', 131),
(426, 'nulla pede ullamcorper augue a suscipit nulla elit ac nulla sed vel enim sit amet nunc', 'Gussie Manclark', '2023-01-26 00:00:00', 310),
(427, 'in faucibus orci luctus et ultrices posuere cubilia curae mauris viverra diam vitae quam suspendisse potenti', 'Lynnette Gammons', '2024-04-09 00:00:00', 983),
(428, 'luctus et ultrices posuere cubilia curae donec pharetra magna vestibulum aliquet ultrices erat tortor sollicitudin mi sit amet lobortis', 'Matteo Grundon', '2024-02-01 00:00:00', 349),
(429, 'convallis eget eleifend luctus ultricies eu nibh quisque id justo', 'Willetta Canedo', '2024-06-01 00:00:00', 489),
(430, 'in eleifend quam a odio in hac habitasse platea dictumst maecenas ut massa quis augue', 'Myrta Prati', '2022-11-04 00:00:00', 457),
(431, 'aliquam lacus morbi quis tortor id nulla ultrices aliquet maecenas', 'Clarita Gamlyn', '2023-05-15 00:00:00', 513),
(432, 'hac habitasse platea dictumst maecenas ut massa quis augue luctus tincidunt nulla mollis', 'Beverie Coweuppe', '2023-07-29 00:00:00', 83),
(433, 'quisque porta volutpat erat quisque erat eros viverra eget congue eget semper rutrum nulla', 'Skelly Syphus', '2022-11-09 00:00:00', 592),
(434, 'amet eros suspendisse accumsan tortor quis turpis sed ante vivamus tortor duis mattis egestas metus aenean', 'Licha Josifovic', '2023-10-11 00:00:00', 538),
(435, 'interdum mauris ullamcorper purus sit amet nulla quisque arcu libero rutrum ac lobortis vel dapibus at diam nam tristique', 'Bradney Bencher', '2022-08-27 00:00:00', 389),
(436, 'nulla elit ac nulla sed vel enim sit amet nunc viverra dapibus nulla suscipit ligula in', 'Ezequiel Abba', '2023-06-24 00:00:00', 590),
(437, 'sed augue aliquam erat volutpat in congue etiam justo etiam pretium iaculis', 'Jeanine Dumbrall', '2024-02-12 00:00:00', 4),
(438, 'dui maecenas tristique est et tempus semper est quam pharetra magna ac consequat metus sapien ut nunc', 'Leonidas Griffitt', '2023-10-10 00:00:00', 90),
(439, 'non quam nec dui luctus rutrum nulla tellus in sagittis dui vel nisl duis ac nibh', 'Orelee Cavy', '2024-03-08 00:00:00', 158),
(440, 'pretium iaculis justo in hac habitasse platea dictumst etiam faucibus cursus urna ut', 'Artur Eusden', '2022-08-11 00:00:00', 388),
(441, 'in congue etiam justo etiam pretium iaculis justo in hac habitasse platea dictumst etiam faucibus cursus urna ut', 'Davy Wimpey', '2022-08-01 00:00:00', 266),
(442, 'scelerisque mauris sit amet eros suspendisse accumsan tortor quis turpis sed ante vivamus tortor duis mattis', 'Kiley Mergue', '2024-03-30 00:00:00', 62),
(443, 'id mauris vulputate elementum nullam varius nulla facilisi cras non velit nec nisi vulputate nonummy maecenas tincidunt', 'Odessa Haddacks', '2023-07-02 00:00:00', 687),
(444, 'justo sit amet sapien dignissim vestibulum vestibulum ante ipsum primis in faucibus orci', 'Gerry Beagen', '2022-11-21 00:00:00', 176),
(445, 'interdum venenatis turpis enim blandit mi in porttitor pede justo eu massa donec dapibus duis at velit eu est', 'Tresa Cumberlidge', '2023-03-08 00:00:00', 4),
(446, 'ipsum primis in faucibus orci luctus et ultrices posuere cubilia curae', 'Celestia Ikins', '2022-11-08 00:00:00', 972),
(447, 'lacus morbi quis tortor id nulla ultrices aliquet maecenas leo odio condimentum id luctus nec molestie sed justo', 'Gaye Lazonby', '2023-10-31 00:00:00', 109),
(448, 'aliquet at feugiat non pretium quis lectus suspendisse potenti in eleifend quam a odio in hac', 'Roze Brandham', '2024-04-08 00:00:00', 344),
(449, 'nulla sed accumsan felis ut at dolor quis odio consequat varius integer', 'Alisander Jirzik', '2022-09-15 00:00:00', 946),
(450, 'in quam fringilla rhoncus mauris enim leo rhoncus sed vestibulum sit amet cursus id turpis integer aliquet', 'Tori Nuss', '2023-12-07 00:00:00', 193),
(451, 'tincidunt eu felis fusce posuere felis sed lacus morbi sem mauris laoreet ut rhoncus aliquet', 'Northrup Jansie', '2023-07-12 00:00:00', 854),
(452, 'condimentum id luctus nec molestie sed justo pellentesque viverra pede ac diam', 'Kirstyn Leven', '2022-11-23 00:00:00', 670),
(453, 'natoque penatibus et magnis dis parturient montes nascetur ridiculus mus etiam vel augue vestibulum rutrum rutrum neque aenean auctor', 'Mord Haensel', '2022-11-01 00:00:00', 984),
(454, 'feugiat et eros vestibulum ac est lacinia nisi venenatis tristique fusce congue', 'Rikki Bason', '2023-07-28 00:00:00', 238),
(455, 'maecenas rhoncus aliquam lacus morbi quis tortor id nulla ultrices aliquet maecenas leo odio', 'Mauricio MacColgan', '2024-02-20 00:00:00', 667),
(456, 'enim sit amet nunc viverra dapibus nulla suscipit ligula in lacus curabitur at ipsum ac tellus semper interdum mauris', 'Phylis Gorriessen', '2023-09-23 00:00:00', 511),
(457, 'porta volutpat erat quisque erat eros viverra eget congue eget', 'Nolie Triplett', '2023-04-27 00:00:00', 434),
(458, 'ante vivamus tortor duis mattis egestas metus aenean fermentum donec ut mauris eget massa tempor convallis nulla neque libero', 'Harri Morican', '2023-12-22 00:00:00', 669),
(459, 'rutrum ac lobortis vel dapibus at diam nam tristique tortor eu pede', 'Dimitry Burkill', '2023-01-25 00:00:00', 522),
(460, 'non velit donec diam neque vestibulum eget vulputate ut ultrices vel augue vestibulum', 'Isadora Slimmon', '2024-02-29 00:00:00', 182),
(461, 'nascetur ridiculus mus vivamus vestibulum sagittis sapien cum sociis natoque penatibus et magnis', 'Nikaniki Bound', '2023-01-02 00:00:00', 380),
(462, 'nullam orci pede venenatis non sodales sed tincidunt eu felis fusce posuere felis sed', 'Vanny Moral', '2024-04-16 00:00:00', 459),
(463, 'praesent blandit lacinia erat vestibulum sed magna at nunc commodo placerat praesent blandit nam', 'Douglas Cluitt', '2023-05-16 00:00:00', 116),
(464, 'placerat ante nulla justo aliquam quis turpis eget elit sodales scelerisque', 'Ivette Crighten', '2024-03-26 00:00:00', 700),
(465, 'ultrices enim lorem ipsum dolor sit amet consectetuer adipiscing elit proin interdum mauris non', 'Bliss Loren', '2023-11-01 00:00:00', 908),
(466, 'non quam nec dui luctus rutrum nulla tellus in sagittis', 'Allyce Skirvin', '2022-11-12 00:00:00', 144),
(467, 'non ligula pellentesque ultrices phasellus id sapien in sapien iaculis congue vivamus metus arcu adipiscing', 'Beckie Lambkin', '2023-09-29 00:00:00', 298),
(468, 'maecenas ut massa quis augue luctus tincidunt nulla mollis molestie lorem quisque ut erat curabitur gravida nisi at nibh', 'Alexio Mecozzi', '2023-02-02 00:00:00', 466),
(469, 'in porttitor pede justo eu massa donec dapibus duis at', 'Erica Stife', '2022-11-08 00:00:00', 141),
(470, 'a suscipit nulla elit ac nulla sed vel enim sit amet nunc viverra dapibus nulla', 'Seymour Carden', '2024-04-29 00:00:00', 281),
(471, 'tincidunt lacus at velit vivamus vel nulla eget eros elementum pellentesque quisque porta volutpat erat quisque erat eros viverra eget', 'Maighdiln Strong', '2024-04-20 00:00:00', 901),
(472, 'tortor id nulla ultrices aliquet maecenas leo odio condimentum id luctus nec molestie sed justo pellentesque viverra', 'Eugenio Fulger', '2022-10-08 00:00:00', 514),
(473, 'nonummy integer non velit donec diam neque vestibulum eget vulputate ut ultrices vel augue vestibulum ante ipsum primis', 'Emanuel Nasey', '2024-03-07 00:00:00', 710),
(474, 'mattis nibh ligula nec sem duis aliquam convallis nunc proin at turpis a pede posuere', 'Elena Mc Caughan', '2023-03-27 00:00:00', 830),
(475, 'commodo vulputate justo in blandit ultrices enim lorem ipsum dolor sit amet consectetuer', 'Nikolai Chantler', '2023-01-13 00:00:00', 764),
(476, 'ipsum primis in faucibus orci luctus et ultrices posuere cubilia curae', 'Jami Willox', '2023-08-20 00:00:00', 857),
(477, 'enim sit amet nunc viverra dapibus nulla suscipit ligula in lacus curabitur at', 'Christophorus Wallbrook', '2024-05-18 00:00:00', 182),
(478, 'et eros vestibulum ac est lacinia nisi venenatis tristique fusce congue', 'Hanny Crocket', '2023-04-03 00:00:00', 541),
(479, 'at turpis donec posuere metus vitae ipsum aliquam non mauris morbi non lectus aliquam sit amet diam in magna bibendum', 'Berty Magnus', '2023-06-30 00:00:00', 594),
(480, 'nibh ligula nec sem duis aliquam convallis nunc proin at turpis a pede posuere nonummy integer non velit donec diam', 'Hollis Munt', '2022-10-24 00:00:00', 170),
(481, 'erat tortor sollicitudin mi sit amet lobortis sapien sapien non mi integer', 'Karola Wealleans', '2023-05-06 00:00:00', 426),
(482, 'dapibus nulla suscipit ligula in lacus curabitur at ipsum ac tellus semper interdum mauris ullamcorper purus sit amet nulla quisque', 'Cece Lancetter', '2023-05-02 00:00:00', 814),
(483, 'nam dui proin leo odio porttitor id consequat in consequat ut nulla sed accumsan felis ut at', 'Wendell MacAlinden', '2023-04-25 00:00:00', 273),
(484, 'nulla integer pede justo lacinia eget tincidunt eget tempus vel pede morbi porttitor lorem id', 'Alastair Santora', '2024-05-10 00:00:00', 675),
(485, 'elit ac nulla sed vel enim sit amet nunc viverra dapibus nulla suscipit ligula in lacus curabitur', 'Rahel Arnauduc', '2023-08-23 00:00:00', 180),
(486, 'turpis sed ante vivamus tortor duis mattis egestas metus aenean fermentum donec', 'Rhodia De Blasi', '2023-11-27 00:00:00', 621),
(487, 'in hac habitasse platea dictumst etiam faucibus cursus urna ut tellus nulla ut erat id mauris vulputate elementum nullam', 'Kristine Hendrickson', '2022-12-31 00:00:00', 88),
(488, 'vivamus metus arcu adipiscing molestie hendrerit at vulputate vitae nisl aenean lectus pellentesque eget nunc', 'Idette Relfe', '2022-12-02 00:00:00', 902),
(489, 'nec molestie sed justo pellentesque viverra pede ac diam cras pellentesque volutpat dui maecenas tristique est et tempus', 'Trixy Strowlger', '2023-03-02 00:00:00', 391),
(490, 'ac neque duis bibendum morbi non quam nec dui luctus rutrum nulla tellus in sagittis', 'Curtis Milington', '2023-08-19 00:00:00', 400),
(491, 'in hac habitasse platea dictumst maecenas ut massa quis augue luctus tincidunt nulla mollis molestie', 'Nani Kinforth', '2023-02-27 00:00:00', 222),
(492, 'sed ante vivamus tortor duis mattis egestas metus aenean fermentum donec ut mauris eget massa tempor', 'Vivyanne Munford', '2024-05-07 00:00:00', 369),
(493, 'sed sagittis nam congue risus semper porta volutpat quam pede', 'Traver Heintz', '2023-06-01 00:00:00', 53),
(494, 'turpis enim blandit mi in porttitor pede justo eu massa donec dapibus duis at velit eu est congue', 'Win Fiddian', '2024-04-14 00:00:00', 971),
(495, 'eros elementum pellentesque quisque porta volutpat erat quisque erat eros viverra eget congue eget semper rutrum', 'Joan Pinches', '2023-11-17 00:00:00', 562),
(496, 'fermentum donec ut mauris eget massa tempor convallis nulla neque libero convallis eget eleifend luctus ultricies eu nibh quisque id', 'Jarid Blastock', '2024-01-03 00:00:00', 446),
(497, 'vulputate nonummy maecenas tincidunt lacus at velit vivamus vel nulla eget eros elementum pellentesque quisque porta volutpat erat quisque erat', 'Jen Dye', '2023-10-18 00:00:00', 101),
(498, 'urna pretium nisl ut volutpat sapien arcu sed augue aliquam erat volutpat in', 'Ody Spick', '2022-08-26 00:00:00', 306),
(499, 'tristique est et tempus semper est quam pharetra magna ac consequat metus sapien ut nunc', 'Jodi Rodolf', '2022-12-28 00:00:00', 282),
(500, 'convallis nulla neque libero convallis eget eleifend luctus ultricies eu nibh quisque id justo sit amet sapien dignissim vestibulum', 'Bobby Meneo', '2023-08-12 00:00:00', 939),
(501, 'accumsan tortor quis turpis sed ante vivamus tortor duis mattis egestas metus aenean', 'Nickie MacMichael', '2022-10-31 00:00:00', 469),
(502, 'eu orci mauris lacinia sapien quis libero nullam sit amet turpis elementum', 'Hewet Do Rosario', '2022-12-02 00:00:00', 381),
(503, 'leo odio condimentum id luctus nec molestie sed justo pellentesque viverra pede ac diam cras pellentesque volutpat dui maecenas', 'Donovan Pepon', '2022-11-15 00:00:00', 944),
(504, 'platea dictumst maecenas ut massa quis augue luctus tincidunt nulla mollis molestie lorem quisque ut erat curabitur gravida', 'Tova Gallandre', '2024-03-12 00:00:00', 988),
(505, 'quam pharetra magna ac consequat metus sapien ut nunc vestibulum ante', 'Niki Roake', '2024-03-25 00:00:00', 137),
(506, 'erat curabitur gravida nisi at nibh in hac habitasse platea dictumst aliquam augue quam', 'Corney Callicott', '2022-10-03 00:00:00', 394),
(507, 'congue vivamus metus arcu adipiscing molestie hendrerit at vulputate vitae', 'Rene Mayne', '2023-12-09 00:00:00', 466),
(508, 'sapien non mi integer ac neque duis bibendum morbi non quam nec dui luctus rutrum nulla', 'Cary MacElholm', '2023-09-12 00:00:00', 103),
(509, 'ipsum integer a nibh in quis justo maecenas rhoncus aliquam lacus morbi quis', 'Latashia Hallowell', '2022-11-30 00:00:00', 606),
(510, 'rhoncus aliquam lacus morbi quis tortor id nulla ultrices aliquet maecenas leo odio', 'Worthy McKennan', '2023-02-21 00:00:00', 358),
(511, 'sed lacus morbi sem mauris laoreet ut rhoncus aliquet pulvinar sed nisl nunc rhoncus dui vel sem sed sagittis nam', 'Mickie Illingworth', '2023-10-04 00:00:00', 181),
(512, 'tortor duis mattis egestas metus aenean fermentum donec ut mauris eget', 'Anna-diane McKimmie', '2023-03-01 00:00:00', 497),
(513, 'donec pharetra magna vestibulum aliquet ultrices erat tortor sollicitudin mi sit', 'Bessie Cloy', '2023-06-21 00:00:00', 296),
(514, 'aliquam erat volutpat in congue etiam justo etiam pretium iaculis justo in hac habitasse platea dictumst etiam faucibus cursus urna', 'Pamella O\'Carmody', '2023-01-25 00:00:00', 220),
(515, 'lobortis sapien sapien non mi integer ac neque duis bibendum morbi non quam', 'Loydie Giorgini', '2022-10-30 00:00:00', 996),
(516, 'metus sapien ut nunc vestibulum ante ipsum primis in faucibus orci luctus et', 'Dulcy Bailes', '2023-03-08 00:00:00', 760),
(517, 'consequat dui nec nisi volutpat eleifend donec ut dolor morbi vel lectus in quam fringilla rhoncus mauris enim', 'Florida Chaudron', '2024-01-02 00:00:00', 951),
(518, 'in faucibus orci luctus et ultrices posuere cubilia curae donec pharetra magna vestibulum aliquet ultrices erat tortor sollicitudin mi', 'Elwira Standeven', '2022-08-15 00:00:00', 699),
(519, 'nam ultrices libero non mattis pulvinar nulla pede ullamcorper augue a suscipit nulla elit ac nulla sed vel enim', 'Jacques Cartin', '2024-01-30 00:00:00', 854),
(520, 'tempus sit amet sem fusce consequat nulla nisl nunc nisl duis bibendum felis sed', 'Gussie Daughtery', '2024-03-05 00:00:00', 41),
(521, 'vestibulum eget vulputate ut ultrices vel augue vestibulum ante ipsum primis in faucibus orci luctus et ultrices posuere', 'Anne-marie Peskett', '2023-11-14 00:00:00', 520),
(522, 'vestibulum ante ipsum primis in faucibus orci luctus et ultrices posuere cubilia curae duis faucibus accumsan', 'Laurence Adanet', '2023-08-02 00:00:00', 682),
(523, 'morbi vestibulum velit id pretium iaculis diam erat fermentum justo nec condimentum neque', 'Merrill Agett', '2023-05-29 00:00:00', 109),
(524, 'erat quisque erat eros viverra eget congue eget semper rutrum nulla nunc purus', 'Kari Rattery', '2024-03-02 00:00:00', 581),
(525, 'quisque ut erat curabitur gravida nisi at nibh in hac habitasse platea', 'Saree Lamp', '2022-10-15 00:00:00', 246),
(526, 'sed nisl nunc rhoncus dui vel sem sed sagittis nam congue risus', 'Brittney Wildin', '2022-08-10 00:00:00', 997),
(527, 'pellentesque viverra pede ac diam cras pellentesque volutpat dui maecenas tristique', 'Rourke Hassen', '2023-12-31 00:00:00', 737),
(528, 'quis lectus suspendisse potenti in eleifend quam a odio in hac habitasse platea dictumst maecenas ut massa quis', 'Brandea Insworth', '2023-09-03 00:00:00', 874),
(529, 'bibendum morbi non quam nec dui luctus rutrum nulla tellus in sagittis dui vel nisl duis ac nibh', 'Jarib Licciardello', '2023-04-19 00:00:00', 639),
(530, 'posuere cubilia curae nulla dapibus dolor vel est donec odio justo sollicitudin ut', 'Westleigh Rimbault', '2023-12-19 00:00:00', 668),
(531, 'porttitor lorem id ligula suspendisse ornare consequat lectus in est risus auctor sed tristique in tempus sit amet sem', 'Ceil Langdridge', '2023-10-01 00:00:00', 639),
(532, 'primis in faucibus orci luctus et ultrices posuere cubilia curae', 'Susan Crosfield', '2023-03-10 00:00:00', 727),
(533, 'mattis nibh ligula nec sem duis aliquam convallis nunc proin at turpis a pede', 'Darius Aspey', '2023-11-28 00:00:00', 18),
(534, 'malesuada in imperdiet et commodo vulputate justo in blandit ultrices enim lorem ipsum dolor sit amet consectetuer adipiscing', 'Richart Moroney', '2023-02-24 00:00:00', 936),
(535, 'vel accumsan tellus nisi eu orci mauris lacinia sapien quis libero nullam sit amet turpis elementum ligula vehicula consequat morbi', 'Devi Radborn', '2023-08-05 00:00:00', 33),
(536, 'diam in magna bibendum imperdiet nullam orci pede venenatis non sodales sed tincidunt', 'Caye Shipston', '2023-07-16 00:00:00', 762),
(537, 'elementum eu interdum eu tincidunt in leo maecenas pulvinar lobortis est phasellus sit amet erat nulla tempus vivamus in felis', 'Rosalie Mocker', '2023-09-02 00:00:00', 502),
(538, 'nunc donec quis orci eget orci vehicula condimentum curabitur in libero ut massa volutpat convallis morbi odio odio', 'Charleen Taudevin', '2024-02-08 00:00:00', 358),
(539, 'metus aenean fermentum donec ut mauris eget massa tempor convallis nulla neque libero convallis eget eleifend luctus ultricies eu nibh', 'Ray Raccio', '2022-09-17 00:00:00', 325),
(540, 'vulputate vitae nisl aenean lectus pellentesque eget nunc donec quis', 'Bobbi Braycotton', '2023-09-30 00:00:00', 953),
(541, 'tortor id nulla ultrices aliquet maecenas leo odio condimentum id luctus nec molestie sed justo pellentesque viverra pede ac diam', 'Hertha Ashwood', '2023-01-08 00:00:00', 976),
(542, 'urna ut tellus nulla ut erat id mauris vulputate elementum nullam varius', 'Anatole Tayler', '2023-02-27 00:00:00', 720),
(543, 'magna bibendum imperdiet nullam orci pede venenatis non sodales sed tincidunt eu felis fusce posuere', 'Patsy Rykert', '2023-03-27 00:00:00', 416),
(544, 'in hac habitasse platea dictumst morbi vestibulum velit id pretium iaculis diam erat fermentum justo nec', 'Brander Anderer', '2023-10-29 00:00:00', 140),
(545, 'et magnis dis parturient montes nascetur ridiculus mus etiam vel augue vestibulum rutrum rutrum neque aenean auctor gravida sem praesent', 'Myriam Eversley', '2024-03-10 00:00:00', 210),
(546, 'ac neque duis bibendum morbi non quam nec dui luctus rutrum nulla', 'Koralle Gyer', '2022-11-30 00:00:00', 694),
(547, 'vulputate ut ultrices vel augue vestibulum ante ipsum primis in faucibus orci luctus et ultrices posuere cubilia curae donec pharetra', 'Daveta Cowcha', '2023-02-07 00:00:00', 108),
(548, 'aenean sit amet justo morbi ut odio cras mi pede malesuada', 'Karel Gatsby', '2023-06-25 00:00:00', 451),
(549, 'massa id nisl venenatis lacinia aenean sit amet justo morbi ut odio cras mi pede malesuada in imperdiet', 'Cristin McReidy', '2024-04-12 00:00:00', 219),
(550, 'sed vel enim sit amet nunc viverra dapibus nulla suscipit ligula in lacus curabitur at ipsum ac', 'Sherwood Danjoie', '2024-01-03 00:00:00', 167),
(551, 'cursus urna ut tellus nulla ut erat id mauris vulputate elementum nullam varius', 'Arin Gorgl', '2023-06-16 00:00:00', 479),
(552, 'diam neque vestibulum eget vulputate ut ultrices vel augue vestibulum ante ipsum', 'Candace Gytesham', '2023-07-15 00:00:00', 193),
(553, 'parturient montes nascetur ridiculus mus etiam vel augue vestibulum rutrum rutrum neque aenean auctor gravida sem', 'Sheba Sherred', '2022-10-06 00:00:00', 884),
(554, 'duis at velit eu est congue elementum in hac habitasse platea', 'Revkah Flaune', '2023-04-20 00:00:00', 424),
(555, 'ipsum primis in faucibus orci luctus et ultrices posuere cubilia curae donec pharetra magna vestibulum aliquet ultrices', 'Tore Glasscoe', '2023-06-03 00:00:00', 907),
(556, 'posuere cubilia curae mauris viverra diam vitae quam suspendisse potenti nullam', 'Thelma Quincee', '2023-12-25 00:00:00', 845),
(557, 'ipsum dolor sit amet consectetuer adipiscing elit proin risus praesent lectus vestibulum quam sapien varius ut blandit non interdum', 'Mari Herreran', '2023-03-16 00:00:00', 83),
(558, 'curabitur in libero ut massa volutpat convallis morbi odio odio elementum eu interdum eu', 'Sharlene Tunnock', '2022-08-07 00:00:00', 477),
(559, 'nullam molestie nibh in lectus pellentesque at nulla suspendisse potenti cras in purus eu magna vulputate luctus cum sociis', 'Malena Lillicrop', '2023-07-10 00:00:00', 808),
(560, 'fusce posuere felis sed lacus morbi sem mauris laoreet ut rhoncus aliquet', 'Darla Yanyshev', '2023-08-07 00:00:00', 511),
(561, 'posuere cubilia curae duis faucibus accumsan odio curabitur convallis duis consequat dui nec nisi volutpat eleifend donec ut', 'Berget Sollars', '2023-06-30 00:00:00', 735),
(562, 'vivamus metus arcu adipiscing molestie hendrerit at vulputate vitae nisl', 'Janenna Castanone', '2023-09-19 00:00:00', 455),
(563, 'aliquam erat volutpat in congue etiam justo etiam pretium iaculis justo in hac habitasse platea dictumst etiam faucibus cursus urna', 'Barbaraanne Piotrowski', '2024-02-17 00:00:00', 505),
(564, 'pede malesuada in imperdiet et commodo vulputate justo in blandit ultrices enim lorem', 'Chet Hughland', '2023-07-23 00:00:00', 246),
(565, 'nec molestie sed justo pellentesque viverra pede ac diam cras pellentesque volutpat dui maecenas tristique est', 'Giff Eble', '2023-01-05 00:00:00', 440),
(566, 'ridiculus mus etiam vel augue vestibulum rutrum rutrum neque aenean auctor gravida sem praesent id', 'Gaston Strase', '2024-05-07 00:00:00', 974),
(567, 'eros viverra eget congue eget semper rutrum nulla nunc purus phasellus in felis', 'Nerita Braithwaite', '2022-09-03 00:00:00', 829),
(568, 'vulputate vitae nisl aenean lectus pellentesque eget nunc donec quis orci eget', 'Karon Boyton', '2023-05-30 00:00:00', 652),
(569, 'nunc nisl duis bibendum felis sed interdum venenatis turpis enim blandit mi in porttitor pede justo', 'Mitchell Robjents', '2023-11-24 00:00:00', 373),
(570, 'praesent blandit lacinia erat vestibulum sed magna at nunc commodo placerat praesent blandit nam nulla integer pede justo lacinia eget', 'Emyle Villa', '2023-11-08 00:00:00', 898),
(571, 'sit amet turpis elementum ligula vehicula consequat morbi a ipsum', 'Lindsay Canacott', '2023-06-25 00:00:00', 55),
(572, 'rhoncus dui vel sem sed sagittis nam congue risus semper porta volutpat quam pede lobortis ligula sit amet', 'Joeann Asif', '2022-12-11 00:00:00', 257),
(573, 'vel est donec odio justo sollicitudin ut suscipit a feugiat et eros vestibulum ac est lacinia nisi venenatis tristique fusce', 'Octavia Scranedge', '2023-01-15 00:00:00', 177),
(574, 'consectetuer eget rutrum at lorem integer tincidunt ante vel ipsum praesent blandit lacinia erat vestibulum sed magna at nunc commodo', 'Maude Mortimer', '2023-07-05 00:00:00', 836),
(575, 'libero convallis eget eleifend luctus ultricies eu nibh quisque id justo sit amet sapien dignissim vestibulum vestibulum', 'Tonie Sherringham', '2023-09-27 00:00:00', 802),
(576, 'sed tincidunt eu felis fusce posuere felis sed lacus morbi sem mauris laoreet ut rhoncus aliquet pulvinar sed', 'Natalie Fabri', '2023-07-16 00:00:00', 133),
(577, 'in consequat ut nulla sed accumsan felis ut at dolor quis odio consequat varius integer ac leo pellentesque', 'Lauri Cabedo', '2024-02-08 00:00:00', 429),
(578, 'in hac habitasse platea dictumst aliquam augue quam sollicitudin vitae consectetuer eget rutrum at lorem integer tincidunt ante vel', 'Izaak Adamkiewicz', '2023-09-18 00:00:00', 864),
(579, 'nisi vulputate nonummy maecenas tincidunt lacus at velit vivamus vel nulla eget eros elementum pellentesque quisque', 'Farrah O\'Hagan', '2024-04-13 00:00:00', 378),
(580, 'praesent id massa id nisl venenatis lacinia aenean sit amet justo morbi', 'Sheelah Borgesio', '2024-02-20 00:00:00', 166),
(581, 'odio odio elementum eu interdum eu tincidunt in leo maecenas pulvinar lobortis est', 'Kacey Tarquinio', '2022-12-04 00:00:00', 879),
(582, 'aenean fermentum donec ut mauris eget massa tempor convallis nulla neque', 'Ashlen Bolstridge', '2022-10-02 00:00:00', 454),
(583, 'odio cras mi pede malesuada in imperdiet et commodo vulputate justo in', 'Astrid Shirer', '2023-09-15 00:00:00', 783),
(584, 'proin eu mi nulla ac enim in tempor turpis nec euismod', 'Truda Fort', '2022-12-06 00:00:00', 494),
(585, 'in lacus curabitur at ipsum ac tellus semper interdum mauris ullamcorper purus sit amet nulla quisque arcu', 'Osborn Aynsley', '2022-08-06 00:00:00', 241),
(586, 'ut nulla sed accumsan felis ut at dolor quis odio consequat varius integer ac', 'Carol Keys', '2024-04-10 00:00:00', 613),
(587, 'massa id nisl venenatis lacinia aenean sit amet justo morbi ut', 'Carleen Fullman', '2023-05-25 00:00:00', 3),
(588, 'sit amet cursus id turpis integer aliquet massa id lobortis convallis tortor risus dapibus augue vel accumsan', 'Hussein Shoreman', '2023-09-27 00:00:00', 975),
(589, 'feugiat et eros vestibulum ac est lacinia nisi venenatis tristique fusce', 'Vinnie Himpson', '2022-12-30 00:00:00', 418),
(590, 'semper interdum mauris ullamcorper purus sit amet nulla quisque arcu libero rutrum', 'Hanna Cogswell', '2022-09-29 00:00:00', 432),
(591, 'integer a nibh in quis justo maecenas rhoncus aliquam lacus morbi quis tortor id nulla ultrices aliquet maecenas leo', 'Sherwin McCallister', '2023-12-02 00:00:00', 319),
(592, 'tortor duis mattis egestas metus aenean fermentum donec ut mauris eget massa tempor convallis nulla neque libero convallis eget', 'Janeen Wallbanks', '2022-08-18 00:00:00', 149),
(593, 'at nulla suspendisse potenti cras in purus eu magna vulputate luctus', 'Revkah Dumke', '2023-02-27 00:00:00', 101),
(594, 'congue etiam justo etiam pretium iaculis justo in hac habitasse platea', 'Loralie Riccardini', '2024-03-16 00:00:00', 690),
(595, 'vestibulum ante ipsum primis in faucibus orci luctus et ultrices posuere cubilia curae mauris viverra diam vitae', 'Milty Spurgeon', '2023-12-05 00:00:00', 315),
(596, 'convallis nunc proin at turpis a pede posuere nonummy integer non velit donec diam neque vestibulum eget vulputate', 'Horace Creevy', '2023-06-17 00:00:00', 140),
(597, 'eu sapien cursus vestibulum proin eu mi nulla ac enim in tempor turpis nec euismod scelerisque quam turpis adipiscing', 'Antonietta Gretton', '2024-05-21 00:00:00', 366),
(598, 'vestibulum ante ipsum primis in faucibus orci luctus et ultrices posuere cubilia curae duis faucibus accumsan odio curabitur', 'Farley Fake', '2023-07-24 00:00:00', 399),
(599, 'odio condimentum id luctus nec molestie sed justo pellentesque viverra pede ac diam', 'Philbert Vell', '2023-10-30 00:00:00', 245),
(600, 'rhoncus mauris enim leo rhoncus sed vestibulum sit amet cursus id turpis', 'Vernon Shoobridge', '2023-09-12 00:00:00', 799),
(601, 'dolor morbi vel lectus in quam fringilla rhoncus mauris enim leo rhoncus', 'Codee Manterfield', '2023-04-17 00:00:00', 196),
(602, 'aliquam convallis nunc proin at turpis a pede posuere nonummy integer non velit donec diam neque vestibulum', 'Ethelbert Trass', '2024-01-07 00:00:00', 298),
(603, 'sagittis sapien cum sociis natoque penatibus et magnis dis parturient montes nascetur ridiculus', 'Leif Kiggel', '2022-12-12 00:00:00', 63),
(604, 'odio donec vitae nisi nam ultrices libero non mattis pulvinar nulla pede ullamcorper augue a suscipit nulla elit', 'Genny Tabart', '2024-01-23 00:00:00', 157),
(605, 'a odio in hac habitasse platea dictumst maecenas ut massa quis augue luctus tincidunt nulla', 'Wakefield Realy', '2023-10-11 00:00:00', 111),
(606, 'pellentesque at nulla suspendisse potenti cras in purus eu magna vulputate luctus cum', 'Vassily Waleran', '2024-04-03 00:00:00', 618),
(607, 'semper rutrum nulla nunc purus phasellus in felis donec semper sapien a libero nam dui proin leo odio', 'Giffy Saiens', '2024-05-28 00:00:00', 827),
(608, 'quis odio consequat varius integer ac leo pellentesque ultrices mattis', 'Marylynne Emerine', '2023-04-13 00:00:00', 361),
(609, 'odio donec vitae nisi nam ultrices libero non mattis pulvinar nulla pede ullamcorper augue a suscipit nulla elit ac', 'Ilene Wassell', '2024-02-25 00:00:00', 398),
(610, 'pede libero quis orci nullam molestie nibh in lectus pellentesque at nulla suspendisse potenti cras in purus eu', 'Wendeline Jameson', '2023-01-27 00:00:00', 832),
(611, 'eget tempus vel pede morbi porttitor lorem id ligula suspendisse ornare consequat lectus', 'Brade Trood', '2024-04-24 00:00:00', 667),
(612, 'odio odio elementum eu interdum eu tincidunt in leo maecenas pulvinar lobortis', 'Temp O Sullivan', '2024-04-01 00:00:00', 233),
(613, 'montes nascetur ridiculus mus etiam vel augue vestibulum rutrum rutrum neque aenean auctor', 'Catherine Theuss', '2022-12-03 00:00:00', 53),
(614, 'elementum eu interdum eu tincidunt in leo maecenas pulvinar lobortis est phasellus sit amet erat nulla tempus vivamus in', 'Theodoric Stannas', '2023-08-21 00:00:00', 298),
(615, 'tincidunt eget tempus vel pede morbi porttitor lorem id ligula suspendisse ornare consequat lectus', 'Gabrila Laying', '2022-12-14 00:00:00', 75),
(616, 'ipsum integer a nibh in quis justo maecenas rhoncus aliquam lacus morbi quis tortor id nulla ultrices aliquet maecenas leo', 'Jephthah Stentiford', '2024-04-01 00:00:00', 489),
(617, 'nec nisi vulputate nonummy maecenas tincidunt lacus at velit vivamus vel nulla eget eros elementum pellentesque quisque porta', 'Tiphani Collington', '2023-12-13 00:00:00', 785),
(618, 'vestibulum ante ipsum primis in faucibus orci luctus et ultrices posuere cubilia curae donec', 'Craig Turfes', '2022-11-17 00:00:00', 588),
(619, 'purus aliquet at feugiat non pretium quis lectus suspendisse potenti in eleifend quam a odio in hac habitasse', 'Gianina Vuitte', '2023-07-20 00:00:00', 305),
(620, 'amet consectetuer adipiscing elit proin interdum mauris non ligula pellentesque ultrices phasellus id', 'Toinette Testro', '2023-03-17 00:00:00', 490),
(621, 'convallis tortor risus dapibus augue vel accumsan tellus nisi eu orci mauris lacinia sapien quis libero', 'Pammy Nannetti', '2024-04-24 00:00:00', 804),
(622, 'nisi venenatis tristique fusce congue diam id ornare imperdiet sapien urna pretium nisl ut volutpat sapien arcu sed', 'Catherin Muzzi', '2024-03-25 00:00:00', 723),
(623, 'eleifend donec ut dolor morbi vel lectus in quam fringilla rhoncus mauris enim leo rhoncus sed vestibulum', 'Shelly Faircley', '2024-01-10 00:00:00', 851),
(624, 'volutpat quam pede lobortis ligula sit amet eleifend pede libero quis orci nullam molestie', 'Kelsi Scatchard', '2024-01-15 00:00:00', 953),
(625, 'volutpat dui maecenas tristique est et tempus semper est quam pharetra magna ac consequat metus sapien ut nunc vestibulum', 'Collin Rousby', '2023-01-03 00:00:00', 446),
(626, 'blandit non interdum in ante vestibulum ante ipsum primis in faucibus orci', 'Alfie Chese', '2024-02-26 00:00:00', 688),
(627, 'nulla tempus vivamus in felis eu sapien cursus vestibulum proin eu mi nulla ac enim in', 'Melvyn Burcher', '2023-02-06 00:00:00', 741),
(628, 'orci eget orci vehicula condimentum curabitur in libero ut massa volutpat convallis morbi odio odio elementum eu interdum eu tincidunt', 'Caritta Haggidon', '2023-02-02 00:00:00', 491),
(629, 'ultrices enim lorem ipsum dolor sit amet consectetuer adipiscing elit proin interdum mauris', 'Padriac Ballchin', '2024-05-16 00:00:00', 873),
(630, 'orci luctus et ultrices posuere cubilia curae donec pharetra magna vestibulum aliquet', 'Ancell Dalliston', '2024-05-31 00:00:00', 440),
(631, 'odio justo sollicitudin ut suscipit a feugiat et eros vestibulum ac est lacinia nisi venenatis tristique fusce congue diam', 'Ryan Yeskin', '2023-06-14 00:00:00', 50),
(632, 'nisi volutpat eleifend donec ut dolor morbi vel lectus in quam fringilla rhoncus mauris enim leo rhoncus sed vestibulum', 'Ulberto Sebrens', '2023-09-19 00:00:00', 940),
(633, 'eleifend pede libero quis orci nullam molestie nibh in lectus pellentesque', 'Laney McCoughan', '2023-09-08 00:00:00', 584),
(634, 'libero non mattis pulvinar nulla pede ullamcorper augue a suscipit nulla elit ac nulla sed vel enim sit amet', 'Aura Woffenden', '2023-09-05 00:00:00', 1),
(635, 'quam fringilla rhoncus mauris enim leo rhoncus sed vestibulum sit amet cursus id turpis integer aliquet massa id', 'Mayor Kellington', '2023-06-02 00:00:00', 879),
(636, 'sit amet diam in magna bibendum imperdiet nullam orci pede venenatis non', 'Janeta Paunsford', '2023-12-24 00:00:00', 47),
(637, 'mauris eget massa tempor convallis nulla neque libero convallis eget eleifend luctus ultricies eu nibh quisque', 'Billy Tombleson', '2023-06-29 00:00:00', 548),
(638, 'lectus aliquam sit amet diam in magna bibendum imperdiet nullam orci', 'Anderson Culverhouse', '2023-05-16 00:00:00', 998),
(639, 'sagittis dui vel nisl duis ac nibh fusce lacus purus aliquet at feugiat non pretium quis lectus', 'Stinky Gheorghescu', '2024-01-07 00:00:00', 407),
(640, 'habitasse platea dictumst aliquam augue quam sollicitudin vitae consectetuer eget', 'Rodd Askwith', '2023-02-26 00:00:00', 386),
(641, 'suscipit ligula in lacus curabitur at ipsum ac tellus semper interdum mauris ullamcorper', 'Blinni Ikin', '2022-11-17 00:00:00', 275),
(642, 'eget vulputate ut ultrices vel augue vestibulum ante ipsum primis in faucibus orci luctus et ultrices posuere cubilia curae', 'Maryl Danshin', '2022-12-26 00:00:00', 580),
(643, 'pellentesque ultrices phasellus id sapien in sapien iaculis congue vivamus metus arcu', 'Erskine Sondon', '2024-05-07 00:00:00', 262),
(644, 'luctus cum sociis natoque penatibus et magnis dis parturient montes nascetur ridiculus mus vivamus', 'Maurice Dantesia', '2023-04-18 00:00:00', 889),
(645, 'luctus et ultrices posuere cubilia curae duis faucibus accumsan odio curabitur convallis duis consequat dui nec nisi volutpat eleifend donec', 'Lois Leyshon', '2023-07-14 00:00:00', 940),
(646, 'amet diam in magna bibendum imperdiet nullam orci pede venenatis non sodales sed tincidunt', 'Thekla Hartright', '2024-04-19 00:00:00', 324),
(647, 'hac habitasse platea dictumst morbi vestibulum velit id pretium iaculis diam erat', 'Almira Thoms', '2023-03-12 00:00:00', 929),
(648, 'proin leo odio porttitor id consequat in consequat ut nulla sed accumsan felis ut at dolor quis', 'Dulci Belt', '2022-09-23 00:00:00', 211),
(649, 'rutrum nulla nunc purus phasellus in felis donec semper sapien a libero nam dui proin leo odio porttitor', 'Herschel Commings', '2022-09-16 00:00:00', 555),
(650, 'sem sed sagittis nam congue risus semper porta volutpat quam pede lobortis ligula', 'Minor Mouan', '2024-02-11 00:00:00', 206),
(651, 'accumsan tortor quis turpis sed ante vivamus tortor duis mattis egestas metus aenean fermentum donec ut mauris eget massa', 'Farra Wallas', '2022-11-28 00:00:00', 263),
(652, 'quis tortor id nulla ultrices aliquet maecenas leo odio condimentum', 'Annabela Duffrie', '2023-08-31 00:00:00', 668),
(653, 'pellentesque quisque porta volutpat erat quisque erat eros viverra eget congue eget semper rutrum nulla nunc purus', 'Dita Anfossi', '2023-06-14 00:00:00', 612),
(654, 'donec diam neque vestibulum eget vulputate ut ultrices vel augue vestibulum ante ipsum primis in faucibus orci luctus', 'Walton Surtees', '2022-11-14 00:00:00', 416),
(655, 'nisi at nibh in hac habitasse platea dictumst aliquam augue quam sollicitudin vitae', 'Roana Dron', '2023-10-21 00:00:00', 152),
(656, 'amet consectetuer adipiscing elit proin risus praesent lectus vestibulum quam sapien varius ut', 'Illa Denford', '2023-12-11 00:00:00', 945),
(657, 'vestibulum rutrum rutrum neque aenean auctor gravida sem praesent id massa id nisl venenatis lacinia aenean', 'Johna Kiraly', '2023-02-01 00:00:00', 915),
(658, 'in est risus auctor sed tristique in tempus sit amet sem', 'Lolita Fairholme', '2023-09-26 00:00:00', 66),
(659, 'tristique fusce congue diam id ornare imperdiet sapien urna pretium nisl', 'Tripp Zellmer', '2023-04-16 00:00:00', 63),
(660, 'nunc commodo placerat praesent blandit nam nulla integer pede justo lacinia eget tincidunt eget', 'Robin Prate', '2022-08-07 00:00:00', 929),
(661, 'ipsum dolor sit amet consectetuer adipiscing elit proin interdum mauris non ligula', 'Freddie Atmore', '2023-01-20 00:00:00', 669),
(662, 'vitae nisi nam ultrices libero non mattis pulvinar nulla pede ullamcorper augue a suscipit nulla', 'Rubetta Roggerone', '2023-11-10 00:00:00', 384),
(663, 'mauris vulputate elementum nullam varius nulla facilisi cras non velit nec nisi vulputate nonummy maecenas', 'Sharai Peirson', '2023-04-28 00:00:00', 801);
INSERT INTO `chat` (`id_chat`, `txt_chat`, `name_contact`, `date_chat`, `id_user`) VALUES
(664, 'in imperdiet et commodo vulputate justo in blandit ultrices enim lorem ipsum dolor sit amet consectetuer adipiscing elit proin interdum', 'Nesta Tombs', '2023-05-10 00:00:00', 126),
(665, 'risus semper porta volutpat quam pede lobortis ligula sit amet eleifend pede libero quis orci nullam molestie nibh in', 'Kelcy Genn', '2023-12-29 00:00:00', 645),
(666, 'augue quam sollicitudin vitae consectetuer eget rutrum at lorem integer tincidunt ante', 'Inglebert Meekings', '2023-01-25 00:00:00', 329),
(667, 'leo maecenas pulvinar lobortis est phasellus sit amet erat nulla tempus vivamus in', 'Chester Iannuzzi', '2023-09-06 00:00:00', 707),
(668, 'mattis pulvinar nulla pede ullamcorper augue a suscipit nulla elit ac nulla sed', 'Cesar Petranek', '2024-01-09 00:00:00', 118),
(669, 'velit donec diam neque vestibulum eget vulputate ut ultrices vel augue', 'Quinlan Gell', '2023-08-26 00:00:00', 322),
(670, 'est quam pharetra magna ac consequat metus sapien ut nunc vestibulum ante ipsum primis in', 'Minta Blackhurst', '2023-03-27 00:00:00', 78),
(671, 'cras in purus eu magna vulputate luctus cum sociis natoque penatibus et magnis dis parturient', 'Jacquette Pinch', '2022-12-10 00:00:00', 186),
(672, 'interdum in ante vestibulum ante ipsum primis in faucibus orci luctus et ultrices posuere cubilia curae duis faucibus accumsan', 'Jaye Smail', '2024-01-12 00:00:00', 690),
(673, 'eros elementum pellentesque quisque porta volutpat erat quisque erat eros', 'Tallie Butler', '2024-03-27 00:00:00', 139),
(674, 'fusce posuere felis sed lacus morbi sem mauris laoreet ut rhoncus aliquet pulvinar sed nisl nunc rhoncus', 'Culley Cantera', '2023-05-29 00:00:00', 340),
(675, 'risus semper porta volutpat quam pede lobortis ligula sit amet eleifend pede libero quis orci nullam', 'Benyamin Casaccia', '2024-01-31 00:00:00', 55),
(676, 'id turpis integer aliquet massa id lobortis convallis tortor risus dapibus augue vel accumsan tellus', 'Laetitia Gingel', '2023-06-13 00:00:00', 215),
(677, 'libero ut massa volutpat convallis morbi odio odio elementum eu interdum eu tincidunt in leo maecenas pulvinar', 'Bing Cabel', '2023-07-04 00:00:00', 322),
(678, 'mauris laoreet ut rhoncus aliquet pulvinar sed nisl nunc rhoncus dui vel sem sed sagittis nam', 'Riley Blumire', '2024-03-06 00:00:00', 30),
(679, 'posuere cubilia curae duis faucibus accumsan odio curabitur convallis duis consequat dui nec', 'Merrili Agney', '2023-05-25 00:00:00', 993),
(680, 'adipiscing molestie hendrerit at vulputate vitae nisl aenean lectus pellentesque eget nunc donec quis orci eget orci vehicula', 'Nefen Chettle', '2023-07-24 00:00:00', 488),
(681, 'non sodales sed tincidunt eu felis fusce posuere felis sed lacus morbi sem mauris laoreet ut rhoncus aliquet', 'Ailbert Jeanenet', '2023-04-18 00:00:00', 698),
(682, 'vestibulum proin eu mi nulla ac enim in tempor turpis nec', 'Tamqrah Cregeen', '2022-10-30 00:00:00', 138),
(683, 'cum sociis natoque penatibus et magnis dis parturient montes nascetur ridiculus mus', 'Maryrose Shakesby', '2024-02-27 00:00:00', 552),
(684, 'erat eros viverra eget congue eget semper rutrum nulla nunc purus phasellus in felis donec semper sapien a', 'Lindsey Hunnawill', '2023-07-24 00:00:00', 826),
(685, 'quisque porta volutpat erat quisque erat eros viverra eget congue eget semper rutrum nulla', 'Stoddard Stedman', '2023-04-02 00:00:00', 376),
(686, 'quisque porta volutpat erat quisque erat eros viverra eget congue eget semper rutrum', 'Erma Rollo', '2023-09-28 00:00:00', 135),
(687, 'condimentum curabitur in libero ut massa volutpat convallis morbi odio odio elementum', 'Mattie Guild', '2023-08-22 00:00:00', 468),
(688, 'imperdiet nullam orci pede venenatis non sodales sed tincidunt eu felis fusce posuere felis sed lacus', 'Gerhard Gaggen', '2023-02-04 00:00:00', 187),
(689, 'nisl duis bibendum felis sed interdum venenatis turpis enim blandit mi in porttitor pede justo eu massa', 'Marline Playford', '2023-04-19 00:00:00', 781),
(690, 'purus eu magna vulputate luctus cum sociis natoque penatibus et magnis dis parturient', 'Joell Tellenbroker', '2024-04-24 00:00:00', 70),
(691, 'aenean sit amet justo morbi ut odio cras mi pede malesuada in imperdiet et commodo vulputate', 'Bibbye Gallienne', '2024-02-26 00:00:00', 68),
(692, 'sapien iaculis congue vivamus metus arcu adipiscing molestie hendrerit at vulputate vitae', 'Mathilda Cescot', '2022-08-03 00:00:00', 449),
(693, 'luctus et ultrices posuere cubilia curae duis faucibus accumsan odio curabitur convallis duis consequat dui', 'Bonnee Aggs', '2023-07-08 00:00:00', 952),
(694, 'proin at turpis a pede posuere nonummy integer non velit donec diam neque vestibulum eget vulputate ut ultrices vel augue', 'Caron Ropars', '2022-12-25 00:00:00', 737),
(695, 'duis mattis egestas metus aenean fermentum donec ut mauris eget massa tempor', 'Mildred Moryson', '2023-05-01 00:00:00', 695),
(696, 'sed magna at nunc commodo placerat praesent blandit nam nulla integer pede justo lacinia eget tincidunt eget tempus vel pede', 'Mickie Yurkov', '2023-08-07 00:00:00', 595),
(697, 'venenatis lacinia aenean sit amet justo morbi ut odio cras mi pede malesuada', 'Diane Simco', '2023-05-23 00:00:00', 484),
(698, 'lacinia nisi venenatis tristique fusce congue diam id ornare imperdiet sapien urna pretium nisl ut volutpat sapien arcu sed augue', 'Lesya Torra', '2024-01-20 00:00:00', 198),
(699, 'at vulputate vitae nisl aenean lectus pellentesque eget nunc donec', 'Millicent Fretter', '2022-09-13 00:00:00', 17),
(700, 'nisi vulputate nonummy maecenas tincidunt lacus at velit vivamus vel', 'Kimberly Levane', '2024-06-01 00:00:00', 626),
(701, 'lectus pellentesque at nulla suspendisse potenti cras in purus eu magna vulputate luctus cum sociis natoque', 'Bebe Zoren', '2022-08-23 00:00:00', 765),
(702, 'duis faucibus accumsan odio curabitur convallis duis consequat dui nec nisi volutpat eleifend donec ut', 'Tonie Tumielli', '2023-03-31 00:00:00', 133),
(703, 'sed ante vivamus tortor duis mattis egestas metus aenean fermentum donec ut', 'Leyla Exter', '2022-09-20 00:00:00', 495),
(704, 'curabitur gravida nisi at nibh in hac habitasse platea dictumst aliquam augue quam sollicitudin', 'Jarred Grinyer', '2023-07-18 00:00:00', 653),
(705, 'libero ut massa volutpat convallis morbi odio odio elementum eu interdum eu', 'Jacques Holton', '2024-04-25 00:00:00', 541),
(706, 'tempus semper est quam pharetra magna ac consequat metus sapien ut nunc vestibulum ante ipsum primis in', 'Lion Selliman', '2024-01-30 00:00:00', 306),
(707, 'amet justo morbi ut odio cras mi pede malesuada in imperdiet et commodo vulputate justo in blandit ultrices enim lorem', 'Carmine Caltera', '2023-09-02 00:00:00', 926),
(708, 'maecenas leo odio condimentum id luctus nec molestie sed justo pellentesque viverra pede ac', 'Beck Cleere', '2023-06-15 00:00:00', 358),
(709, 'aenean auctor gravida sem praesent id massa id nisl venenatis lacinia aenean sit amet justo morbi ut', 'Wayne Truluck', '2024-03-07 00:00:00', 948),
(710, 'amet nunc viverra dapibus nulla suscipit ligula in lacus curabitur at ipsum ac tellus semper interdum mauris ullamcorper purus', 'Germana Tibald', '2023-06-14 00:00:00', 557),
(711, 'mattis pulvinar nulla pede ullamcorper augue a suscipit nulla elit ac nulla sed vel enim sit', 'Shayna Aaronson', '2023-03-12 00:00:00', 480),
(712, 'a feugiat et eros vestibulum ac est lacinia nisi venenatis tristique fusce congue diam id ornare imperdiet sapien', 'Margit Tattersill', '2023-10-02 00:00:00', 261),
(713, 'eu orci mauris lacinia sapien quis libero nullam sit amet turpis elementum ligula vehicula', 'Olly Kull', '2024-05-02 00:00:00', 853),
(714, 'elementum nullam varius nulla facilisi cras non velit nec nisi vulputate nonummy maecenas tincidunt lacus at velit vivamus vel nulla', 'Brenn Bowering', '2023-10-10 00:00:00', 117),
(715, 'integer ac neque duis bibendum morbi non quam nec dui luctus rutrum nulla tellus in sagittis dui', 'Tilda Pacitti', '2022-08-05 00:00:00', 696),
(716, 'ridiculus mus etiam vel augue vestibulum rutrum rutrum neque aenean auctor gravida sem', 'Egor Van Eeden', '2023-09-30 00:00:00', 961),
(717, 'elementum pellentesque quisque porta volutpat erat quisque erat eros viverra eget congue eget', 'Lilian Durram', '2022-11-25 00:00:00', 924),
(718, 'vitae nisi nam ultrices libero non mattis pulvinar nulla pede ullamcorper augue a', 'Fairfax Pirelli', '2022-12-27 00:00:00', 987),
(719, 'rutrum nulla nunc purus phasellus in felis donec semper sapien a libero nam dui proin leo odio porttitor id', 'Em O\'Hagerty', '2023-12-06 00:00:00', 229),
(720, 'convallis tortor risus dapibus augue vel accumsan tellus nisi eu orci mauris lacinia sapien quis libero', 'Winna Finn', '2023-09-23 00:00:00', 952),
(721, 'sollicitudin vitae consectetuer eget rutrum at lorem integer tincidunt ante vel ipsum praesent blandit lacinia erat vestibulum sed magna', 'Merline Grigorini', '2023-07-27 00:00:00', 212),
(722, 'bibendum felis sed interdum venenatis turpis enim blandit mi in', 'Vannie Leggan', '2023-06-07 00:00:00', 392),
(723, 'porta volutpat erat quisque erat eros viverra eget congue eget semper rutrum nulla nunc', 'Cos Kleingrub', '2023-03-29 00:00:00', 117),
(724, 'ut erat id mauris vulputate elementum nullam varius nulla facilisi cras non', 'Ailene Gligori', '2023-10-27 00:00:00', 411),
(725, 'id ornare imperdiet sapien urna pretium nisl ut volutpat sapien', 'Roanne Grigoli', '2022-10-31 00:00:00', 261),
(726, 'leo odio condimentum id luctus nec molestie sed justo pellentesque', 'Sheilah Scown', '2024-02-07 00:00:00', 535),
(727, 'ut suscipit a feugiat et eros vestibulum ac est lacinia nisi venenatis tristique fusce congue', 'Lutero Wathan', '2023-09-01 00:00:00', 188),
(728, 'nunc nisl duis bibendum felis sed interdum venenatis turpis enim blandit mi in porttitor pede', 'Darrin Willmont', '2022-11-21 00:00:00', 283),
(729, 'suspendisse potenti in eleifend quam a odio in hac habitasse platea dictumst maecenas ut massa quis', 'Willamina Ivie', '2023-06-14 00:00:00', 429),
(730, 'pulvinar nulla pede ullamcorper augue a suscipit nulla elit ac nulla sed vel enim', 'Felipa Swin', '2023-08-29 00:00:00', 394),
(731, 'nisl nunc rhoncus dui vel sem sed sagittis nam congue risus semper porta', 'Cyb Klimkovich', '2024-06-01 00:00:00', 56),
(732, 'ligula pellentesque ultrices phasellus id sapien in sapien iaculis congue vivamus metus', 'Kim Pearne', '2023-11-13 00:00:00', 983),
(733, 'vitae ipsum aliquam non mauris morbi non lectus aliquam sit', 'Chen Bille', '2022-09-23 00:00:00', 464),
(734, 'luctus rutrum nulla tellus in sagittis dui vel nisl duis ac nibh fusce lacus purus aliquet at feugiat non', 'Leisha Tozer', '2023-01-01 00:00:00', 728),
(735, 'erat curabitur gravida nisi at nibh in hac habitasse platea dictumst aliquam augue quam sollicitudin vitae', 'Karola Witheford', '2023-05-01 00:00:00', 429),
(736, 'potenti cras in purus eu magna vulputate luctus cum sociis natoque penatibus et magnis dis', 'Michaella Mogey', '2023-01-14 00:00:00', 614),
(737, 'varius integer ac leo pellentesque ultrices mattis odio donec vitae nisi nam ultrices libero non mattis pulvinar nulla pede', 'Andie Burkitt', '2023-10-20 00:00:00', 450),
(738, 'a nibh in quis justo maecenas rhoncus aliquam lacus morbi quis', 'Diandra Renbold', '2023-04-22 00:00:00', 835),
(739, 'pellentesque ultrices mattis odio donec vitae nisi nam ultrices libero non mattis pulvinar nulla pede', 'Mozelle Eayres', '2022-08-22 00:00:00', 933),
(740, 'scelerisque quam turpis adipiscing lorem vitae mattis nibh ligula nec sem duis aliquam', 'Kalil Dilliston', '2024-05-19 00:00:00', 323),
(741, 'id justo sit amet sapien dignissim vestibulum vestibulum ante ipsum primis in', 'Cole Huyton', '2024-05-01 00:00:00', 804),
(742, 'dolor sit amet consectetuer adipiscing elit proin interdum mauris non ligula pellentesque ultrices phasellus id sapien in sapien iaculis', 'Harcourt Quickenden', '2023-04-20 00:00:00', 510),
(743, 'nisl duis ac nibh fusce lacus purus aliquet at feugiat non pretium quis', 'Sasha Symington', '2023-10-12 00:00:00', 844),
(744, 'duis bibendum morbi non quam nec dui luctus rutrum nulla tellus in sagittis dui', 'Isa Tylor', '2024-03-12 00:00:00', 491),
(745, 'pulvinar nulla pede ullamcorper augue a suscipit nulla elit ac nulla sed', 'Boonie Lightbody', '2024-05-31 00:00:00', 517),
(746, 'tempus semper est quam pharetra magna ac consequat metus sapien ut nunc vestibulum ante ipsum primis in faucibus orci luctus', 'Damiano Haville', '2022-11-17 00:00:00', 718),
(747, 'lacinia nisi venenatis tristique fusce congue diam id ornare imperdiet sapien urna pretium nisl', 'Dexter Beglin', '2024-03-19 00:00:00', 983),
(748, 'sit amet lobortis sapien sapien non mi integer ac neque duis bibendum morbi non quam nec dui', 'Allegra Kobiera', '2023-02-19 00:00:00', 80),
(749, 'vulputate ut ultrices vel augue vestibulum ante ipsum primis in faucibus orci luctus et ultrices posuere cubilia', 'Giselle Domel', '2024-05-19 00:00:00', 15),
(750, 'porta volutpat quam pede lobortis ligula sit amet eleifend pede libero', 'Consuela Garrity', '2022-10-19 00:00:00', 920),
(751, 'maecenas pulvinar lobortis est phasellus sit amet erat nulla tempus vivamus in felis eu sapien cursus vestibulum proin', 'Saba De Caville', '2022-10-06 00:00:00', 732),
(752, 'ultricies eu nibh quisque id justo sit amet sapien dignissim', 'Novelia Lavielle', '2023-09-19 00:00:00', 858),
(753, 'ultrices erat tortor sollicitudin mi sit amet lobortis sapien sapien non mi integer ac neque duis bibendum morbi', 'Justina Rotte', '2022-10-17 00:00:00', 432),
(754, 'tempor turpis nec euismod scelerisque quam turpis adipiscing lorem vitae mattis nibh ligula nec sem duis aliquam convallis nunc proin', 'Dominik Weaver', '2022-12-14 00:00:00', 455),
(755, 'vitae nisi nam ultrices libero non mattis pulvinar nulla pede ullamcorper augue a', 'Allyce Trenbey', '2024-02-12 00:00:00', 313),
(756, 'sit amet diam in magna bibendum imperdiet nullam orci pede venenatis non sodales sed tincidunt eu', 'Vaughn Manneville', '2023-05-09 00:00:00', 626),
(757, 'gravida sem praesent id massa id nisl venenatis lacinia aenean sit amet justo morbi', 'Tabbie Dilon', '2024-02-10 00:00:00', 474),
(758, 'sem mauris laoreet ut rhoncus aliquet pulvinar sed nisl nunc rhoncus dui vel sem sed sagittis', 'Leeland Major', '2023-07-13 00:00:00', 918),
(759, 'fermentum donec ut mauris eget massa tempor convallis nulla neque libero convallis eget eleifend luctus', 'Becca Armfirld', '2023-01-27 00:00:00', 520),
(760, 'diam neque vestibulum eget vulputate ut ultrices vel augue vestibulum ante ipsum', 'Nancy Dufoure', '2023-10-25 00:00:00', 504),
(761, 'ultrices aliquet maecenas leo odio condimentum id luctus nec molestie sed justo pellentesque', 'Rickert Comrie', '2023-04-09 00:00:00', 141),
(762, 'orci luctus et ultrices posuere cubilia curae nulla dapibus dolor vel est donec odio justo sollicitudin ut suscipit a', 'Pauletta Kynastone', '2023-04-14 00:00:00', 783),
(763, 'fermentum justo nec condimentum neque sapien placerat ante nulla justo aliquam quis turpis', 'Ileana Edwardson', '2023-09-26 00:00:00', 501),
(764, 'donec odio justo sollicitudin ut suscipit a feugiat et eros vestibulum ac est lacinia nisi venenatis tristique fusce congue diam', 'Emmalyn Losel', '2023-05-23 00:00:00', 483),
(765, 'porttitor lacus at turpis donec posuere metus vitae ipsum aliquam', 'Roseann Downer', '2024-02-03 00:00:00', 204),
(766, 'in tempus sit amet sem fusce consequat nulla nisl nunc nisl duis bibendum felis sed interdum venenatis turpis', 'Ruthanne Rosenstiel', '2023-03-20 00:00:00', 279),
(767, 'ut massa quis augue luctus tincidunt nulla mollis molestie lorem quisque', 'Agneta Perillio', '2023-01-24 00:00:00', 809),
(768, 'mattis nibh ligula nec sem duis aliquam convallis nunc proin', 'Marje Redit', '2024-05-03 00:00:00', 357),
(769, 'vel accumsan tellus nisi eu orci mauris lacinia sapien quis libero nullam sit amet turpis elementum ligula', 'Yancy Shugg', '2024-04-21 00:00:00', 918),
(770, 'aenean auctor gravida sem praesent id massa id nisl venenatis lacinia aenean sit amet justo morbi', 'Finlay Epperson', '2023-11-13 00:00:00', 555),
(771, 'donec diam neque vestibulum eget vulputate ut ultrices vel augue vestibulum ante ipsum primis in faucibus orci luctus', 'Anette Drillingcourt', '2022-12-22 00:00:00', 193),
(772, 'semper porta volutpat quam pede lobortis ligula sit amet eleifend pede libero quis orci', 'Carola MacGuffog', '2024-06-05 00:00:00', 560),
(773, 'fermentum donec ut mauris eget massa tempor convallis nulla neque libero', 'Evin Scoone', '2024-03-11 00:00:00', 385),
(774, 'lorem ipsum dolor sit amet consectetuer adipiscing elit proin interdum mauris non ligula pellentesque ultrices phasellus', 'Tommy Urwen', '2023-11-10 00:00:00', 782),
(775, 'dictumst aliquam augue quam sollicitudin vitae consectetuer eget rutrum at lorem integer tincidunt ante', 'Karla Guillford', '2023-11-25 00:00:00', 681),
(776, 'quam turpis adipiscing lorem vitae mattis nibh ligula nec sem duis', 'Trever Saffle', '2024-04-23 00:00:00', 808),
(777, 'nunc proin at turpis a pede posuere nonummy integer non velit donec diam neque', 'Alvy Greatreax', '2024-03-07 00:00:00', 659),
(778, 'nulla dapibus dolor vel est donec odio justo sollicitudin ut suscipit a feugiat et eros', 'Damiano Gavini', '2023-02-19 00:00:00', 235),
(779, 'lectus in est risus auctor sed tristique in tempus sit amet sem', 'Jacquenetta Starmont', '2022-09-13 00:00:00', 789),
(780, 'neque aenean auctor gravida sem praesent id massa id nisl', 'Amble Pregel', '2023-03-12 00:00:00', 456),
(781, 'suspendisse potenti nullam porttitor lacus at turpis donec posuere metus', 'Joleen Westerman', '2023-12-25 00:00:00', 871),
(782, 'fermentum donec ut mauris eget massa tempor convallis nulla neque libero', 'Valentine Chelsom', '2022-10-04 00:00:00', 668),
(783, 'congue vivamus metus arcu adipiscing molestie hendrerit at vulputate vitae nisl aenean lectus pellentesque', 'Karlyn Pantridge', '2023-08-15 00:00:00', 954),
(784, 'tristique est et tempus semper est quam pharetra magna ac consequat metus sapien', 'Mirabelle Kilfeder', '2022-08-12 00:00:00', 46),
(785, 'donec posuere metus vitae ipsum aliquam non mauris morbi non lectus aliquam sit amet', 'Olenolin Renad', '2024-01-20 00:00:00', 364),
(786, 'augue vel accumsan tellus nisi eu orci mauris lacinia sapien quis libero nullam sit amet turpis elementum ligula vehicula', 'Kettie Lacky', '2024-05-12 00:00:00', 321),
(787, 'ligula in lacus curabitur at ipsum ac tellus semper interdum mauris ullamcorper purus sit amet', 'Mord Jostan', '2024-01-27 00:00:00', 841),
(788, 'maecenas pulvinar lobortis est phasellus sit amet erat nulla tempus vivamus', 'Zara Linning', '2022-12-23 00:00:00', 494),
(789, 'est phasellus sit amet erat nulla tempus vivamus in felis eu sapien cursus vestibulum proin eu mi nulla', 'Tallie Pre', '2023-07-06 00:00:00', 748),
(790, 'consequat varius integer ac leo pellentesque ultrices mattis odio donec vitae nisi nam ultrices libero non mattis', 'Nicki Peat', '2024-03-10 00:00:00', 965),
(791, 'fusce congue diam id ornare imperdiet sapien urna pretium nisl ut volutpat', 'Zacharias Tillett', '2023-12-20 00:00:00', 437),
(792, 'aenean fermentum donec ut mauris eget massa tempor convallis nulla neque libero convallis eget eleifend luctus ultricies eu nibh', 'Blancha Southcombe', '2022-12-16 00:00:00', 324),
(793, 'primis in faucibus orci luctus et ultrices posuere cubilia curae duis', 'Kakalina Amsberger', '2023-11-30 00:00:00', 932),
(794, 'mauris ullamcorper purus sit amet nulla quisque arcu libero rutrum ac', 'Rayshell Ronaldson', '2023-03-27 00:00:00', 101),
(795, 'eros vestibulum ac est lacinia nisi venenatis tristique fusce congue diam id ornare imperdiet sapien urna pretium nisl', 'Stephanus Myford', '2023-07-19 00:00:00', 229),
(796, 'eu magna vulputate luctus cum sociis natoque penatibus et magnis dis parturient montes nascetur ridiculus mus vivamus vestibulum', 'Devora Stockney', '2023-03-24 00:00:00', 621),
(797, 'ut erat curabitur gravida nisi at nibh in hac habitasse platea dictumst', 'Adelheid Hanratty', '2023-01-22 00:00:00', 482),
(798, 'ac diam cras pellentesque volutpat dui maecenas tristique est et tempus semper est quam', 'Stearne Howcroft', '2023-08-07 00:00:00', 686),
(799, 'felis sed lacus morbi sem mauris laoreet ut rhoncus aliquet pulvinar sed nisl', 'Adler Kynan', '2024-06-04 00:00:00', 650),
(800, 'neque duis bibendum morbi non quam nec dui luctus rutrum nulla tellus in sagittis dui vel nisl duis', 'Blinni Adamini', '2024-03-06 00:00:00', 644),
(801, 'felis sed lacus morbi sem mauris laoreet ut rhoncus aliquet pulvinar sed', 'Curt Pothergill', '2024-03-29 00:00:00', 470),
(802, 'nec euismod scelerisque quam turpis adipiscing lorem vitae mattis nibh ligula nec sem duis aliquam convallis nunc proin at turpis', 'Anjela Trosdall', '2023-12-25 00:00:00', 747),
(803, 'mi in porttitor pede justo eu massa donec dapibus duis at velit eu est congue elementum in hac habitasse platea', 'Sonia Trathen', '2022-10-02 00:00:00', 408),
(804, 'libero ut massa volutpat convallis morbi odio odio elementum eu interdum eu tincidunt', 'Hayden Chadburn', '2023-08-26 00:00:00', 372),
(805, 'aliquam non mauris morbi non lectus aliquam sit amet diam in magna bibendum imperdiet nullam orci pede venenatis', 'Elsey Kornalik', '2022-08-29 00:00:00', 286),
(806, 'at turpis a pede posuere nonummy integer non velit donec diam neque vestibulum eget vulputate ut', 'Brandtr Cosser', '2023-04-07 00:00:00', 845),
(807, 'eleifend quam a odio in hac habitasse platea dictumst maecenas ut massa', 'Wally Pasek', '2023-04-13 00:00:00', 881),
(808, 'nam congue risus semper porta volutpat quam pede lobortis ligula sit amet eleifend pede libero quis', 'Dennis Clive', '2022-08-18 00:00:00', 102),
(809, 'morbi quis tortor id nulla ultrices aliquet maecenas leo odio condimentum id luctus', 'Delano Gallardo', '2023-04-16 00:00:00', 942),
(810, 'phasellus sit amet erat nulla tempus vivamus in felis eu sapien cursus vestibulum proin eu mi nulla ac', 'Bel Brockman', '2022-10-11 00:00:00', 587),
(811, 'aliquam sit amet diam in magna bibendum imperdiet nullam orci pede venenatis non sodales sed tincidunt eu felis fusce', 'Caleb Witchalls', '2022-12-15 00:00:00', 924),
(812, 'ut suscipit a feugiat et eros vestibulum ac est lacinia nisi venenatis', 'Del Filov', '2022-08-29 00:00:00', 524),
(813, 'nonummy integer non velit donec diam neque vestibulum eget vulputate ut ultrices vel augue vestibulum', 'Niel Binney', '2022-12-08 00:00:00', 996),
(814, 'justo sit amet sapien dignissim vestibulum vestibulum ante ipsum primis in faucibus orci luctus', 'Seth Brunger', '2024-05-21 00:00:00', 782),
(815, 'vel sem sed sagittis nam congue risus semper porta volutpat quam pede', 'Aristotle Trye', '2024-05-29 00:00:00', 434),
(816, 'natoque penatibus et magnis dis parturient montes nascetur ridiculus mus etiam vel', 'Vaughn Reimers', '2022-11-13 00:00:00', 531),
(817, 'vitae ipsum aliquam non mauris morbi non lectus aliquam sit amet diam in magna bibendum imperdiet nullam orci pede', 'Noni MacDermot', '2024-05-28 00:00:00', 396),
(818, 'ultrices erat tortor sollicitudin mi sit amet lobortis sapien sapien non mi', 'Harmonia Baszniak', '2024-02-07 00:00:00', 67),
(819, 'at velit eu est congue elementum in hac habitasse platea dictumst morbi vestibulum velit id', 'Redd Waadenburg', '2023-01-13 00:00:00', 429),
(820, 'aliquet maecenas leo odio condimentum id luctus nec molestie sed justo pellentesque viverra pede ac diam cras pellentesque volutpat', 'Ulysses Bracey', '2023-05-26 00:00:00', 168),
(821, 'fermentum donec ut mauris eget massa tempor convallis nulla neque libero', 'Em Hanley', '2024-05-10 00:00:00', 946),
(822, 'eros vestibulum ac est lacinia nisi venenatis tristique fusce congue diam id ornare imperdiet sapien urna pretium', 'Rosalie Hughlin', '2022-12-02 00:00:00', 74),
(823, 'duis bibendum felis sed interdum venenatis turpis enim blandit mi in porttitor pede justo eu massa donec', 'Tierney Rosini', '2024-03-08 00:00:00', 401),
(824, 'lacinia aenean sit amet justo morbi ut odio cras mi pede malesuada in', 'Betsy Rigge', '2023-08-01 00:00:00', 473),
(825, 'vel enim sit amet nunc viverra dapibus nulla suscipit ligula in lacus curabitur at ipsum', 'Brandtr Breslau', '2023-05-29 00:00:00', 609),
(826, 'libero nullam sit amet turpis elementum ligula vehicula consequat morbi a ipsum integer a nibh', 'Valene Poxon', '2023-01-22 00:00:00', 237),
(827, 'diam cras pellentesque volutpat dui maecenas tristique est et tempus semper est quam pharetra magna ac consequat', 'Garrott Ferreo', '2023-05-02 00:00:00', 988),
(828, 'non velit donec diam neque vestibulum eget vulputate ut ultrices vel augue vestibulum ante ipsum', 'Andres Monk', '2023-07-11 00:00:00', 264),
(829, 'ornare imperdiet sapien urna pretium nisl ut volutpat sapien arcu sed', 'Saxe Kalinowsky', '2022-12-20 00:00:00', 813),
(830, 'tellus in sagittis dui vel nisl duis ac nibh fusce lacus purus aliquet at feugiat non pretium quis', 'Ginnie Chaddock', '2024-02-28 00:00:00', 808),
(831, 'auctor sed tristique in tempus sit amet sem fusce consequat nulla nisl nunc', 'Lombard Iwanczyk', '2024-03-25 00:00:00', 495),
(832, 'non velit nec nisi vulputate nonummy maecenas tincidunt lacus at velit vivamus vel nulla eget eros elementum pellentesque quisque porta', 'Trescha Balstone', '2024-05-04 00:00:00', 107),
(833, 'ac enim in tempor turpis nec euismod scelerisque quam turpis adipiscing lorem vitae mattis', 'Baillie Sarfat', '2023-06-24 00:00:00', 625),
(834, 'nunc rhoncus dui vel sem sed sagittis nam congue risus semper porta volutpat quam pede lobortis ligula sit amet', 'Uta Readshall', '2024-03-29 00:00:00', 179),
(835, 'varius nulla facilisi cras non velit nec nisi vulputate nonummy maecenas tincidunt lacus at velit vivamus vel', 'Hannis Scading', '2024-04-25 00:00:00', 998),
(836, 'nulla ut erat id mauris vulputate elementum nullam varius nulla facilisi cras non velit nec nisi vulputate nonummy maecenas', 'Pauly Jodlkowski', '2024-01-25 00:00:00', 876),
(837, 'amet nulla quisque arcu libero rutrum ac lobortis vel dapibus at diam nam', 'Farr Rowntree', '2024-05-30 00:00:00', 75),
(838, 'quis orci eget orci vehicula condimentum curabitur in libero ut massa volutpat', 'Harley Burberry', '2023-05-13 00:00:00', 922),
(839, 'consequat nulla nisl nunc nisl duis bibendum felis sed interdum venenatis turpis enim', 'Bart Kuzma', '2023-05-26 00:00:00', 90),
(840, 'vestibulum ante ipsum primis in faucibus orci luctus et ultrices', 'Fredelia Mc Combe', '2023-01-05 00:00:00', 620),
(841, 'primis in faucibus orci luctus et ultrices posuere cubilia curae nulla dapibus dolor', 'Aloysia Boner', '2022-08-06 00:00:00', 97),
(842, 'ultrices posuere cubilia curae donec pharetra magna vestibulum aliquet ultrices erat tortor sollicitudin mi sit amet lobortis', 'Carny Moggie', '2022-09-10 00:00:00', 833),
(843, 'tortor quis turpis sed ante vivamus tortor duis mattis egestas', 'Kippy Killingbeck', '2022-08-29 00:00:00', 187),
(844, 'ut nulla sed accumsan felis ut at dolor quis odio consequat varius integer ac leo pellentesque ultrices mattis odio', 'Morly Cund', '2024-01-21 00:00:00', 730),
(845, 'morbi non lectus aliquam sit amet diam in magna bibendum', 'Clemens Pickles', '2023-02-14 00:00:00', 364),
(846, 'curae duis faucibus accumsan odio curabitur convallis duis consequat dui nec nisi volutpat eleifend donec ut dolor morbi', 'Mady Putman', '2023-09-10 00:00:00', 159),
(847, 'justo lacinia eget tincidunt eget tempus vel pede morbi porttitor lorem id', 'Any Bottoner', '2023-04-01 00:00:00', 690),
(848, 'convallis morbi odio odio elementum eu interdum eu tincidunt in leo maecenas pulvinar', 'Brina Whitworth', '2022-12-17 00:00:00', 272),
(849, 'etiam faucibus cursus urna ut tellus nulla ut erat id mauris vulputate elementum', 'Denice Macconachy', '2023-01-03 00:00:00', 922),
(850, 'massa tempor convallis nulla neque libero convallis eget eleifend luctus ultricies eu', 'Darbee Shayler', '2022-09-17 00:00:00', 218),
(851, 'etiam vel augue vestibulum rutrum rutrum neque aenean auctor gravida sem praesent id massa id nisl venenatis lacinia aenean sit', 'Skylar McNeice', '2024-04-29 00:00:00', 903),
(852, 'id nisl venenatis lacinia aenean sit amet justo morbi ut odio cras mi pede malesuada in', 'Nola Eberst', '2024-01-09 00:00:00', 771),
(853, 'pede venenatis non sodales sed tincidunt eu felis fusce posuere felis sed lacus morbi sem mauris', 'Theobald O\'Roan', '2024-02-04 00:00:00', 918),
(854, 'platea dictumst aliquam augue quam sollicitudin vitae consectetuer eget rutrum at lorem integer tincidunt ante', 'Rosamond Rudeforth', '2023-11-11 00:00:00', 61),
(855, 'vestibulum ante ipsum primis in faucibus orci luctus et ultrices posuere cubilia curae duis faucibus accumsan', 'Marcellus Daymont', '2023-07-04 00:00:00', 396),
(856, 'risus dapibus augue vel accumsan tellus nisi eu orci mauris lacinia sapien quis libero', 'Cirillo Jehan', '2023-08-25 00:00:00', 179),
(857, 'justo eu massa donec dapibus duis at velit eu est congue elementum', 'Susy Chevers', '2022-11-11 00:00:00', 560),
(858, 'aliquet maecenas leo odio condimentum id luctus nec molestie sed justo pellentesque viverra pede ac', 'Raimondo Fifoot', '2023-07-14 00:00:00', 885),
(859, 'tristique fusce congue diam id ornare imperdiet sapien urna pretium nisl ut volutpat', 'Gerek Kliement', '2023-11-15 00:00:00', 545),
(860, 'ipsum primis in faucibus orci luctus et ultrices posuere cubilia curae mauris viverra diam vitae quam', 'Corny Bansal', '2023-05-20 00:00:00', 953),
(861, 'neque libero convallis eget eleifend luctus ultricies eu nibh quisque id justo sit', 'Laurene Wantling', '2023-05-26 00:00:00', 373),
(862, 'hac habitasse platea dictumst morbi vestibulum velit id pretium iaculis diam erat fermentum justo nec condimentum neque', 'Bondon MacCallion', '2023-09-29 00:00:00', 276),
(863, 'duis faucibus accumsan odio curabitur convallis duis consequat dui nec nisi volutpat eleifend donec ut dolor morbi vel lectus in', 'Mohandis Pixton', '2023-08-13 00:00:00', 989),
(864, 'nulla suscipit ligula in lacus curabitur at ipsum ac tellus semper', 'Merridie Peploe', '2023-06-01 00:00:00', 957),
(865, 'lacus morbi quis tortor id nulla ultrices aliquet maecenas leo odio condimentum id luctus nec', 'Zonda Angric', '2022-08-05 00:00:00', 156),
(866, 'turpis a pede posuere nonummy integer non velit donec diam neque vestibulum eget vulputate ut ultrices vel', 'Ivy Springate', '2023-01-11 00:00:00', 468),
(867, 'blandit nam nulla integer pede justo lacinia eget tincidunt eget tempus', 'Devina Haggith', '2022-12-17 00:00:00', 609),
(868, 'faucibus cursus urna ut tellus nulla ut erat id mauris vulputate elementum', 'Stevena Blades', '2024-03-01 00:00:00', 747),
(869, 'donec posuere metus vitae ipsum aliquam non mauris morbi non lectus aliquam sit', 'Alonzo McIlharga', '2024-06-03 00:00:00', 619),
(870, 'sit amet sapien dignissim vestibulum vestibulum ante ipsum primis in faucibus orci luctus et ultrices posuere cubilia', 'Elsbeth Skillett', '2024-05-29 00:00:00', 617),
(871, 'morbi sem mauris laoreet ut rhoncus aliquet pulvinar sed nisl', 'Dare Verbrugghen', '2022-09-07 00:00:00', 650),
(872, 'convallis eget eleifend luctus ultricies eu nibh quisque id justo sit amet sapien dignissim vestibulum vestibulum ante ipsum', 'Steward Softley', '2024-04-05 00:00:00', 59),
(873, 'turpis sed ante vivamus tortor duis mattis egestas metus aenean fermentum donec ut mauris eget massa tempor', 'Sherrie Hawket', '2023-12-16 00:00:00', 78),
(874, 'vestibulum proin eu mi nulla ac enim in tempor turpis nec euismod scelerisque quam turpis adipiscing lorem vitae mattis nibh', 'Alix Curzey', '2022-09-25 00:00:00', 398),
(875, 'nulla dapibus dolor vel est donec odio justo sollicitudin ut suscipit a feugiat et', 'Vincenz Sellors', '2023-11-25 00:00:00', 157),
(876, 'integer pede justo lacinia eget tincidunt eget tempus vel pede morbi porttitor', 'Kip Marquese', '2023-07-24 00:00:00', 659),
(877, 'diam vitae quam suspendisse potenti nullam porttitor lacus at turpis', 'Ceil Giovannacci', '2023-01-03 00:00:00', 195),
(878, 'volutpat sapien arcu sed augue aliquam erat volutpat in congue etiam justo etiam pretium iaculis justo in', 'Willem Claricoates', '2022-12-21 00:00:00', 248),
(879, 'ultrices libero non mattis pulvinar nulla pede ullamcorper augue a suscipit nulla elit ac', 'Kath Powder', '2022-12-21 00:00:00', 384),
(880, 'nulla ac enim in tempor turpis nec euismod scelerisque quam turpis adipiscing lorem vitae mattis nibh ligula nec', 'Dianna Wahncke', '2022-11-04 00:00:00', 487),
(881, 'quis tortor id nulla ultrices aliquet maecenas leo odio condimentum id luctus nec molestie sed justo', 'Elwin Clunan', '2024-01-25 00:00:00', 514),
(882, 'et magnis dis parturient montes nascetur ridiculus mus vivamus vestibulum', 'Murvyn Saller', '2023-10-03 00:00:00', 445),
(883, 'ac tellus semper interdum mauris ullamcorper purus sit amet nulla quisque', 'Nevins Vinten', '2024-04-15 00:00:00', 644),
(884, 'feugiat et eros vestibulum ac est lacinia nisi venenatis tristique fusce congue diam id ornare', 'Ema Gittose', '2023-08-14 00:00:00', 801),
(885, 'vitae mattis nibh ligula nec sem duis aliquam convallis nunc proin', 'Rufe Wernham', '2022-08-23 00:00:00', 18),
(886, 'sed tristique in tempus sit amet sem fusce consequat nulla nisl nunc nisl duis', 'Caritta Shadfourth', '2024-06-02 00:00:00', 748),
(887, 'quis turpis eget elit sodales scelerisque mauris sit amet eros suspendisse accumsan tortor quis turpis sed ante vivamus tortor duis', 'Katy Kleuer', '2023-03-09 00:00:00', 459),
(888, 'posuere metus vitae ipsum aliquam non mauris morbi non lectus aliquam sit amet diam in magna bibendum imperdiet nullam', 'Cheslie Regglar', '2023-07-11 00:00:00', 437),
(889, 'platea dictumst etiam faucibus cursus urna ut tellus nulla ut erat id mauris vulputate', 'Lance Pech', '2023-06-05 00:00:00', 830),
(890, 'semper sapien a libero nam dui proin leo odio porttitor id', 'Marcille Cridlan', '2024-03-16 00:00:00', 106),
(891, 'ipsum dolor sit amet consectetuer adipiscing elit proin interdum mauris non ligula pellentesque ultrices phasellus id sapien in sapien', 'Winnah Axup', '2024-01-12 00:00:00', 68),
(892, 'quis turpis sed ante vivamus tortor duis mattis egestas metus aenean fermentum donec ut', 'Sabra Izhaky', '2022-08-18 00:00:00', 724),
(893, 'ut dolor morbi vel lectus in quam fringilla rhoncus mauris enim leo rhoncus sed vestibulum', 'Antonio Flello', '2023-02-12 00:00:00', 847),
(894, 'mi nulla ac enim in tempor turpis nec euismod scelerisque quam turpis adipiscing lorem', 'Esme Cordon', '2024-02-01 00:00:00', 534),
(895, 'in est risus auctor sed tristique in tempus sit amet sem fusce consequat nulla nisl nunc', 'Otto Defries', '2023-04-07 00:00:00', 270),
(896, 'quam pharetra magna ac consequat metus sapien ut nunc vestibulum ante ipsum primis in faucibus orci luctus et ultrices posuere', 'Gerhardt Rixon', '2024-01-30 00:00:00', 287),
(897, 'sapien in sapien iaculis congue vivamus metus arcu adipiscing molestie hendrerit at vulputate vitae nisl aenean lectus pellentesque eget nunc', 'Sherry Tydeman', '2022-11-05 00:00:00', 430),
(898, 'purus sit amet nulla quisque arcu libero rutrum ac lobortis', 'Win Corington', '2023-05-20 00:00:00', 609),
(899, 'donec odio justo sollicitudin ut suscipit a feugiat et eros vestibulum ac est lacinia nisi venenatis tristique fusce', 'Sonya Harriot', '2023-04-07 00:00:00', 591),
(900, 'sed vestibulum sit amet cursus id turpis integer aliquet massa id lobortis convallis tortor risus dapibus augue vel', 'Marinna Auty', '2024-02-13 00:00:00', 22),
(901, 'nunc nisl duis bibendum felis sed interdum venenatis turpis enim blandit mi in porttitor pede', 'Carolee Theriot', '2024-02-29 00:00:00', 186),
(902, 'in leo maecenas pulvinar lobortis est phasellus sit amet erat nulla tempus vivamus in felis eu sapien cursus vestibulum proin', 'Fernando Wivell', '2023-07-29 00:00:00', 450),
(903, 'rutrum rutrum neque aenean auctor gravida sem praesent id massa id nisl venenatis', 'Janenna Dabbs', '2023-07-09 00:00:00', 866),
(904, 'aenean auctor gravida sem praesent id massa id nisl venenatis lacinia aenean sit amet justo', 'Sascha O\'Caine', '2022-08-18 00:00:00', 416),
(905, 'maecenas rhoncus aliquam lacus morbi quis tortor id nulla ultrices aliquet maecenas leo odio condimentum', 'Yanaton Areles', '2022-08-03 00:00:00', 23),
(906, 'neque aenean auctor gravida sem praesent id massa id nisl venenatis lacinia aenean sit', 'Flossie Amar', '2023-09-09 00:00:00', 675),
(907, 'praesent blandit lacinia erat vestibulum sed magna at nunc commodo placerat praesent blandit nam nulla', 'Josiah Hammell', '2023-01-20 00:00:00', 971),
(908, 'elementum nullam varius nulla facilisi cras non velit nec nisi vulputate nonummy maecenas tincidunt lacus at velit vivamus vel nulla', 'Curtice Timpany', '2024-04-30 00:00:00', 220),
(909, 'varius ut blandit non interdum in ante vestibulum ante ipsum primis in faucibus orci luctus et ultrices posuere', 'Karlie Slyme', '2023-02-08 00:00:00', 744),
(910, 'ultrices posuere cubilia curae duis faucibus accumsan odio curabitur convallis duis', 'Jeramey Jessett', '2024-01-19 00:00:00', 398),
(911, 'non pretium quis lectus suspendisse potenti in eleifend quam a odio in', 'Russ Camies', '2023-08-28 00:00:00', 308),
(912, 'ligula vehicula consequat morbi a ipsum integer a nibh in quis justo maecenas', 'Rosanne Eakins', '2022-08-21 00:00:00', 632),
(913, 'duis consequat dui nec nisi volutpat eleifend donec ut dolor morbi vel lectus in quam', 'Andras Tebb', '2023-01-18 00:00:00', 752),
(914, 'suspendisse potenti in eleifend quam a odio in hac habitasse platea dictumst maecenas ut', 'Jillayne Elcombe', '2022-10-25 00:00:00', 982),
(915, 'neque sapien placerat ante nulla justo aliquam quis turpis eget elit sodales scelerisque mauris sit amet eros suspendisse', 'Greggory Janzen', '2024-03-25 00:00:00', 495),
(916, 'nunc proin at turpis a pede posuere nonummy integer non velit donec diam neque vestibulum', 'Daffie Hobbert', '2022-12-12 00:00:00', 258),
(917, 'turpis elementum ligula vehicula consequat morbi a ipsum integer a nibh in quis justo maecenas rhoncus aliquam lacus', 'Mirabel Chatt', '2022-12-24 00:00:00', 874),
(918, 'duis faucibus accumsan odio curabitur convallis duis consequat dui nec nisi volutpat eleifend donec ut dolor morbi vel', 'Mohammed Reynoollds', '2024-01-04 00:00:00', 950),
(919, 'donec semper sapien a libero nam dui proin leo odio porttitor', 'Roarke Genike', '2022-08-26 00:00:00', 602),
(920, 'rutrum at lorem integer tincidunt ante vel ipsum praesent blandit lacinia erat', 'Adah Greneham', '2023-05-24 00:00:00', 11),
(921, 'libero nullam sit amet turpis elementum ligula vehicula consequat morbi a ipsum integer', 'Vincenz Barbosa', '2023-10-27 00:00:00', 286),
(922, 'integer non velit donec diam neque vestibulum eget vulputate ut ultrices vel augue vestibulum ante ipsum primis', 'Susanne Pockett', '2024-04-07 00:00:00', 32),
(923, 'aliquam erat volutpat in congue etiam justo etiam pretium iaculis justo in hac', 'Guilbert Costelloe', '2022-09-20 00:00:00', 434),
(924, 'proin interdum mauris non ligula pellentesque ultrices phasellus id sapien in sapien iaculis', 'Arty Bertholin', '2023-06-20 00:00:00', 418),
(925, 'sed sagittis nam congue risus semper porta volutpat quam pede', 'Mae Matokhnin', '2023-03-16 00:00:00', 470),
(926, 'risus praesent lectus vestibulum quam sapien varius ut blandit non interdum in ante vestibulum ante ipsum primis', 'Westbrooke Petkens', '2023-04-21 00:00:00', 807),
(927, 'donec ut mauris eget massa tempor convallis nulla neque libero convallis eget eleifend luctus ultricies eu', 'Farlay Orriss', '2024-02-19 00:00:00', 171),
(928, 'vel sem sed sagittis nam congue risus semper porta volutpat quam pede lobortis ligula sit amet eleifend pede', 'Stephie Darko', '2023-08-28 00:00:00', 289),
(929, 'amet erat nulla tempus vivamus in felis eu sapien cursus vestibulum', 'Cherida Bronger', '2023-04-09 00:00:00', 425),
(930, 'eget elit sodales scelerisque mauris sit amet eros suspendisse accumsan tortor quis turpis sed ante vivamus', 'Joshia Gerwood', '2023-05-02 00:00:00', 349),
(931, 'est congue elementum in hac habitasse platea dictumst morbi vestibulum velit id pretium', 'Nollie Nickell', '2023-11-12 00:00:00', 693),
(932, 'mauris lacinia sapien quis libero nullam sit amet turpis elementum ligula vehicula consequat morbi a ipsum integer', 'Delores Crauford', '2023-01-23 00:00:00', 736),
(933, 'amet nulla quisque arcu libero rutrum ac lobortis vel dapibus', 'Stephanus Doxsey', '2023-07-30 00:00:00', 467),
(934, 'donec pharetra magna vestibulum aliquet ultrices erat tortor sollicitudin mi sit', 'Jan Murfett', '2023-04-01 00:00:00', 751),
(935, 'justo morbi ut odio cras mi pede malesuada in imperdiet et commodo vulputate justo in blandit ultrices', 'Elie Lerohan', '2024-02-07 00:00:00', 535),
(936, 'eu orci mauris lacinia sapien quis libero nullam sit amet turpis elementum ligula', 'Dominga Ferrieri', '2023-05-01 00:00:00', 445),
(937, 'amet cursus id turpis integer aliquet massa id lobortis convallis tortor risus dapibus augue', 'Rosita McMenamy', '2022-10-29 00:00:00', 311),
(938, 'cubilia curae duis faucibus accumsan odio curabitur convallis duis consequat dui nec nisi volutpat eleifend', 'Hailee Mobley', '2023-07-14 00:00:00', 538),
(939, 'non velit nec nisi vulputate nonummy maecenas tincidunt lacus at velit', 'Olivero Gildroy', '2023-08-14 00:00:00', 931),
(940, 'sit amet justo morbi ut odio cras mi pede malesuada in imperdiet et commodo vulputate justo in blandit ultrices enim', 'Rosamund Bewley', '2022-09-01 00:00:00', 19),
(941, 'elementum in hac habitasse platea dictumst morbi vestibulum velit id pretium iaculis diam erat fermentum justo nec condimentum neque sapien', 'Candis MacNamara', '2024-04-01 00:00:00', 875),
(942, 'fusce congue diam id ornare imperdiet sapien urna pretium nisl', 'Ulrike Locker', '2023-06-07 00:00:00', 471),
(943, 'interdum mauris non ligula pellentesque ultrices phasellus id sapien in sapien iaculis congue vivamus metus arcu adipiscing molestie', 'Whitman Cuthill', '2023-02-24 00:00:00', 942),
(944, 'vel nulla eget eros elementum pellentesque quisque porta volutpat erat quisque erat eros', 'Angelika Smetoun', '2023-02-12 00:00:00', 453),
(945, 'felis ut at dolor quis odio consequat varius integer ac leo pellentesque ultrices mattis odio donec vitae', 'Bucky Drennan', '2023-07-05 00:00:00', 684),
(946, 'in magna bibendum imperdiet nullam orci pede venenatis non sodales sed tincidunt eu felis fusce', 'Wallie McCollum', '2023-11-09 00:00:00', 622),
(947, 'at turpis donec posuere metus vitae ipsum aliquam non mauris morbi non lectus aliquam', 'Blanch Roalfe', '2022-09-28 00:00:00', 781),
(948, 'dui vel sem sed sagittis nam congue risus semper porta', 'Walsh Gearty', '2024-03-08 00:00:00', 751),
(949, 'posuere felis sed lacus morbi sem mauris laoreet ut rhoncus aliquet pulvinar', 'Farr Deveral', '2023-09-14 00:00:00', 588),
(950, 'integer a nibh in quis justo maecenas rhoncus aliquam lacus morbi quis tortor id nulla ultrices', 'Lucille Muris', '2022-08-03 00:00:00', 703),
(951, 'sit amet nulla quisque arcu libero rutrum ac lobortis vel dapibus', 'Sharla Ghilardini', '2023-12-28 00:00:00', 21),
(952, 'justo sit amet sapien dignissim vestibulum vestibulum ante ipsum primis in faucibus orci luctus et ultrices', 'Shea Haycroft', '2023-01-10 00:00:00', 324),
(953, 'amet cursus id turpis integer aliquet massa id lobortis convallis tortor risus dapibus augue vel accumsan tellus nisi eu orci', 'Julianna Ecclesall', '2024-02-07 00:00:00', 189),
(954, 'orci eget orci vehicula condimentum curabitur in libero ut massa volutpat convallis morbi odio odio elementum eu interdum eu tincidunt', 'Faustine Skirven', '2022-12-13 00:00:00', 69),
(955, 'nunc donec quis orci eget orci vehicula condimentum curabitur in libero ut massa volutpat convallis morbi odio odio elementum', 'Wolf Gartell', '2024-05-14 00:00:00', 792),
(956, 'libero non mattis pulvinar nulla pede ullamcorper augue a suscipit nulla', 'Baillie Bigby', '2024-02-09 00:00:00', 787),
(957, 'diam erat fermentum justo nec condimentum neque sapien placerat ante nulla justo aliquam', 'Doug Dyhouse', '2023-11-10 00:00:00', 740),
(958, 'aenean auctor gravida sem praesent id massa id nisl venenatis lacinia aenean sit amet justo morbi ut odio', 'Ray Nibley', '2022-12-09 00:00:00', 34),
(959, 'venenatis non sodales sed tincidunt eu felis fusce posuere felis sed lacus morbi sem mauris laoreet ut rhoncus aliquet pulvinar', 'Joya Cursons', '2024-02-25 00:00:00', 855),
(960, 'mi in porttitor pede justo eu massa donec dapibus duis at velit eu est congue elementum in hac', 'Roseanna Bachellier', '2022-08-17 00:00:00', 820),
(961, 'potenti cras in purus eu magna vulputate luctus cum sociis natoque penatibus et magnis dis parturient montes nascetur ridiculus', 'Nelly Rizon', '2024-05-30 00:00:00', 818),
(962, 'iaculis diam erat fermentum justo nec condimentum neque sapien placerat ante nulla justo aliquam quis turpis', 'Aurie Housden', '2023-09-22 00:00:00', 776),
(963, 'non ligula pellentesque ultrices phasellus id sapien in sapien iaculis congue vivamus metus arcu adipiscing molestie hendrerit at vulputate vitae', 'Cory Rubinek', '2024-04-07 00:00:00', 697),
(964, 'sit amet cursus id turpis integer aliquet massa id lobortis convallis tortor risus dapibus augue', 'Jeannette Engall', '2022-11-19 00:00:00', 429),
(965, 'sem sed sagittis nam congue risus semper porta volutpat quam pede lobortis', 'Stern Kleinlerer', '2023-10-28 00:00:00', 567),
(966, 'nulla suscipit ligula in lacus curabitur at ipsum ac tellus semper interdum mauris ullamcorper purus sit', 'Welby Tammadge', '2024-02-04 00:00:00', 922),
(967, 'sodales sed tincidunt eu felis fusce posuere felis sed lacus morbi sem mauris laoreet ut rhoncus', 'Dimitri Eyden', '2024-01-15 00:00:00', 92),
(968, 'venenatis turpis enim blandit mi in porttitor pede justo eu', 'Annice Jennaway', '2022-12-19 00:00:00', 709),
(969, 'tellus semper interdum mauris ullamcorper purus sit amet nulla quisque arcu libero rutrum ac lobortis vel dapibus at diam', 'Jozef Oakeby', '2022-08-02 00:00:00', 881),
(970, 'eget massa tempor convallis nulla neque libero convallis eget eleifend luctus ultricies eu', 'Aeriell Readwing', '2024-04-20 00:00:00', 612),
(971, 'ipsum primis in faucibus orci luctus et ultrices posuere cubilia curae duis faucibus accumsan odio', 'Charin Grastye', '2024-02-22 00:00:00', 195),
(972, 'tortor duis mattis egestas metus aenean fermentum donec ut mauris eget massa tempor convallis nulla', 'Parke Southgate', '2023-09-04 00:00:00', 404),
(973, 'mauris viverra diam vitae quam suspendisse potenti nullam porttitor lacus at turpis donec', 'Johnath O\' Borne', '2023-02-08 00:00:00', 865),
(974, 'ornare imperdiet sapien urna pretium nisl ut volutpat sapien arcu sed augue aliquam erat volutpat in congue etiam justo', 'Kenton Buckmaster', '2023-04-25 00:00:00', 52),
(975, 'id nisl venenatis lacinia aenean sit amet justo morbi ut odio', 'Thatcher Perrat', '2023-10-14 00:00:00', 560),
(976, 'ultrices libero non mattis pulvinar nulla pede ullamcorper augue a suscipit nulla elit', 'Morley Sedgeman', '2023-07-19 00:00:00', 336),
(977, 'congue diam id ornare imperdiet sapien urna pretium nisl ut volutpat sapien arcu sed augue aliquam erat volutpat in congue', 'Alene Barfoot', '2022-11-11 00:00:00', 811),
(978, 'ac nulla sed vel enim sit amet nunc viverra dapibus nulla suscipit ligula in lacus curabitur at ipsum ac tellus', 'Paulo Heaton', '2023-12-21 00:00:00', 851),
(979, 'odio odio elementum eu interdum eu tincidunt in leo maecenas pulvinar lobortis est phasellus sit amet erat nulla tempus', 'Brook Donalson', '2023-06-21 00:00:00', 507),
(980, 'vestibulum aliquet ultrices erat tortor sollicitudin mi sit amet lobortis', 'Kipp Adamowitz', '2023-07-02 00:00:00', 702),
(981, 'consectetuer adipiscing elit proin risus praesent lectus vestibulum quam sapien varius ut blandit non interdum in ante vestibulum', 'Jeffie Mulliss', '2023-02-18 00:00:00', 368),
(982, 'blandit nam nulla integer pede justo lacinia eget tincidunt eget tempus vel pede', 'Evangelina Shillom', '2023-09-23 00:00:00', 797),
(983, 'proin risus praesent lectus vestibulum quam sapien varius ut blandit non interdum in ante', 'Anatola Pennino', '2023-11-21 00:00:00', 929),
(984, 'pellentesque at nulla suspendisse potenti cras in purus eu magna vulputate luctus cum', 'Ashby Deas', '2022-11-02 00:00:00', 435),
(985, 'congue vivamus metus arcu adipiscing molestie hendrerit at vulputate vitae nisl aenean lectus pellentesque eget', 'Gardener Creelman', '2023-11-28 00:00:00', 253),
(986, 'aliquam lacus morbi quis tortor id nulla ultrices aliquet maecenas', 'Mora Tittershill', '2023-12-31 00:00:00', 959),
(987, 'mattis pulvinar nulla pede ullamcorper augue a suscipit nulla elit', 'Lynnelle Klamman', '2023-06-24 00:00:00', 561),
(988, 'varius integer ac leo pellentesque ultrices mattis odio donec vitae nisi', 'Georas Horlock', '2023-01-23 00:00:00', 782),
(989, 'ipsum primis in faucibus orci luctus et ultrices posuere cubilia curae donec pharetra', 'Barbie Astell', '2023-05-25 00:00:00', 659),
(990, 'odio consequat varius integer ac leo pellentesque ultrices mattis odio donec vitae nisi nam ultrices', 'Lani Pearse', '2024-05-25 00:00:00', 236),
(991, 'quisque arcu libero rutrum ac lobortis vel dapibus at diam nam', 'Kevon Kalkhoven', '2024-01-31 00:00:00', 413),
(992, 'ipsum primis in faucibus orci luctus et ultrices posuere cubilia curae nulla dapibus', 'Lane Jurisch', '2024-06-05 00:00:00', 533),
(993, 'nibh fusce lacus purus aliquet at feugiat non pretium quis lectus suspendisse potenti in eleifend', 'Rina Alflatt', '2022-08-10 00:00:00', 724),
(994, 'ipsum primis in faucibus orci luctus et ultrices posuere cubilia curae donec', 'Dominga Litherborough', '2023-04-29 00:00:00', 279),
(995, 'ipsum primis in faucibus orci luctus et ultrices posuere cubilia curae donec pharetra magna vestibulum aliquet ultrices erat', 'Carlita Cartlidge', '2023-12-31 00:00:00', 891),
(996, 'dapibus augue vel accumsan tellus nisi eu orci mauris lacinia sapien quis libero nullam sit amet turpis elementum ligula', 'Karissa Orwell', '2023-05-17 00:00:00', 303),
(997, 'dignissim vestibulum vestibulum ante ipsum primis in faucibus orci luctus et ultrices posuere cubilia curae', 'Tatum Strewther', '2023-01-04 00:00:00', 304);
INSERT INTO `chat` (`id_chat`, `txt_chat`, `name_contact`, `date_chat`, `id_user`) VALUES
(998, 'libero nam dui proin leo odio porttitor id consequat in consequat ut nulla sed', 'Florinda Keegan', '2023-02-05 00:00:00', 997),
(999, 'sociis natoque penatibus et magnis dis parturient montes nascetur ridiculus mus etiam vel augue vestibulum', 'Calla Trase', '2024-03-22 00:00:00', 553),
(1000, 'pulvinar sed nisl nunc rhoncus dui vel sem sed sagittis nam congue risus semper porta volutpat quam pede', 'Kathye O\'Cuddie', '2023-10-22 00:00:00', 484);

-- --------------------------------------------------------

--
-- Structure de la table `friend`
--

CREATE TABLE `friend` (
  `id_user` smallint UNSIGNED NOT NULL
) ENGINE=InnoDB DEFAULT CHARSET=utf8mb4 COLLATE=utf8mb4_0900_ai_ci;

-- --------------------------------------------------------

--
-- Structure de la table `infos`
--

CREATE TABLE `infos` (
  `id_infos` smallint UNSIGNED NOT NULL,
  `name_infos` varchar(100) NOT NULL,
  `description_infos` varchar(255) NOT NULL
) ENGINE=InnoDB DEFAULT CHARSET=utf8mb4 COLLATE=utf8mb4_0900_ai_ci;

--
-- Déchargement des données de la table `infos`
--

INSERT INTO `infos` (`id_infos`, `name_infos`, `description_infos`) VALUES
(1, 'JDR De-engineered didactic orchestration', 'JDR nec condimentum neque sapien placerat ante nulla justo aliquam quis turpis eget elit sodales'),
(2, 'JDR Virtual human-resource hardware', 'JDR nonummy maecenas tincidunt lacus at velit vivamus vel nulla eget eros elementum pellentesque quisque porta volutpat erat'),
(3, 'JDR Re-engineered explicit focus group', 'JDR sed nisl nunc rhoncus dui vel sem sed sagittis nam congue risus semper porta volutpat quam'),
(4, 'JDR Progressive contextually-based array', 'JDR odio curabitur convallis duis consequat dui nec nisi volutpat eleifend donec ut dolor morbi'),
(5, 'JDR Team-oriented coherent application', 'JDR vulputate luctus cum sociis natoque penatibus et magnis dis parturient montes nascetur ridiculus mus vivamus vestibulum sagittis'),
(6, 'JDR Inverse mobile paradigm', 'JDR elementum in hac habitasse platea dictumst morbi vestibulum velit id pretium iaculis diam erat fermentum justo nec condimentum'),
(7, 'JDR Multi-tiered attitude-oriented emulation', 'JDR aliquet pulvinar sed nisl nunc rhoncus dui vel sem sed'),
(8, 'JDR Realigned hybrid hardware', 'JDR curae nulla dapibus dolor vel est donec odio justo sollicitudin ut'),
(9, 'JDR Enterprise-wide neutral challenge', 'JDR euismod scelerisque quam turpis adipiscing lorem vitae mattis nibh ligula nec sem duis aliquam convallis nunc proin at turpis a'),
(10, 'JDR Public-key asynchronous encryption', 'JDR primis in faucibus orci luctus et ultrices posuere cubilia curae duis faucibus accumsan odio curabitur convallis duis'),
(11, 'JDR Programmable hybrid Graphical User Interface', 'JDR mauris vulputate elementum nullam varius nulla facilisi cras non velit nec nisi vulputate nonummy'),
(12, 'JDR Mandatory secondary product', 'JDR scelerisque mauris sit amet eros suspendisse accumsan tortor quis turpis sed ante vivamus'),
(13, 'JDR Organized eco-centric knowledge base', 'JDR id luctus nec molestie sed justo pellentesque viverra pede ac diam cras pellentesque volutpat dui maecenas tristique est'),
(14, 'JDR Intuitive intermediate pricing structure', 'JDR morbi ut odio cras mi pede malesuada in imperdiet et commodo'),
(15, 'JDR Organized system-worthy hub', 'JDR parturient montes nascetur ridiculus mus etiam vel augue vestibulum rutrum rutrum'),
(16, 'JDR Customer-focused object-oriented projection', 'JDR tortor sollicitudin mi sit amet lobortis sapien sapien non mi integer ac neque duis bibendum morbi non quam'),
(17, 'JDR Digitized directional website', 'JDR velit nec nisi vulputate nonummy maecenas tincidunt lacus at velit vivamus vel nulla'),
(18, 'JDR Universal responsive framework', 'JDR sed augue aliquam erat volutpat in congue etiam justo etiam pretium iaculis justo in hac habitasse platea dictumst etiam'),
(19, 'JDR Customer-focused foreground extranet', 'JDR ornare consequat lectus in est risus auctor sed tristique in tempus sit amet sem fusce consequat nulla nisl nunc nisl'),
(20, 'JDR Re-engineered cohesive product', 'JDR in lectus pellentesque at nulla suspendisse potenti cras in purus eu magna vulputate luctus cum sociis natoque penatibus et magnis'),
(21, 'JDR Assimilated reciprocal system engine', 'JDR vivamus vestibulum sagittis sapien cum sociis natoque penatibus et magnis dis parturient montes nascetur ridiculus mus'),
(22, 'JDR Profit-focused stable hierarchy', 'JDR ante nulla justo aliquam quis turpis eget elit sodales scelerisque mauris sit amet eros'),
(23, 'JDR Organized upward-trending Graphical User Interface', 'JDR id massa id nisl venenatis lacinia aenean sit amet justo morbi ut odio cras mi pede malesuada'),
(24, 'JDR Synergistic optimizing throughput', 'JDR sit amet diam in magna bibendum imperdiet nullam orci pede'),
(25, 'JDR User-centric full-range Graphical User Interface', 'JDR amet nunc viverra dapibus nulla suscipit ligula in lacus curabitur at ipsum ac tellus semper interdum mauris ullamcorper purus sit'),
(26, 'JDR Virtual bi-directional standardization', 'JDR ridiculus mus vivamus vestibulum sagittis sapien cum sociis natoque penatibus'),
(27, 'JDR Decentralized actuating neural-net', 'JDR donec semper sapien a libero nam dui proin leo odio'),
(28, 'JDR Devolved uniform middleware', 'JDR suspendisse potenti cras in purus eu magna vulputate luctus cum sociis natoque penatibus et'),
(29, 'JDR Robust even-keeled attitude', 'JDR posuere cubilia curae nulla dapibus dolor vel est donec odio justo sollicitudin'),
(30, 'JDR Synchronised discrete protocol', 'JDR semper est quam pharetra magna ac consequat metus sapien ut nunc vestibulum ante ipsum primis in faucibus orci'),
(31, 'JDR Open-source methodical monitoring', 'JDR porta volutpat quam pede lobortis ligula sit amet eleifend pede libero quis'),
(32, 'JDR Sharable modular algorithm', 'JDR ut nunc vestibulum ante ipsum primis in faucibus orci luctus et ultrices posuere'),
(33, 'JDR Robust coherent moderator', 'JDR in faucibus orci luctus et ultrices posuere cubilia curae donec pharetra magna vestibulum aliquet ultrices erat'),
(34, 'JDR Public-key tertiary extranet', 'JDR potenti in eleifend quam a odio in hac habitasse platea dictumst maecenas ut massa quis'),
(35, 'JDR De-engineered tangible alliance', 'JDR posuere metus vitae ipsum aliquam non mauris morbi non lectus aliquam sit amet diam in magna bibendum imperdiet'),
(36, 'JDR Reduced bifurcated policy', 'JDR dolor sit amet consectetuer adipiscing elit proin interdum mauris non ligula pellentesque ultrices phasellus id sapien'),
(37, 'JDR Triple-buffered well-modulated moderator', 'JDR mi pede malesuada in imperdiet et commodo vulputate justo in blandit ultrices enim lorem'),
(38, 'JDR Synchronised next generation ability', 'JDR nisi venenatis tristique fusce congue diam id ornare imperdiet sapien urna pretium nisl ut volutpat sapien'),
(39, 'JDR Open-architected systematic instruction set', 'JDR vulputate justo in blandit ultrices enim lorem ipsum dolor sit amet'),
(40, 'JDR Organized systemic paradigm', 'JDR cubilia curae nulla dapibus dolor vel est donec odio justo sollicitudin ut'),
(41, 'JDR Mandatory tertiary complexity', 'JDR quam fringilla rhoncus mauris enim leo rhoncus sed vestibulum sit'),
(42, 'JDR Cross-group asymmetric extranet', 'JDR felis fusce posuere felis sed lacus morbi sem mauris laoreet ut rhoncus aliquet pulvinar sed nisl nunc rhoncus dui'),
(43, 'JDR Switchable clear-thinking hub', 'JDR nisi nam ultrices libero non mattis pulvinar nulla pede ullamcorper augue a suscipit nulla elit ac nulla sed vel'),
(44, 'JDR Phased system-worthy application', 'JDR in sapien iaculis congue vivamus metus arcu adipiscing molestie hendrerit at vulputate vitae nisl aenean lectus pellentesque eget nunc donec'),
(45, 'JDR Compatible foreground analyzer', 'JDR nunc nisl duis bibendum felis sed interdum venenatis turpis enim blandit mi in porttitor pede justo'),
(46, 'JDR Distributed regional matrix', 'JDR proin leo odio porttitor id consequat in consequat ut nulla sed accumsan felis ut'),
(47, 'JDR Assimilated directional architecture', 'JDR venenatis non sodales sed tincidunt eu felis fusce posuere felis sed lacus morbi'),
(48, 'JDR Reduced regional infrastructure', 'JDR ut nulla sed accumsan felis ut at dolor quis odio consequat varius integer'),
(49, 'JDR Total well-modulated contingency', 'JDR eu sapien cursus vestibulum proin eu mi nulla ac enim in tempor turpis nec euismod scelerisque'),
(50, 'JDR Digitized 6th generation secured line', 'JDR amet eleifend pede libero quis orci nullam molestie nibh in lectus pellentesque at'),
(51, 'JDR Inverse empowering core', 'JDR integer aliquet massa id lobortis convallis tortor risus dapibus augue vel accumsan tellus nisi eu orci mauris'),
(52, 'JDR Cross-group incremental portal', 'JDR dolor morbi vel lectus in quam fringilla rhoncus mauris enim leo rhoncus sed'),
(53, 'JDR Cloned asymmetric attitude', 'JDR nunc nisl duis bibendum felis sed interdum venenatis turpis enim blandit mi in porttitor pede'),
(54, 'JDR Optimized heuristic project', 'JDR quisque ut erat curabitur gravida nisi at nibh in hac habitasse platea dictumst aliquam augue quam sollicitudin vitae consectetuer eget'),
(55, 'JDR Upgradable solution-oriented budgetary management', 'JDR justo lacinia eget tincidunt eget tempus vel pede morbi porttitor lorem id ligula suspendisse ornare consequat'),
(56, 'JDR Ergonomic zero administration toolset', 'JDR viverra dapibus nulla suscipit ligula in lacus curabitur at ipsum ac tellus semper interdum mauris ullamcorper'),
(57, 'JDR Balanced high-level productivity', 'JDR integer non velit donec diam neque vestibulum eget vulputate ut ultrices vel augue vestibulum'),
(58, 'JDR Operative upward-trending capacity', 'JDR ante ipsum primis in faucibus orci luctus et ultrices posuere cubilia curae mauris viverra diam vitae quam suspendisse'),
(59, 'JDR Total secondary challenge', 'JDR sollicitudin ut suscipit a feugiat et eros vestibulum ac est lacinia nisi'),
(60, 'JDR Realigned asymmetric intranet', 'JDR aliquet massa id lobortis convallis tortor risus dapibus augue vel accumsan tellus nisi'),
(61, 'JDR Profound zero defect encoding', 'JDR eu sapien cursus vestibulum proin eu mi nulla ac enim in tempor turpis nec'),
(62, 'JDR Polarised didactic protocol', 'JDR primis in faucibus orci luctus et ultrices posuere cubilia curae mauris viverra diam'),
(63, 'JDR Switchable tangible architecture', 'JDR nisl aenean lectus pellentesque eget nunc donec quis orci eget orci vehicula'),
(64, 'JDR User-centric homogeneous help-desk', 'JDR mus etiam vel augue vestibulum rutrum rutrum neque aenean auctor gravida sem praesent id massa id nisl venenatis'),
(65, 'JDR Virtual intangible application', 'JDR non velit nec nisi vulputate nonummy maecenas tincidunt lacus at velit vivamus vel nulla eget eros elementum pellentesque'),
(66, 'JDR Operative systemic knowledge user', 'JDR turpis enim blandit mi in porttitor pede justo eu massa donec dapibus duis at velit eu est congue elementum'),
(67, 'JDR Seamless interactive analyzer', 'JDR turpis enim blandit mi in porttitor pede justo eu massa donec dapibus duis at velit eu est congue elementum in'),
(68, 'JDR Triple-buffered full-range Graphical User Interface', 'JDR curae donec pharetra magna vestibulum aliquet ultrices erat tortor sollicitudin mi sit amet lobortis sapien sapien non mi'),
(69, 'JDR Diverse bi-directional groupware', 'JDR mi pede malesuada in imperdiet et commodo vulputate justo in blandit'),
(70, 'JDR Ergonomic responsive open system', 'JDR interdum venenatis turpis enim blandit mi in porttitor pede justo eu massa donec dapibus duis at velit eu est congue'),
(71, 'JDR Robust foreground array', 'JDR tempus semper est quam pharetra magna ac consequat metus sapien ut nunc vestibulum ante ipsum primis in faucibus'),
(72, 'JDR Reverse-engineered incremental migration', 'JDR libero non mattis pulvinar nulla pede ullamcorper augue a suscipit nulla elit'),
(73, 'JDR Quality-focused explicit core', 'JDR vitae ipsum aliquam non mauris morbi non lectus aliquam sit amet diam in magna bibendum'),
(74, 'JDR Switchable systemic knowledge base', 'JDR ut erat curabitur gravida nisi at nibh in hac habitasse'),
(75, 'JDR Mandatory next generation support', 'JDR ipsum primis in faucibus orci luctus et ultrices posuere cubilia curae duis faucibus accumsan odio curabitur convallis duis'),
(76, 'JDR Centralized neutral data-warehouse', 'JDR aliquet ultrices erat tortor sollicitudin mi sit amet lobortis sapien sapien non mi integer'),
(77, 'JDR Profound cohesive productivity', 'JDR at nunc commodo placerat praesent blandit nam nulla integer pede justo lacinia eget tincidunt eget tempus vel'),
(78, 'JDR Focused foreground matrices', 'JDR eleifend quam a odio in hac habitasse platea dictumst maecenas ut massa quis augue luctus'),
(79, 'JDR Stand-alone even-keeled attitude', 'JDR rutrum neque aenean auctor gravida sem praesent id massa id nisl venenatis lacinia aenean sit amet justo morbi'),
(80, 'JDR Seamless multi-state installation', 'JDR morbi porttitor lorem id ligula suspendisse ornare consequat lectus in est risus auctor sed tristique in tempus sit amet'),
(81, 'JDR Monitored motivating policy', 'JDR curae donec pharetra magna vestibulum aliquet ultrices erat tortor sollicitudin'),
(82, 'JDR Virtual optimizing flexibility', 'JDR sodales sed tincidunt eu felis fusce posuere felis sed lacus morbi sem mauris'),
(83, 'JDR Optimized human-resource firmware', 'JDR ac nibh fusce lacus purus aliquet at feugiat non pretium quis lectus suspendisse potenti in eleifend'),
(84, 'JDR Progressive methodical artificial intelligence', 'JDR ligula pellentesque ultrices phasellus id sapien in sapien iaculis congue vivamus metus'),
(85, 'JDR Enhanced clear-thinking functionalities', 'JDR cubilia curae mauris viverra diam vitae quam suspendisse potenti nullam porttitor lacus at turpis donec posuere'),
(86, 'JDR Quality-focused value-added middleware', 'JDR vulputate justo in blandit ultrices enim lorem ipsum dolor sit'),
(87, 'JDR Business-focused uniform policy', 'JDR ultrices posuere cubilia curae mauris viverra diam vitae quam suspendisse potenti nullam porttitor'),
(88, 'JDR Phased eco-centric synergy', 'JDR quam pharetra magna ac consequat metus sapien ut nunc vestibulum ante ipsum primis in faucibus'),
(89, 'JDR Phased background throughput', 'JDR luctus nec molestie sed justo pellentesque viverra pede ac diam'),
(90, 'JDR Distributed 3rd generation hub', 'JDR lorem id ligula suspendisse ornare consequat lectus in est risus auctor'),
(91, 'JDR Distributed non-volatile secured line', 'JDR nascetur ridiculus mus vivamus vestibulum sagittis sapien cum sociis natoque penatibus et magnis dis parturient montes'),
(92, 'JDR Decentralized real-time ability', 'JDR pellentesque ultrices mattis odio donec vitae nisi nam ultrices libero non mattis pulvinar nulla pede ullamcorper'),
(93, 'JDR User-centric maximized knowledge user', 'JDR est congue elementum in hac habitasse platea dictumst morbi vestibulum velit id pretium iaculis diam erat'),
(94, 'JDR Horizontal explicit interface', 'JDR nulla elit ac nulla sed vel enim sit amet nunc viverra dapibus nulla suscipit ligula'),
(95, 'JDR Seamless didactic productivity', 'JDR hac habitasse platea dictumst maecenas ut massa quis augue luctus tincidunt'),
(96, 'JDR Visionary uniform Graphic Interface', 'JDR ac lobortis vel dapibus at diam nam tristique tortor eu pede'),
(97, 'JDR Proactive background service-desk', 'JDR nunc nisl duis bibendum felis sed interdum venenatis turpis enim blandit mi in porttitor pede justo eu massa donec dapibus'),
(98, 'JDR Persistent explicit emulation', 'JDR viverra diam vitae quam suspendisse potenti nullam porttitor lacus at turpis donec posuere metus vitae ipsum aliquam non'),
(99, 'JDR User-friendly human-resource circuit', 'JDR ante ipsum primis in faucibus orci luctus et ultrices posuere cubilia curae'),
(100, 'JDR Reactive even-keeled approach', 'JDR vivamus vestibulum sagittis sapien cum sociis natoque penatibus et magnis dis parturient montes'),
(101, 'JDR Triple-buffered zero administration project', 'JDR posuere cubilia curae duis faucibus accumsan odio curabitur convallis duis consequat dui nec nisi volutpat eleifend donec ut dolor morbi'),
(102, 'JDR Public-key zero administration time-frame', 'JDR orci luctus et ultrices posuere cubilia curae nulla dapibus dolor vel est donec odio justo sollicitudin ut suscipit a feugiat'),
(103, 'JDR Ergonomic homogeneous hardware', 'JDR hac habitasse platea dictumst maecenas ut massa quis augue luctus tincidunt nulla mollis molestie lorem quisque'),
(104, 'JDR Customizable systematic model', 'JDR rutrum ac lobortis vel dapibus at diam nam tristique tortor eu'),
(105, 'JDR Inverse client-server project', 'JDR quis turpis sed ante vivamus tortor duis mattis egestas metus'),
(106, 'JDR Reverse-engineered encompassing adapter', 'JDR sed interdum venenatis turpis enim blandit mi in porttitor pede justo eu massa donec dapibus duis'),
(107, 'JDR Compatible human-resource hierarchy', 'JDR curae donec pharetra magna vestibulum aliquet ultrices erat tortor sollicitudin mi sit amet'),
(108, 'JDR Optimized high-level success', 'JDR mauris sit amet eros suspendisse accumsan tortor quis turpis sed ante vivamus tortor duis mattis egestas'),
(109, 'JDR Ergonomic intangible solution', 'JDR eu sapien cursus vestibulum proin eu mi nulla ac enim in tempor turpis nec euismod scelerisque quam turpis'),
(110, 'JDR Business-focused local extranet', 'JDR nascetur ridiculus mus vivamus vestibulum sagittis sapien cum sociis natoque penatibus et magnis dis parturient montes nascetur'),
(111, 'JDR Secured 24 hour alliance', 'JDR elementum ligula vehicula consequat morbi a ipsum integer a nibh in quis'),
(112, 'JDR Public-key neutral Graphical User Interface', 'JDR vivamus vestibulum sagittis sapien cum sociis natoque penatibus et magnis'),
(113, 'JDR User-friendly optimizing task-force', 'JDR convallis eget eleifend luctus ultricies eu nibh quisque id justo sit amet sapien'),
(114, 'JDR Intuitive demand-driven Graphical User Interface', 'JDR semper rutrum nulla nunc purus phasellus in felis donec semper sapien a libero'),
(115, 'JDR Ameliorated homogeneous adapter', 'JDR eget tincidunt eget tempus vel pede morbi porttitor lorem id ligula suspendisse ornare consequat lectus in est risus auctor sed'),
(116, 'JDR Front-line dynamic portal', 'JDR sollicitudin mi sit amet lobortis sapien sapien non mi integer ac neque duis bibendum morbi non'),
(117, 'JDR Managed neutral hierarchy', 'JDR pede justo lacinia eget tincidunt eget tempus vel pede morbi porttitor'),
(118, 'JDR Innovative uniform emulation', 'JDR purus sit amet nulla quisque arcu libero rutrum ac lobortis vel dapibus at diam nam tristique tortor'),
(119, 'JDR Grass-roots 3rd generation encoding', 'JDR sapien dignissim vestibulum vestibulum ante ipsum primis in faucibus orci luctus et ultrices posuere cubilia curae nulla dapibus'),
(120, 'JDR Balanced background orchestration', 'JDR ut blandit non interdum in ante vestibulum ante ipsum primis in faucibus orci'),
(121, 'JDR Progressive grid-enabled artificial intelligence', 'JDR in quis justo maecenas rhoncus aliquam lacus morbi quis tortor id nulla ultrices aliquet maecenas leo odio condimentum'),
(122, 'JDR Assimilated disintermediate structure', 'JDR posuere nonummy integer non velit donec diam neque vestibulum eget vulputate ut ultrices vel'),
(123, 'JDR Centralized interactive challenge', 'JDR viverra pede ac diam cras pellentesque volutpat dui maecenas tristique est et tempus semper est'),
(124, 'JDR Intuitive zero tolerance system engine', 'JDR tempus sit amet sem fusce consequat nulla nisl nunc nisl duis'),
(125, 'JDR Monitored executive framework', 'JDR accumsan tellus nisi eu orci mauris lacinia sapien quis libero nullam sit'),
(126, 'JDR Open-architected local approach', 'JDR orci luctus et ultrices posuere cubilia curae donec pharetra magna vestibulum aliquet ultrices erat tortor'),
(127, 'JDR Advanced local support', 'JDR leo pellentesque ultrices mattis odio donec vitae nisi nam ultrices'),
(128, 'JDR Decentralized responsive focus group', 'JDR morbi odio odio elementum eu interdum eu tincidunt in leo maecenas pulvinar lobortis est phasellus sit'),
(129, 'JDR Down-sized coherent project', 'JDR donec semper sapien a libero nam dui proin leo odio porttitor id consequat in consequat ut nulla sed accumsan felis'),
(130, 'JDR Face to face leading edge toolset', 'JDR sollicitudin vitae consectetuer eget rutrum at lorem integer tincidunt ante vel ipsum praesent blandit lacinia erat vestibulum sed magna at'),
(131, 'JDR Integrated 24/7 support', 'JDR eget eros elementum pellentesque quisque porta volutpat erat quisque erat'),
(132, 'JDR Fully-configurable systematic model', 'JDR consectetuer adipiscing elit proin risus praesent lectus vestibulum quam sapien varius ut blandit non interdum in ante vestibulum ante ipsum'),
(133, 'JDR Phased homogeneous website', 'JDR pede venenatis non sodales sed tincidunt eu felis fusce posuere felis sed lacus morbi sem mauris laoreet ut'),
(134, 'JDR Triple-buffered leading edge help-desk', 'JDR quis turpis sed ante vivamus tortor duis mattis egestas metus aenean fermentum'),
(135, 'JDR Focused zero administration alliance', 'JDR mus vivamus vestibulum sagittis sapien cum sociis natoque penatibus et magnis dis parturient montes nascetur ridiculus mus etiam vel'),
(136, 'JDR Secured maximized forecast', 'JDR maecenas leo odio condimentum id luctus nec molestie sed justo pellentesque viverra pede ac'),
(137, 'JDR Object-based stable process improvement', 'JDR lectus in est risus auctor sed tristique in tempus sit amet sem fusce consequat nulla nisl'),
(138, 'JDR Vision-oriented directional solution', 'JDR mattis odio donec vitae nisi nam ultrices libero non mattis pulvinar nulla'),
(139, 'JDR Polarised user-facing focus group', 'JDR vel nulla eget eros elementum pellentesque quisque porta volutpat erat quisque erat eros viverra eget congue eget semper rutrum nulla'),
(140, 'JDR Multi-layered object-oriented frame', 'JDR nec euismod scelerisque quam turpis adipiscing lorem vitae mattis nibh ligula'),
(141, 'JDR Polarised 24 hour ability', 'JDR sapien non mi integer ac neque duis bibendum morbi non quam nec dui luctus rutrum nulla tellus in sagittis'),
(142, 'JDR Multi-layered radical task-force', 'JDR ipsum aliquam non mauris morbi non lectus aliquam sit amet diam'),
(143, 'JDR Persevering scalable open system', 'JDR vulputate nonummy maecenas tincidunt lacus at velit vivamus vel nulla eget eros elementum'),
(144, 'JDR Right-sized needs-based methodology', 'JDR sed sagittis nam congue risus semper porta volutpat quam pede lobortis ligula sit'),
(145, 'JDR Fundamental zero tolerance hardware', 'JDR tempus vivamus in felis eu sapien cursus vestibulum proin eu mi nulla ac enim in tempor turpis nec euismod scelerisque'),
(146, 'JDR Upgradable background approach', 'JDR non mattis pulvinar nulla pede ullamcorper augue a suscipit nulla elit ac nulla sed vel'),
(147, 'JDR Programmable needs-based strategy', 'JDR integer aliquet massa id lobortis convallis tortor risus dapibus augue vel accumsan tellus nisi eu orci mauris lacinia'),
(148, 'JDR Compatible cohesive initiative', 'JDR ipsum aliquam non mauris morbi non lectus aliquam sit amet diam in magna bibendum'),
(149, 'JDR Enhanced dynamic knowledge base', 'JDR rhoncus aliquet pulvinar sed nisl nunc rhoncus dui vel sem'),
(150, 'JDR Robust zero administration emulation', 'JDR lacinia aenean sit amet justo morbi ut odio cras mi pede malesuada in imperdiet et commodo'),
(151, 'JDR Multi-channelled 24 hour functionalities', 'JDR quis augue luctus tincidunt nulla mollis molestie lorem quisque ut erat curabitur gravida nisi at nibh in hac habitasse platea'),
(152, 'JDR Multi-lateral composite implementation', 'JDR ac neque duis bibendum morbi non quam nec dui luctus rutrum nulla tellus'),
(153, 'JDR Balanced neutral superstructure', 'JDR eget elit sodales scelerisque mauris sit amet eros suspendisse accumsan tortor quis turpis sed ante vivamus tortor duis'),
(154, 'JDR Compatible solution-oriented encryption', 'JDR id pretium iaculis diam erat fermentum justo nec condimentum neque sapien placerat ante nulla justo aliquam quis turpis eget'),
(155, 'JDR Vision-oriented background matrices', 'JDR amet turpis elementum ligula vehicula consequat morbi a ipsum integer a nibh in quis justo maecenas rhoncus'),
(156, 'JDR Vision-oriented solution-oriented infrastructure', 'JDR nulla ultrices aliquet maecenas leo odio condimentum id luctus nec molestie sed justo pellentesque'),
(157, 'JDR Operative disintermediate system engine', 'JDR amet sem fusce consequat nulla nisl nunc nisl duis bibendum felis sed interdum venenatis turpis enim blandit'),
(158, 'JDR Fully-configurable intangible productivity', 'JDR erat vestibulum sed magna at nunc commodo placerat praesent blandit'),
(159, 'JDR Up-sized logistical success', 'JDR vel accumsan tellus nisi eu orci mauris lacinia sapien quis libero nullam'),
(160, 'JDR User-centric uniform leverage', 'JDR vestibulum quam sapien varius ut blandit non interdum in ante'),
(161, 'JDR Total full-range forecast', 'JDR pede justo lacinia eget tincidunt eget tempus vel pede morbi porttitor lorem id ligula suspendisse ornare consequat lectus in'),
(162, 'JDR Sharable national open architecture', 'JDR sagittis dui vel nisl duis ac nibh fusce lacus purus aliquet at feugiat non pretium quis lectus'),
(163, 'JDR User-centric hybrid neural-net', 'JDR a suscipit nulla elit ac nulla sed vel enim sit amet nunc viverra dapibus nulla suscipit ligula in'),
(164, 'JDR Quality-focused client-server Graphic Interface', 'JDR etiam faucibus cursus urna ut tellus nulla ut erat id mauris vulputate elementum nullam varius nulla facilisi cras'),
(165, 'JDR Business-focused discrete framework', 'JDR nulla nunc purus phasellus in felis donec semper sapien a libero nam dui proin leo'),
(166, 'JDR Multi-tiered logistical workforce', 'JDR dictumst morbi vestibulum velit id pretium iaculis diam erat fermentum justo nec condimentum neque sapien placerat'),
(167, 'JDR Seamless disintermediate installation', 'JDR at nibh in hac habitasse platea dictumst aliquam augue quam sollicitudin vitae consectetuer eget rutrum at lorem integer'),
(168, 'JDR Function-based 24 hour product', 'JDR duis mattis egestas metus aenean fermentum donec ut mauris eget massa tempor'),
(169, 'JDR Front-line dedicated superstructure', 'JDR dui vel nisl duis ac nibh fusce lacus purus aliquet at feugiat non pretium quis lectus suspendisse potenti in'),
(170, 'JDR Seamless heuristic project', 'JDR posuere metus vitae ipsum aliquam non mauris morbi non lectus aliquam sit amet diam in magna bibendum imperdiet nullam'),
(171, 'JDR Face to face optimal alliance', 'JDR cubilia curae donec pharetra magna vestibulum aliquet ultrices erat tortor'),
(172, 'JDR Fully-configurable discrete project', 'JDR cursus vestibulum proin eu mi nulla ac enim in tempor turpis nec'),
(173, 'JDR Innovative radical knowledge base', 'JDR quis lectus suspendisse potenti in eleifend quam a odio in hac habitasse platea dictumst maecenas'),
(174, 'JDR Monitored cohesive open architecture', 'JDR orci luctus et ultrices posuere cubilia curae mauris viverra diam vitae quam'),
(175, 'JDR Realigned fresh-thinking complexity', 'JDR a suscipit nulla elit ac nulla sed vel enim sit amet nunc viverra dapibus nulla suscipit ligula in'),
(176, 'JDR Compatible context-sensitive adapter', 'JDR in hac habitasse platea dictumst etiam faucibus cursus urna ut tellus nulla'),
(177, 'JDR Organized user-facing emulation', 'JDR nisl aenean lectus pellentesque eget nunc donec quis orci eget orci vehicula condimentum'),
(178, 'JDR Upgradable system-worthy open system', 'JDR nulla eget eros elementum pellentesque quisque porta volutpat erat quisque erat eros viverra eget congue eget'),
(179, 'JDR Self-enabling contextually-based focus group', 'JDR curae duis faucibus accumsan odio curabitur convallis duis consequat dui nec'),
(180, 'JDR Team-oriented demand-driven policy', 'JDR in blandit ultrices enim lorem ipsum dolor sit amet consectetuer adipiscing elit proin interdum mauris'),
(181, 'JDR Proactive bottom-line model', 'JDR id pretium iaculis diam erat fermentum justo nec condimentum neque sapien placerat ante nulla justo aliquam quis turpis eget'),
(182, 'JDR Re-engineered fresh-thinking process improvement', 'JDR dolor sit amet consectetuer adipiscing elit proin risus praesent lectus vestibulum quam sapien varius ut blandit non interdum'),
(183, 'JDR Assimilated explicit pricing structure', 'JDR vitae ipsum aliquam non mauris morbi non lectus aliquam sit amet diam in magna bibendum'),
(184, 'JDR Secured methodical task-force', 'JDR eget elit sodales scelerisque mauris sit amet eros suspendisse accumsan tortor quis turpis sed ante vivamus tortor duis mattis'),
(185, 'JDR De-engineered zero administration access', 'JDR tortor duis mattis egestas metus aenean fermentum donec ut mauris eget massa tempor convallis nulla neque libero convallis eget'),
(186, 'JDR Vision-oriented well-modulated paradigm', 'JDR in quis justo maecenas rhoncus aliquam lacus morbi quis tortor id nulla ultrices aliquet maecenas leo odio condimentum id'),
(187, 'JDR Customer-focused interactive collaboration', 'JDR libero nam dui proin leo odio porttitor id consequat in consequat ut nulla sed accumsan felis ut at dolor quis'),
(188, 'JDR Profound asymmetric strategy', 'JDR quisque arcu libero rutrum ac lobortis vel dapibus at diam nam tristique tortor eu'),
(189, 'JDR Triple-buffered mobile open system', 'JDR mauris enim leo rhoncus sed vestibulum sit amet cursus id turpis'),
(190, 'JDR Re-engineered didactic Graphic Interface', 'JDR donec diam neque vestibulum eget vulputate ut ultrices vel augue vestibulum ante ipsum primis in faucibus orci luctus'),
(191, 'JDR Managed scalable function', 'JDR vel augue vestibulum rutrum rutrum neque aenean auctor gravida sem praesent'),
(192, 'JDR Upgradable stable software', 'JDR at nunc commodo placerat praesent blandit nam nulla integer pede justo lacinia'),
(193, 'JDR Networked systematic product', 'JDR quam pharetra magna ac consequat metus sapien ut nunc vestibulum ante ipsum primis in faucibus'),
(194, 'JDR Proactive logistical success', 'JDR lacinia aenean sit amet justo morbi ut odio cras mi pede malesuada in imperdiet et commodo vulputate justo in blandit'),
(195, 'JDR Switchable upward-trending attitude', 'JDR enim in tempor turpis nec euismod scelerisque quam turpis adipiscing lorem vitae mattis nibh ligula'),
(196, 'JDR Grass-roots tertiary productivity', 'JDR dui maecenas tristique est et tempus semper est quam pharetra magna ac'),
(197, 'JDR Customer-focused intermediate paradigm', 'JDR massa id nisl venenatis lacinia aenean sit amet justo morbi ut odio cras mi pede malesuada in imperdiet et'),
(198, 'JDR Visionary content-based adapter', 'JDR sem sed sagittis nam congue risus semper porta volutpat quam pede lobortis ligula sit amet eleifend pede libero quis orci'),
(199, 'JDR Face to face mobile conglomeration', 'JDR amet turpis elementum ligula vehicula consequat morbi a ipsum integer a nibh'),
(200, 'JDR Open-architected uniform implementation', 'JDR platea dictumst morbi vestibulum velit id pretium iaculis diam erat fermentum justo nec condimentum neque sapien placerat ante nulla justo'),
(201, 'JDR Future-proofed encompassing emulation', 'JDR odio justo sollicitudin ut suscipit a feugiat et eros vestibulum ac est lacinia nisi venenatis'),
(202, 'JDR Progressive hybrid collaboration', 'JDR vehicula consequat morbi a ipsum integer a nibh in quis'),
(203, 'JDR Cross-platform 24 hour initiative', 'JDR lacus morbi sem mauris laoreet ut rhoncus aliquet pulvinar sed nisl nunc rhoncus dui vel sem sed sagittis'),
(204, 'JDR Synchronised disintermediate function', 'JDR est risus auctor sed tristique in tempus sit amet sem fusce consequat nulla nisl nunc'),
(205, 'JDR Intuitive non-volatile instruction set', 'JDR vivamus in felis eu sapien cursus vestibulum proin eu mi nulla ac enim in tempor turpis nec euismod scelerisque'),
(206, 'JDR Balanced executive matrices', 'JDR curae nulla dapibus dolor vel est donec odio justo sollicitudin ut suscipit a feugiat et eros vestibulum ac est'),
(207, 'JDR Persevering responsive moderator', 'JDR aenean auctor gravida sem praesent id massa id nisl venenatis lacinia aenean sit amet justo'),
(208, 'JDR Persistent directional protocol', 'JDR pellentesque ultrices phasellus id sapien in sapien iaculis congue vivamus metus arcu adipiscing'),
(209, 'JDR Sharable client-server encryption', 'JDR in sapien iaculis congue vivamus metus arcu adipiscing molestie hendrerit at vulputate vitae nisl'),
(210, 'JDR Versatile uniform concept', 'JDR eu tincidunt in leo maecenas pulvinar lobortis est phasellus sit amet erat nulla tempus vivamus'),
(211, 'JDR Operative incremental matrices', 'JDR porttitor id consequat in consequat ut nulla sed accumsan felis ut at dolor quis odio consequat'),
(212, 'JDR Business-focused executive knowledge user', 'JDR adipiscing molestie hendrerit at vulputate vitae nisl aenean lectus pellentesque eget nunc donec quis orci eget orci'),
(213, 'JDR Business-focused directional protocol', 'JDR phasellus in felis donec semper sapien a libero nam dui proin leo odio porttitor id'),
(214, 'JDR Organized modular standardization', 'JDR nulla tempus vivamus in felis eu sapien cursus vestibulum proin eu mi nulla ac enim in'),
(215, 'JDR Re-engineered local synergy', 'JDR cubilia curae duis faucibus accumsan odio curabitur convallis duis consequat'),
(216, 'JDR Ameliorated object-oriented flexibility', 'JDR pellentesque volutpat dui maecenas tristique est et tempus semper est quam pharetra magna ac consequat metus'),
(217, 'JDR Polarised radical projection', 'JDR velit donec diam neque vestibulum eget vulputate ut ultrices vel augue'),
(218, 'JDR Customer-focused interactive pricing structure', 'JDR vivamus in felis eu sapien cursus vestibulum proin eu mi nulla ac enim in tempor turpis'),
(219, 'JDR Switchable attitude-oriented frame', 'JDR orci vehicula condimentum curabitur in libero ut massa volutpat convallis morbi odio odio elementum eu interdum eu tincidunt in leo'),
(220, 'JDR Cloned system-worthy policy', 'JDR sapien a libero nam dui proin leo odio porttitor id consequat in consequat ut nulla sed'),
(221, 'JDR Profound solution-oriented implementation', 'JDR morbi porttitor lorem id ligula suspendisse ornare consequat lectus in est'),
(222, 'JDR Optional cohesive ability', 'JDR metus aenean fermentum donec ut mauris eget massa tempor convallis nulla neque libero'),
(223, 'JDR Ameliorated actuating workforce', 'JDR sociis natoque penatibus et magnis dis parturient montes nascetur ridiculus mus vivamus'),
(224, 'JDR Virtual systematic Graphical User Interface', 'JDR et ultrices posuere cubilia curae duis faucibus accumsan odio curabitur convallis duis consequat dui nec nisi volutpat eleifend donec'),
(225, 'JDR Innovative maximized software', 'JDR eros vestibulum ac est lacinia nisi venenatis tristique fusce congue diam id ornare imperdiet sapien urna pretium'),
(226, 'JDR Re-engineered optimizing groupware', 'JDR scelerisque mauris sit amet eros suspendisse accumsan tortor quis turpis sed ante vivamus tortor duis'),
(227, 'JDR Re-engineered fresh-thinking groupware', 'JDR sit amet consectetuer adipiscing elit proin risus praesent lectus vestibulum quam sapien varius ut blandit non interdum in ante vestibulum'),
(228, 'JDR Seamless even-keeled flexibility', 'JDR cursus urna ut tellus nulla ut erat id mauris vulputate elementum nullam varius nulla facilisi'),
(229, 'JDR Ergonomic upward-trending leverage', 'JDR cras in purus eu magna vulputate luctus cum sociis natoque penatibus et magnis dis parturient'),
(230, 'JDR Stand-alone context-sensitive orchestration', 'JDR natoque penatibus et magnis dis parturient montes nascetur ridiculus mus vivamus vestibulum sagittis sapien cum sociis'),
(231, 'JDR Future-proofed discrete alliance', 'JDR dapibus augue vel accumsan tellus nisi eu orci mauris lacinia sapien quis libero nullam sit amet turpis elementum'),
(232, 'JDR Front-line even-keeled archive', 'JDR pede venenatis non sodales sed tincidunt eu felis fusce posuere'),
(233, 'JDR Multi-lateral attitude-oriented extranet', 'JDR aenean lectus pellentesque eget nunc donec quis orci eget orci vehicula condimentum curabitur in libero ut'),
(234, 'JDR Advanced directional challenge', 'JDR quis turpis sed ante vivamus tortor duis mattis egestas metus aenean fermentum donec ut mauris eget massa tempor convallis'),
(235, 'JDR Enterprise-wide regional solution', 'JDR pede ullamcorper augue a suscipit nulla elit ac nulla sed vel enim sit amet nunc viverra'),
(236, 'JDR Digitized well-modulated open system', 'JDR mi nulla ac enim in tempor turpis nec euismod scelerisque'),
(237, 'JDR Reactive 24/7 monitoring', 'JDR donec odio justo sollicitudin ut suscipit a feugiat et eros vestibulum ac est lacinia nisi venenatis tristique'),
(238, 'JDR Integrated transitional implementation', 'JDR magna vulputate luctus cum sociis natoque penatibus et magnis dis parturient montes nascetur ridiculus mus vivamus vestibulum sagittis sapien'),
(239, 'JDR Cross-platform disintermediate internet solution', 'JDR et ultrices posuere cubilia curae donec pharetra magna vestibulum aliquet ultrices'),
(240, 'JDR Front-line homogeneous definition', 'JDR convallis eget eleifend luctus ultricies eu nibh quisque id justo sit amet sapien dignissim vestibulum vestibulum ante'),
(241, 'JDR Quality-focused didactic attitude', 'JDR elit ac nulla sed vel enim sit amet nunc viverra'),
(242, 'JDR Profound foreground info-mediaries', 'JDR non mi integer ac neque duis bibendum morbi non quam nec dui luctus rutrum nulla'),
(243, 'JDR Adaptive cohesive array', 'JDR consequat metus sapien ut nunc vestibulum ante ipsum primis in faucibus'),
(244, 'JDR Multi-tiered tangible internet solution', 'JDR vestibulum vestibulum ante ipsum primis in faucibus orci luctus et ultrices posuere cubilia curae'),
(245, 'JDR Future-proofed multimedia hierarchy', 'JDR velit donec diam neque vestibulum eget vulputate ut ultrices vel augue vestibulum ante ipsum primis in faucibus'),
(246, 'JDR Devolved bottom-line toolset', 'JDR turpis a pede posuere nonummy integer non velit donec diam neque vestibulum eget vulputate ut ultrices vel'),
(247, 'JDR Team-oriented context-sensitive hardware', 'JDR elit sodales scelerisque mauris sit amet eros suspendisse accumsan tortor quis turpis sed ante vivamus tortor duis mattis egestas metus'),
(248, 'JDR Multi-lateral multi-state workforce', 'JDR aliquam quis turpis eget elit sodales scelerisque mauris sit amet eros suspendisse accumsan tortor quis turpis sed ante'),
(249, 'JDR Enhanced transitional application', 'JDR sit amet nunc viverra dapibus nulla suscipit ligula in lacus curabitur at'),
(250, 'JDR Re-contextualized full-range throughput', 'JDR nibh fusce lacus purus aliquet at feugiat non pretium quis lectus suspendisse potenti in eleifend quam a'),
(251, 'JDR Horizontal executive implementation', 'JDR nullam molestie nibh in lectus pellentesque at nulla suspendisse potenti cras in purus'),
(252, 'JDR De-engineered zero tolerance flexibility', 'JDR eu sapien cursus vestibulum proin eu mi nulla ac enim in tempor'),
(253, 'JDR Phased multimedia customer loyalty', 'JDR integer ac neque duis bibendum morbi non quam nec dui luctus rutrum nulla tellus'),
(254, 'JDR Re-engineered human-resource synergy', 'JDR eu orci mauris lacinia sapien quis libero nullam sit amet turpis elementum ligula vehicula'),
(255, 'JDR Optimized zero administration solution', 'JDR lacus morbi quis tortor id nulla ultrices aliquet maecenas leo odio'),
(256, 'JDR Horizontal radical benchmark', 'JDR turpis eget elit sodales scelerisque mauris sit amet eros suspendisse accumsan tortor quis turpis sed ante vivamus'),
(257, 'JDR Managed zero administration pricing structure', 'JDR lorem integer tincidunt ante vel ipsum praesent blandit lacinia erat vestibulum sed magna at nunc commodo placerat'),
(258, 'JDR Reactive impactful portal', 'JDR curabitur at ipsum ac tellus semper interdum mauris ullamcorper purus sit amet nulla quisque arcu libero rutrum ac'),
(259, 'JDR User-friendly dynamic system engine', 'JDR ornare imperdiet sapien urna pretium nisl ut volutpat sapien arcu sed augue'),
(260, 'JDR Seamless didactic protocol', 'JDR magna vulputate luctus cum sociis natoque penatibus et magnis dis parturient montes'),
(261, 'JDR Sharable high-level projection', 'JDR amet nunc viverra dapibus nulla suscipit ligula in lacus curabitur at ipsum ac tellus semper'),
(262, 'JDR Robust bottom-line algorithm', 'JDR eget nunc donec quis orci eget orci vehicula condimentum curabitur in libero ut massa volutpat convallis morbi'),
(263, 'JDR Exclusive high-level productivity', 'JDR justo sit amet sapien dignissim vestibulum vestibulum ante ipsum primis in faucibus orci luctus et ultrices'),
(264, 'JDR Organic responsive hardware', 'JDR lectus in est risus auctor sed tristique in tempus sit'),
(265, 'JDR Phased mission-critical analyzer', 'JDR proin eu mi nulla ac enim in tempor turpis nec euismod scelerisque quam turpis'),
(266, 'JDR Versatile zero administration secured line', 'JDR eget tempus vel pede morbi porttitor lorem id ligula suspendisse ornare consequat lectus in'),
(267, 'JDR Assimilated 6th generation instruction set', 'JDR dictumst etiam faucibus cursus urna ut tellus nulla ut erat id mauris vulputate'),
(268, 'JDR Fundamental maximized data-warehouse', 'JDR aliquam augue quam sollicitudin vitae consectetuer eget rutrum at lorem integer'),
(269, 'JDR Future-proofed clear-thinking definition', 'JDR erat quisque erat eros viverra eget congue eget semper rutrum nulla nunc purus phasellus'),
(270, 'JDR Synergized empowering internet solution', 'JDR diam erat fermentum justo nec condimentum neque sapien placerat ante nulla'),
(271, 'JDR Object-based systematic strategy', 'JDR nullam varius nulla facilisi cras non velit nec nisi vulputate nonummy maecenas tincidunt lacus at velit'),
(272, 'JDR Mandatory uniform capacity', 'JDR lacinia sapien quis libero nullam sit amet turpis elementum ligula vehicula consequat morbi a'),
(273, 'JDR Focused impactful flexibility', 'JDR facilisi cras non velit nec nisi vulputate nonummy maecenas tincidunt'),
(274, 'JDR Multi-tiered disintermediate concept', 'JDR dui vel nisl duis ac nibh fusce lacus purus aliquet at feugiat non pretium quis lectus suspendisse'),
(275, 'JDR Multi-layered fault-tolerant moratorium', 'JDR est risus auctor sed tristique in tempus sit amet sem fusce consequat nulla'),
(276, 'JDR Progressive directional data-warehouse', 'JDR mollis molestie lorem quisque ut erat curabitur gravida nisi at nibh in hac habitasse platea dictumst aliquam augue quam'),
(277, 'JDR Quality-focused reciprocal complexity', 'JDR placerat ante nulla justo aliquam quis turpis eget elit sodales scelerisque'),
(278, 'JDR Team-oriented zero tolerance functionalities', 'JDR nam congue risus semper porta volutpat quam pede lobortis ligula sit'),
(279, 'JDR Persistent clear-thinking protocol', 'JDR suspendisse potenti cras in purus eu magna vulputate luctus cum sociis natoque penatibus et magnis dis parturient montes nascetur ridiculus'),
(280, 'JDR Exclusive methodical orchestration', 'JDR orci mauris lacinia sapien quis libero nullam sit amet turpis elementum ligula vehicula consequat'),
(281, 'JDR Persistent content-based analyzer', 'JDR aliquet at feugiat non pretium quis lectus suspendisse potenti in eleifend quam a odio in hac habitasse platea dictumst maecenas'),
(282, 'JDR Persistent asymmetric internet solution', 'JDR leo pellentesque ultrices mattis odio donec vitae nisi nam ultrices libero'),
(283, 'JDR Streamlined web-enabled functionalities', 'JDR lorem vitae mattis nibh ligula nec sem duis aliquam convallis'),
(284, 'JDR Multi-tiered 3rd generation encoding', 'JDR amet eros suspendisse accumsan tortor quis turpis sed ante vivamus tortor duis mattis'),
(285, 'JDR Down-sized transitional emulation', 'JDR mauris vulputate elementum nullam varius nulla facilisi cras non velit nec'),
(286, 'JDR Exclusive mobile Graphic Interface', 'JDR donec diam neque vestibulum eget vulputate ut ultrices vel augue'),
(287, 'JDR Synergistic mission-critical productivity', 'JDR condimentum id luctus nec molestie sed justo pellentesque viverra pede ac diam cras pellentesque volutpat dui'),
(288, 'JDR Expanded bandwidth-monitored adapter', 'JDR in ante vestibulum ante ipsum primis in faucibus orci luctus et ultrices posuere'),
(289, 'JDR Assimilated motivating capability', 'JDR ante vel ipsum praesent blandit lacinia erat vestibulum sed magna at nunc commodo placerat praesent'),
(290, 'JDR De-engineered motivating hierarchy', 'JDR convallis duis consequat dui nec nisi volutpat eleifend donec ut dolor morbi vel lectus in quam fringilla rhoncus mauris'),
(291, 'JDR Optimized optimal open system', 'JDR enim in tempor turpis nec euismod scelerisque quam turpis adipiscing lorem vitae mattis nibh ligula nec sem'),
(292, 'JDR Upgradable intermediate policy', 'JDR rhoncus mauris enim leo rhoncus sed vestibulum sit amet cursus id turpis integer aliquet massa id'),
(293, 'JDR Ameliorated non-volatile challenge', 'JDR sed sagittis nam congue risus semper porta volutpat quam pede lobortis ligula sit amet'),
(294, 'JDR Reactive clear-thinking support', 'JDR suscipit ligula in lacus curabitur at ipsum ac tellus semper interdum mauris'),
(295, 'JDR Vision-oriented disintermediate hardware', 'JDR sed accumsan felis ut at dolor quis odio consequat varius integer ac leo'),
(296, 'JDR Networked composite protocol', 'JDR volutpat eleifend donec ut dolor morbi vel lectus in quam fringilla rhoncus mauris'),
(297, 'JDR Open-architected fault-tolerant challenge', 'JDR vehicula consequat morbi a ipsum integer a nibh in quis justo maecenas'),
(298, 'JDR User-centric incremental knowledge base', 'JDR metus vitae ipsum aliquam non mauris morbi non lectus aliquam sit amet'),
(299, 'JDR Visionary object-oriented matrix', 'JDR faucibus cursus urna ut tellus nulla ut erat id mauris vulputate elementum nullam varius nulla facilisi cras'),
(300, 'JDR Expanded static framework', 'JDR at lorem integer tincidunt ante vel ipsum praesent blandit lacinia erat vestibulum sed magna'),
(301, 'JDR User-friendly asynchronous Graphical User Interface', 'JDR sit amet cursus id turpis integer aliquet massa id lobortis convallis tortor risus dapibus augue vel accumsan tellus'),
(302, 'JDR Multi-channelled attitude-oriented encoding', 'JDR adipiscing lorem vitae mattis nibh ligula nec sem duis aliquam convallis nunc proin at turpis a pede posuere'),
(303, 'JDR Total didactic database', 'JDR consequat dui nec nisi volutpat eleifend donec ut dolor morbi vel lectus in'),
(304, 'JDR Implemented empowering internet solution', 'JDR justo in blandit ultrices enim lorem ipsum dolor sit amet consectetuer adipiscing elit proin interdum mauris non ligula pellentesque ultrices'),
(305, 'JDR Diverse contextually-based secured line', 'JDR donec diam neque vestibulum eget vulputate ut ultrices vel augue vestibulum ante ipsum primis'),
(306, 'JDR Balanced 3rd generation portal', 'JDR eu mi nulla ac enim in tempor turpis nec euismod'),
(307, 'JDR Down-sized leading edge groupware', 'JDR platea dictumst maecenas ut massa quis augue luctus tincidunt nulla'),
(308, 'JDR Organized 4th generation capacity', 'JDR fermentum justo nec condimentum neque sapien placerat ante nulla justo aliquam quis turpis eget'),
(309, 'JDR Decentralized disintermediate adapter', 'JDR erat volutpat in congue etiam justo etiam pretium iaculis justo in hac habitasse platea dictumst etiam'),
(310, 'JDR Customizable grid-enabled benchmark', 'JDR lacinia erat vestibulum sed magna at nunc commodo placerat praesent blandit nam nulla integer pede'),
(311, 'JDR Front-line scalable software', 'JDR etiam faucibus cursus urna ut tellus nulla ut erat id mauris vulputate elementum nullam varius nulla facilisi cras non velit'),
(312, 'JDR Fully-configurable reciprocal data-warehouse', 'JDR id nisl venenatis lacinia aenean sit amet justo morbi ut odio cras mi pede malesuada in imperdiet et commodo vulputate'),
(313, 'JDR Inverse zero administration service-desk', 'JDR donec ut mauris eget massa tempor convallis nulla neque libero'),
(314, 'JDR Adaptive dynamic toolset', 'JDR at turpis donec posuere metus vitae ipsum aliquam non mauris morbi'),
(315, 'JDR Intuitive user-facing strategy', 'JDR sit amet consectetuer adipiscing elit proin risus praesent lectus vestibulum'),
(316, 'JDR Customer-focused tangible neural-net', 'JDR aenean sit amet justo morbi ut odio cras mi pede malesuada in imperdiet et commodo vulputate'),
(317, 'JDR Inverse user-facing success', 'JDR sed interdum venenatis turpis enim blandit mi in porttitor pede justo eu massa donec dapibus duis at velit eu'),
(318, 'JDR Versatile composite structure', 'JDR lectus suspendisse potenti in eleifend quam a odio in hac habitasse platea'),
(319, 'JDR User-centric solution-oriented product', 'JDR augue luctus tincidunt nulla mollis molestie lorem quisque ut erat curabitur'),
(320, 'JDR Triple-buffered transitional adapter', 'JDR odio odio elementum eu interdum eu tincidunt in leo maecenas pulvinar lobortis est phasellus sit'),
(321, 'JDR Upgradable systemic knowledge base', 'JDR congue etiam justo etiam pretium iaculis justo in hac habitasse platea dictumst etiam faucibus cursus urna'),
(322, 'JDR Focused stable middleware', 'JDR lacinia nisi venenatis tristique fusce congue diam id ornare imperdiet'),
(323, 'JDR Customer-focused secondary knowledge user', 'JDR felis ut at dolor quis odio consequat varius integer ac leo'),
(324, 'JDR Total value-added alliance', 'JDR donec vitae nisi nam ultrices libero non mattis pulvinar nulla'),
(325, 'JDR Cross-platform composite definition', 'JDR metus sapien ut nunc vestibulum ante ipsum primis in faucibus orci luctus et ultrices posuere cubilia'),
(326, 'JDR Right-sized encompassing throughput', 'JDR nisi at nibh in hac habitasse platea dictumst aliquam augue quam sollicitudin'),
(327, 'JDR Centralized non-volatile circuit', 'JDR phasellus id sapien in sapien iaculis congue vivamus metus arcu adipiscing molestie hendrerit at vulputate vitae nisl aenean lectus'),
(328, 'JDR Streamlined value-added initiative', 'JDR mi sit amet lobortis sapien sapien non mi integer ac neque duis bibendum morbi non quam nec dui luctus rutrum'),
(329, 'JDR Synergized interactive access', 'JDR scelerisque mauris sit amet eros suspendisse accumsan tortor quis turpis sed ante vivamus tortor'),
(330, 'JDR Devolved real-time infrastructure', 'JDR rhoncus aliquam lacus morbi quis tortor id nulla ultrices aliquet maecenas leo'),
(331, 'JDR User-centric tangible frame', 'JDR duis aliquam convallis nunc proin at turpis a pede posuere nonummy integer non velit donec diam neque'),
(332, 'JDR Programmable actuating firmware', 'JDR sit amet cursus id turpis integer aliquet massa id lobortis convallis tortor risus'),
(333, 'JDR Organized transitional data-warehouse', 'JDR nisi at nibh in hac habitasse platea dictumst aliquam augue quam sollicitudin vitae consectetuer eget rutrum at'),
(334, 'JDR Quality-focused web-enabled secured line', 'JDR aliquet at feugiat non pretium quis lectus suspendisse potenti in eleifend quam a odio in hac habitasse platea dictumst maecenas'),
(335, 'JDR Quality-focused full-range circuit', 'JDR lorem vitae mattis nibh ligula nec sem duis aliquam convallis nunc');
INSERT INTO `infos` (`id_infos`, `name_infos`, `description_infos`) VALUES
(336, 'JDR Advanced global internet solution', 'JDR erat curabitur gravida nisi at nibh in hac habitasse platea dictumst aliquam augue quam sollicitudin'),
(337, 'JDR Robust asynchronous moratorium', 'JDR ipsum dolor sit amet consectetuer adipiscing elit proin risus praesent lectus vestibulum quam sapien varius ut blandit non interdum'),
(338, 'JDR Business-focused encompassing process improvement', 'JDR nisi venenatis tristique fusce congue diam id ornare imperdiet sapien urna pretium nisl'),
(339, 'JDR Proactive modular moderator', 'JDR ut mauris eget massa tempor convallis nulla neque libero convallis eget eleifend luctus ultricies eu nibh quisque id'),
(340, 'JDR Programmable mission-critical capability', 'JDR rhoncus aliquam lacus morbi quis tortor id nulla ultrices aliquet maecenas leo odio condimentum id'),
(341, 'JDR Horizontal 24 hour internet solution', 'JDR in faucibus orci luctus et ultrices posuere cubilia curae nulla dapibus dolor'),
(342, 'JDR Customizable bi-directional internet solution', 'JDR morbi vestibulum velit id pretium iaculis diam erat fermentum justo nec condimentum neque sapien'),
(343, 'JDR Centralized analyzing middleware', 'JDR vitae consectetuer eget rutrum at lorem integer tincidunt ante vel ipsum praesent blandit lacinia erat vestibulum sed magna'),
(344, 'JDR Exclusive national ability', 'JDR amet consectetuer adipiscing elit proin interdum mauris non ligula pellentesque ultrices'),
(345, 'JDR Persistent analyzing strategy', 'JDR congue risus semper porta volutpat quam pede lobortis ligula sit amet eleifend pede libero'),
(346, 'JDR Reactive asymmetric archive', 'JDR amet eros suspendisse accumsan tortor quis turpis sed ante vivamus tortor duis mattis egestas metus'),
(347, 'JDR Customer-focused 4th generation methodology', 'JDR vitae consectetuer eget rutrum at lorem integer tincidunt ante vel ipsum praesent blandit lacinia erat'),
(348, 'JDR Function-based impactful initiative', 'JDR commodo placerat praesent blandit nam nulla integer pede justo lacinia eget tincidunt eget tempus vel pede morbi porttitor lorem'),
(349, 'JDR Synchronised context-sensitive flexibility', 'JDR nulla sed vel enim sit amet nunc viverra dapibus nulla suscipit ligula in'),
(350, 'JDR Open-architected well-modulated encoding', 'JDR vivamus in felis eu sapien cursus vestibulum proin eu mi nulla ac enim in tempor turpis nec euismod'),
(351, 'JDR Total mission-critical Graphical User Interface', 'JDR massa id lobortis convallis tortor risus dapibus augue vel accumsan tellus nisi eu orci mauris lacinia sapien quis libero'),
(352, 'JDR Integrated non-volatile website', 'JDR ultrices posuere cubilia curae duis faucibus accumsan odio curabitur convallis duis consequat dui nec nisi volutpat eleifend'),
(353, 'JDR Proactive optimal help-desk', 'JDR eu orci mauris lacinia sapien quis libero nullam sit amet turpis elementum ligula vehicula consequat morbi a ipsum integer'),
(354, 'JDR Visionary value-added throughput', 'JDR justo maecenas rhoncus aliquam lacus morbi quis tortor id nulla ultrices aliquet maecenas leo odio condimentum id luctus nec'),
(355, 'JDR Optimized next generation budgetary management', 'JDR varius integer ac leo pellentesque ultrices mattis odio donec vitae nisi'),
(356, 'JDR Function-based zero defect artificial intelligence', 'JDR dui proin leo odio porttitor id consequat in consequat ut nulla sed accumsan felis ut at'),
(357, 'JDR Customizable directional Graphic Interface', 'JDR vestibulum aliquet ultrices erat tortor sollicitudin mi sit amet lobortis'),
(358, 'JDR Extended regional frame', 'JDR sed lacus morbi sem mauris laoreet ut rhoncus aliquet pulvinar sed nisl nunc rhoncus dui vel sem sed'),
(359, 'JDR Implemented 24 hour workforce', 'JDR rhoncus mauris enim leo rhoncus sed vestibulum sit amet cursus id'),
(360, 'JDR Object-based impactful help-desk', 'JDR sollicitudin ut suscipit a feugiat et eros vestibulum ac est lacinia nisi venenatis'),
(361, 'JDR Self-enabling bandwidth-monitored hierarchy', 'JDR justo maecenas rhoncus aliquam lacus morbi quis tortor id nulla ultrices aliquet maecenas'),
(362, 'JDR Enhanced background utilisation', 'JDR nunc nisl duis bibendum felis sed interdum venenatis turpis enim blandit mi in porttitor pede justo eu massa donec dapibus'),
(363, 'JDR Automated regional leverage', 'JDR amet cursus id turpis integer aliquet massa id lobortis convallis'),
(364, 'JDR Right-sized needs-based productivity', 'JDR sagittis nam congue risus semper porta volutpat quam pede lobortis ligula sit amet'),
(365, 'JDR Phased cohesive artificial intelligence', 'JDR erat volutpat in congue etiam justo etiam pretium iaculis justo in hac habitasse platea dictumst etiam faucibus cursus urna ut'),
(366, 'JDR Function-based non-volatile emulation', 'JDR ante vivamus tortor duis mattis egestas metus aenean fermentum donec ut mauris eget'),
(367, 'JDR Multi-layered coherent capability', 'JDR molestie sed justo pellentesque viverra pede ac diam cras pellentesque volutpat'),
(368, 'JDR Implemented secondary moratorium', 'JDR id mauris vulputate elementum nullam varius nulla facilisi cras non velit'),
(369, 'JDR User-centric static service-desk', 'JDR est congue elementum in hac habitasse platea dictumst morbi vestibulum'),
(370, 'JDR Horizontal disintermediate secured line', 'JDR cursus urna ut tellus nulla ut erat id mauris vulputate elementum nullam varius nulla facilisi'),
(371, 'JDR Cross-group 6th generation success', 'JDR in hac habitasse platea dictumst etiam faucibus cursus urna ut tellus nulla ut erat id'),
(372, 'JDR Networked disintermediate artificial intelligence', 'JDR imperdiet et commodo vulputate justo in blandit ultrices enim lorem ipsum dolor sit amet consectetuer adipiscing elit proin interdum mauris'),
(373, 'JDR Quality-focused context-sensitive adapter', 'JDR in consequat ut nulla sed accumsan felis ut at dolor quis odio consequat'),
(374, 'JDR Sharable 3rd generation moratorium', 'JDR maecenas tristique est et tempus semper est quam pharetra magna ac consequat metus sapien ut nunc vestibulum ante ipsum primis'),
(375, 'JDR Enhanced transitional utilisation', 'JDR eget orci vehicula condimentum curabitur in libero ut massa volutpat convallis morbi odio'),
(376, 'JDR Upgradable 4th generation array', 'JDR sed vel enim sit amet nunc viverra dapibus nulla suscipit ligula in lacus curabitur'),
(377, 'JDR Implemented disintermediate array', 'JDR massa id nisl venenatis lacinia aenean sit amet justo morbi ut'),
(378, 'JDR Quality-focused analyzing archive', 'JDR cras mi pede malesuada in imperdiet et commodo vulputate justo in blandit ultrices enim'),
(379, 'JDR Open-source value-added success', 'JDR sapien sapien non mi integer ac neque duis bibendum morbi non quam'),
(380, 'JDR Virtual mobile middleware', 'JDR consequat in consequat ut nulla sed accumsan felis ut at dolor quis odio consequat varius integer'),
(381, 'JDR Multi-tiered well-modulated neural-net', 'JDR in imperdiet et commodo vulputate justo in blandit ultrices enim lorem ipsum dolor sit'),
(382, 'JDR Operative maximized task-force', 'JDR amet sapien dignissim vestibulum vestibulum ante ipsum primis in faucibus orci luctus et ultrices posuere cubilia curae nulla dapibus dolor'),
(383, 'JDR Streamlined scalable software', 'JDR pede justo eu massa donec dapibus duis at velit eu est congue elementum in hac habitasse platea dictumst'),
(384, 'JDR Seamless heuristic collaboration', 'JDR varius ut blandit non interdum in ante vestibulum ante ipsum primis in faucibus orci luctus et'),
(385, 'JDR Expanded 4th generation artificial intelligence', 'JDR nisl duis bibendum felis sed interdum venenatis turpis enim blandit mi in porttitor pede justo'),
(386, 'JDR Object-based dedicated customer loyalty', 'JDR lectus pellentesque eget nunc donec quis orci eget orci vehicula condimentum'),
(387, 'JDR Profound radical archive', 'JDR in hac habitasse platea dictumst morbi vestibulum velit id pretium iaculis diam erat fermentum justo'),
(388, 'JDR Down-sized zero defect projection', 'JDR ligula vehicula consequat morbi a ipsum integer a nibh in'),
(389, 'JDR Adaptive static frame', 'JDR integer ac neque duis bibendum morbi non quam nec dui luctus'),
(390, 'JDR Quality-focused coherent capability', 'JDR suspendisse accumsan tortor quis turpis sed ante vivamus tortor duis mattis egestas metus aenean fermentum donec ut'),
(391, 'JDR Integrated 24 hour flexibility', 'JDR orci vehicula condimentum curabitur in libero ut massa volutpat convallis morbi odio odio elementum eu interdum eu tincidunt in leo'),
(392, 'JDR Cross-group non-volatile installation', 'JDR at ipsum ac tellus semper interdum mauris ullamcorper purus sit amet'),
(393, 'JDR Expanded reciprocal hierarchy', 'JDR primis in faucibus orci luctus et ultrices posuere cubilia curae duis faucibus accumsan odio curabitur convallis duis consequat'),
(394, 'JDR Triple-buffered even-keeled project', 'JDR orci luctus et ultrices posuere cubilia curae mauris viverra diam'),
(395, 'JDR Expanded impactful secured line', 'JDR aliquet ultrices erat tortor sollicitudin mi sit amet lobortis sapien sapien non mi integer ac neque duis bibendum morbi'),
(396, 'JDR Reduced non-volatile info-mediaries', 'JDR in leo maecenas pulvinar lobortis est phasellus sit amet erat nulla tempus vivamus in felis'),
(397, 'JDR Function-based next generation hierarchy', 'JDR aenean fermentum donec ut mauris eget massa tempor convallis nulla'),
(398, 'JDR Realigned regional encryption', 'JDR ligula in lacus curabitur at ipsum ac tellus semper interdum mauris'),
(399, 'JDR Programmable value-added groupware', 'JDR tellus nulla ut erat id mauris vulputate elementum nullam varius nulla facilisi cras non velit nec nisi vulputate nonummy'),
(400, 'JDR Versatile analyzing installation', 'JDR nulla nisl nunc nisl duis bibendum felis sed interdum venenatis turpis enim blandit mi'),
(401, 'JDR Up-sized discrete approach', 'JDR mi integer ac neque duis bibendum morbi non quam nec dui luctus rutrum nulla tellus'),
(402, 'JDR Re-engineered methodical extranet', 'JDR mauris enim leo rhoncus sed vestibulum sit amet cursus id turpis integer aliquet massa'),
(403, 'JDR Stand-alone incremental groupware', 'JDR sed vestibulum sit amet cursus id turpis integer aliquet massa id lobortis convallis tortor risus dapibus augue vel accumsan tellus'),
(404, 'JDR Public-key intermediate frame', 'JDR eu orci mauris lacinia sapien quis libero nullam sit amet turpis elementum ligula'),
(405, 'JDR Devolved tertiary structure', 'JDR mauris morbi non lectus aliquam sit amet diam in magna bibendum imperdiet'),
(406, 'JDR Open-architected fault-tolerant definition', 'JDR blandit nam nulla integer pede justo lacinia eget tincidunt eget tempus vel pede'),
(407, 'JDR Advanced system-worthy hub', 'JDR suscipit a feugiat et eros vestibulum ac est lacinia nisi venenatis tristique fusce'),
(408, 'JDR Mandatory bottom-line knowledge user', 'JDR platea dictumst maecenas ut massa quis augue luctus tincidunt nulla mollis molestie lorem quisque'),
(409, 'JDR Streamlined needs-based model', 'JDR mi sit amet lobortis sapien sapien non mi integer ac'),
(410, 'JDR Sharable user-facing extranet', 'JDR quis tortor id nulla ultrices aliquet maecenas leo odio condimentum id'),
(411, 'JDR Cross-group disintermediate policy', 'JDR vulputate nonummy maecenas tincidunt lacus at velit vivamus vel nulla eget eros elementum pellentesque quisque porta volutpat erat quisque'),
(412, 'JDR Open-architected attitude-oriented parallelism', 'JDR nullam varius nulla facilisi cras non velit nec nisi vulputate nonummy maecenas tincidunt lacus at'),
(413, 'JDR Enterprise-wide maximized instruction set', 'JDR nulla suspendisse potenti cras in purus eu magna vulputate luctus cum sociis natoque penatibus et magnis dis parturient'),
(414, 'JDR Right-sized radical product', 'JDR montes nascetur ridiculus mus vivamus vestibulum sagittis sapien cum sociis natoque penatibus et magnis dis parturient montes'),
(415, 'JDR Operative local challenge', 'JDR pellentesque at nulla suspendisse potenti cras in purus eu magna'),
(416, 'JDR Expanded bandwidth-monitored installation', 'JDR donec quis orci eget orci vehicula condimentum curabitur in libero'),
(417, 'JDR Future-proofed fresh-thinking parallelism', 'JDR metus sapien ut nunc vestibulum ante ipsum primis in faucibus orci luctus et ultrices posuere'),
(418, 'JDR Centralized object-oriented process improvement', 'JDR eu tincidunt in leo maecenas pulvinar lobortis est phasellus sit amet erat nulla'),
(419, 'JDR De-engineered fresh-thinking help-desk', 'JDR justo lacinia eget tincidunt eget tempus vel pede morbi porttitor lorem id ligula suspendisse ornare consequat lectus in est'),
(420, 'JDR Down-sized intangible Graphical User Interface', 'JDR primis in faucibus orci luctus et ultrices posuere cubilia curae duis'),
(421, 'JDR Customer-focused local emulation', 'JDR sapien sapien non mi integer ac neque duis bibendum morbi'),
(422, 'JDR Inverse cohesive synergy', 'JDR lectus aliquam sit amet diam in magna bibendum imperdiet nullam orci pede venenatis non'),
(423, 'JDR Pre-emptive regional functionalities', 'JDR aenean auctor gravida sem praesent id massa id nisl venenatis lacinia aenean sit amet justo morbi ut'),
(424, 'JDR Monitored logistical capability', 'JDR volutpat erat quisque erat eros viverra eget congue eget semper rutrum nulla nunc purus phasellus in felis donec semper'),
(425, 'JDR Profit-focused value-added throughput', 'JDR cursus vestibulum proin eu mi nulla ac enim in tempor turpis nec euismod scelerisque quam turpis adipiscing lorem vitae'),
(426, 'JDR Stand-alone bottom-line framework', 'JDR etiam vel augue vestibulum rutrum rutrum neque aenean auctor gravida sem praesent id massa'),
(427, 'JDR Multi-channelled well-modulated support', 'JDR curabitur convallis duis consequat dui nec nisi volutpat eleifend donec'),
(428, 'JDR Organic modular software', 'JDR in tempor turpis nec euismod scelerisque quam turpis adipiscing lorem vitae mattis nibh ligula'),
(429, 'JDR Re-engineered stable customer loyalty', 'JDR est phasellus sit amet erat nulla tempus vivamus in felis eu sapien cursus vestibulum proin eu mi'),
(430, 'JDR Expanded homogeneous focus group', 'JDR mauris eget massa tempor convallis nulla neque libero convallis eget eleifend luctus ultricies eu nibh'),
(431, 'JDR Managed optimal product', 'JDR pharetra magna ac consequat metus sapien ut nunc vestibulum ante ipsum primis in'),
(432, 'JDR Progressive systematic knowledge user', 'JDR quam pede lobortis ligula sit amet eleifend pede libero quis orci nullam molestie nibh in lectus'),
(433, 'JDR Secured impactful service-desk', 'JDR in tempus sit amet sem fusce consequat nulla nisl nunc'),
(434, 'JDR Vision-oriented object-oriented website', 'JDR non pretium quis lectus suspendisse potenti in eleifend quam a odio in hac habitasse'),
(435, 'JDR Compatible eco-centric complexity', 'JDR tincidunt in leo maecenas pulvinar lobortis est phasellus sit amet erat nulla tempus vivamus in felis eu sapien cursus'),
(436, 'JDR Centralized background functionalities', 'JDR nisi nam ultrices libero non mattis pulvinar nulla pede ullamcorper'),
(437, 'JDR Exclusive methodical leverage', 'JDR cubilia curae donec pharetra magna vestibulum aliquet ultrices erat tortor sollicitudin'),
(438, 'JDR Optional multi-tasking system engine', 'JDR penatibus et magnis dis parturient montes nascetur ridiculus mus vivamus vestibulum sagittis'),
(439, 'JDR Streamlined foreground alliance', 'JDR varius ut blandit non interdum in ante vestibulum ante ipsum primis in faucibus orci luctus et ultrices posuere cubilia'),
(440, 'JDR Ergonomic 5th generation migration', 'JDR leo odio condimentum id luctus nec molestie sed justo pellentesque viverra pede ac diam cras pellentesque volutpat'),
(441, 'JDR Persevering impactful internet solution', 'JDR faucibus orci luctus et ultrices posuere cubilia curae donec pharetra magna vestibulum'),
(442, 'JDR Switchable high-level moderator', 'JDR nunc purus phasellus in felis donec semper sapien a libero nam dui proin'),
(443, 'JDR Intuitive disintermediate hierarchy', 'JDR justo in blandit ultrices enim lorem ipsum dolor sit amet consectetuer adipiscing elit'),
(444, 'JDR Persistent logistical Graphical User Interface', 'JDR eu interdum eu tincidunt in leo maecenas pulvinar lobortis est'),
(445, 'JDR Organized bifurcated task-force', 'JDR vitae consectetuer eget rutrum at lorem integer tincidunt ante vel'),
(446, 'JDR Networked 5th generation infrastructure', 'JDR eget eleifend luctus ultricies eu nibh quisque id justo sit amet sapien dignissim vestibulum vestibulum ante ipsum primis in'),
(447, 'JDR User-centric dynamic orchestration', 'JDR volutpat sapien arcu sed augue aliquam erat volutpat in congue etiam justo etiam pretium iaculis justo'),
(448, 'JDR Down-sized content-based utilisation', 'JDR sed nisl nunc rhoncus dui vel sem sed sagittis nam congue risus semper porta volutpat'),
(449, 'JDR Fundamental next generation productivity', 'JDR sapien varius ut blandit non interdum in ante vestibulum ante ipsum primis in faucibus orci'),
(450, 'JDR Programmable 24 hour extranet', 'JDR platea dictumst maecenas ut massa quis augue luctus tincidunt nulla'),
(451, 'JDR Face to face intermediate moratorium', 'JDR vel pede morbi porttitor lorem id ligula suspendisse ornare consequat lectus in est risus auctor sed tristique in'),
(452, 'JDR Phased even-keeled middleware', 'JDR ac consequat metus sapien ut nunc vestibulum ante ipsum primis in faucibus'),
(453, 'JDR Re-contextualized 5th generation contingency', 'JDR nascetur ridiculus mus etiam vel augue vestibulum rutrum rutrum neque aenean auctor gravida sem praesent id massa'),
(454, 'JDR Ergonomic holistic conglomeration', 'JDR duis ac nibh fusce lacus purus aliquet at feugiat non pretium quis lectus suspendisse potenti in eleifend'),
(455, 'JDR Realigned 24 hour open architecture', 'JDR semper porta volutpat quam pede lobortis ligula sit amet eleifend pede libero quis orci nullam molestie nibh in lectus'),
(456, 'JDR Versatile web-enabled open architecture', 'JDR integer a nibh in quis justo maecenas rhoncus aliquam lacus morbi quis'),
(457, 'JDR Object-based neutral product', 'JDR quis odio consequat varius integer ac leo pellentesque ultrices mattis odio donec vitae nisi nam ultrices'),
(458, 'JDR Switchable 4th generation pricing structure', 'JDR cras mi pede malesuada in imperdiet et commodo vulputate justo in blandit'),
(459, 'JDR Re-contextualized logistical moderator', 'JDR turpis eget elit sodales scelerisque mauris sit amet eros suspendisse accumsan tortor'),
(460, 'JDR Digitized impactful data-warehouse', 'JDR placerat praesent blandit nam nulla integer pede justo lacinia eget tincidunt eget tempus vel pede morbi porttitor lorem'),
(461, 'JDR Expanded object-oriented hierarchy', 'JDR magna ac consequat metus sapien ut nunc vestibulum ante ipsum primis in faucibus orci luctus et ultrices'),
(462, 'JDR Profound 4th generation help-desk', 'JDR nullam varius nulla facilisi cras non velit nec nisi vulputate nonummy maecenas tincidunt lacus at'),
(463, 'JDR Self-enabling needs-based capability', 'JDR elit ac nulla sed vel enim sit amet nunc viverra dapibus nulla'),
(464, 'JDR Diverse methodical benchmark', 'JDR non mi integer ac neque duis bibendum morbi non quam nec dui luctus rutrum nulla tellus in'),
(465, 'JDR Extended logistical paradigm', 'JDR lacinia eget tincidunt eget tempus vel pede morbi porttitor lorem id ligula suspendisse'),
(466, 'JDR Robust maximized project', 'JDR lorem vitae mattis nibh ligula nec sem duis aliquam convallis nunc'),
(467, 'JDR Total high-level toolset', 'JDR id turpis integer aliquet massa id lobortis convallis tortor risus dapibus augue vel accumsan tellus nisi'),
(468, 'JDR Operative explicit core', 'JDR maecenas leo odio condimentum id luctus nec molestie sed justo pellentesque viverra pede ac diam cras pellentesque volutpat'),
(469, 'JDR Proactive intermediate structure', 'JDR leo pellentesque ultrices mattis odio donec vitae nisi nam ultrices libero non mattis pulvinar nulla'),
(470, 'JDR Open-architected local internet solution', 'JDR at velit vivamus vel nulla eget eros elementum pellentesque quisque porta volutpat erat quisque erat eros viverra eget'),
(471, 'JDR Reverse-engineered clear-thinking monitoring', 'JDR turpis donec posuere metus vitae ipsum aliquam non mauris morbi non lectus aliquam sit amet diam in magna'),
(472, 'JDR Grass-roots 4th generation moderator', 'JDR quam turpis adipiscing lorem vitae mattis nibh ligula nec sem duis aliquam convallis nunc'),
(473, 'JDR Cross-group optimal definition', 'JDR vitae nisi nam ultrices libero non mattis pulvinar nulla pede ullamcorper augue a'),
(474, 'JDR De-engineered web-enabled moderator', 'JDR nisl ut volutpat sapien arcu sed augue aliquam erat volutpat in congue etiam justo etiam pretium iaculis'),
(475, 'JDR Configurable 5th generation attitude', 'JDR nullam orci pede venenatis non sodales sed tincidunt eu felis fusce posuere'),
(476, 'JDR Polarised mobile solution', 'JDR blandit lacinia erat vestibulum sed magna at nunc commodo placerat praesent blandit nam nulla'),
(477, 'JDR Focused zero tolerance encoding', 'JDR ac leo pellentesque ultrices mattis odio donec vitae nisi nam ultrices'),
(478, 'JDR Front-line local complexity', 'JDR proin eu mi nulla ac enim in tempor turpis nec euismod scelerisque quam turpis adipiscing'),
(479, 'JDR Reduced mission-critical portal', 'JDR mauris non ligula pellentesque ultrices phasellus id sapien in sapien iaculis congue vivamus metus arcu adipiscing molestie hendrerit'),
(480, 'JDR Cross-platform scalable leverage', 'JDR dolor vel est donec odio justo sollicitudin ut suscipit a feugiat et eros vestibulum ac est lacinia'),
(481, 'JDR Balanced system-worthy intranet', 'JDR dui vel sem sed sagittis nam congue risus semper porta'),
(482, 'JDR Polarised secondary complexity', 'JDR at feugiat non pretium quis lectus suspendisse potenti in eleifend quam a odio in hac'),
(483, 'JDR Focused hybrid structure', 'JDR in faucibus orci luctus et ultrices posuere cubilia curae donec pharetra magna vestibulum aliquet'),
(484, 'JDR Self-enabling scalable extranet', 'JDR penatibus et magnis dis parturient montes nascetur ridiculus mus etiam vel augue vestibulum rutrum rutrum'),
(485, 'JDR Persistent foreground internet solution', 'JDR sapien varius ut blandit non interdum in ante vestibulum ante ipsum'),
(486, 'JDR Multi-lateral bandwidth-monitored Graphic Interface', 'JDR non velit donec diam neque vestibulum eget vulputate ut ultrices vel augue vestibulum ante ipsum primis in faucibus orci'),
(487, 'JDR User-friendly regional software', 'JDR vel sem sed sagittis nam congue risus semper porta volutpat quam pede lobortis ligula sit amet eleifend pede libero quis'),
(488, 'JDR Expanded fault-tolerant array', 'JDR quam sapien varius ut blandit non interdum in ante vestibulum ante ipsum primis in'),
(489, 'JDR Intuitive secondary pricing structure', 'JDR maecenas pulvinar lobortis est phasellus sit amet erat nulla tempus vivamus in felis eu'),
(490, 'JDR Visionary system-worthy encryption', 'JDR in quis justo maecenas rhoncus aliquam lacus morbi quis tortor id nulla ultrices aliquet maecenas leo'),
(491, 'JDR Compatible zero administration solution', 'JDR leo rhoncus sed vestibulum sit amet cursus id turpis integer aliquet'),
(492, 'JDR Multi-channelled dynamic open architecture', 'JDR blandit non interdum in ante vestibulum ante ipsum primis in faucibus orci'),
(493, 'JDR Versatile non-volatile process improvement', 'JDR eget eros elementum pellentesque quisque porta volutpat erat quisque erat eros viverra eget congue eget'),
(494, 'JDR Ergonomic stable alliance', 'JDR est risus auctor sed tristique in tempus sit amet sem'),
(495, 'JDR Optimized stable interface', 'JDR et ultrices posuere cubilia curae donec pharetra magna vestibulum aliquet ultrices erat tortor sollicitudin mi sit'),
(496, 'JDR Object-based systematic solution', 'JDR tortor quis turpis sed ante vivamus tortor duis mattis egestas metus aenean'),
(497, 'JDR Face to face composite policy', 'JDR volutpat dui maecenas tristique est et tempus semper est quam pharetra magna ac consequat metus sapien ut nunc vestibulum'),
(498, 'JDR Horizontal foreground throughput', 'JDR mattis nibh ligula nec sem duis aliquam convallis nunc proin at turpis a pede posuere nonummy integer non'),
(499, 'JDR Diverse zero administration hierarchy', 'JDR massa id lobortis convallis tortor risus dapibus augue vel accumsan tellus nisi eu orci mauris lacinia sapien quis libero'),
(500, 'JDR Advanced 24/7 toolset', 'JDR vehicula consequat morbi a ipsum integer a nibh in quis justo maecenas'),
(501, 'JDR Managed full-range internet solution', 'JDR lacinia erat vestibulum sed magna at nunc commodo placerat praesent blandit nam nulla integer pede justo lacinia'),
(502, 'JDR Customer-focused non-volatile flexibility', 'JDR ligula sit amet eleifend pede libero quis orci nullam molestie nibh in lectus pellentesque at nulla'),
(503, 'JDR Universal dedicated capacity', 'JDR tellus nulla ut erat id mauris vulputate elementum nullam varius nulla facilisi cras non velit nec'),
(504, 'JDR Virtual heuristic capacity', 'JDR vitae nisi nam ultrices libero non mattis pulvinar nulla pede ullamcorper augue'),
(505, 'JDR Decentralized exuding attitude', 'JDR orci eget orci vehicula condimentum curabitur in libero ut massa volutpat convallis morbi odio odio elementum eu'),
(506, 'JDR Stand-alone radical knowledge user', 'JDR est donec odio justo sollicitudin ut suscipit a feugiat et eros vestibulum ac est lacinia nisi venenatis tristique'),
(507, 'JDR Integrated radical info-mediaries', 'JDR massa quis augue luctus tincidunt nulla mollis molestie lorem quisque ut erat curabitur'),
(508, 'JDR Right-sized analyzing synergy', 'JDR tellus semper interdum mauris ullamcorper purus sit amet nulla quisque arcu libero rutrum'),
(509, 'JDR Switchable dedicated budgetary management', 'JDR enim sit amet nunc viverra dapibus nulla suscipit ligula in lacus curabitur at ipsum'),
(510, 'JDR Ameliorated background flexibility', 'JDR consectetuer adipiscing elit proin interdum mauris non ligula pellentesque ultrices phasellus id'),
(511, 'JDR Configurable high-level installation', 'JDR blandit lacinia erat vestibulum sed magna at nunc commodo placerat praesent blandit nam nulla integer pede justo lacinia eget tincidunt'),
(512, 'JDR Customer-focused neutral help-desk', 'JDR sem sed sagittis nam congue risus semper porta volutpat quam'),
(513, 'JDR Down-sized motivating interface', 'JDR augue quam sollicitudin vitae consectetuer eget rutrum at lorem integer tincidunt ante vel'),
(514, 'JDR Operative zero tolerance alliance', 'JDR nulla suspendisse potenti cras in purus eu magna vulputate luctus'),
(515, 'JDR Seamless dynamic functionalities', 'JDR ultrices enim lorem ipsum dolor sit amet consectetuer adipiscing elit proin interdum mauris non ligula pellentesque ultrices phasellus id sapien'),
(516, 'JDR Customer-focused logistical info-mediaries', 'JDR faucibus orci luctus et ultrices posuere cubilia curae mauris viverra diam vitae quam suspendisse potenti nullam'),
(517, 'JDR Optional directional capability', 'JDR lacus purus aliquet at feugiat non pretium quis lectus suspendisse potenti in eleifend quam a odio in hac'),
(518, 'JDR Cross-group multi-tasking secured line', 'JDR lorem id ligula suspendisse ornare consequat lectus in est risus auctor'),
(519, 'JDR Right-sized dynamic benchmark', 'JDR pellentesque volutpat dui maecenas tristique est et tempus semper est quam pharetra magna ac consequat'),
(520, 'JDR Fully-configurable attitude-oriented algorithm', 'JDR nullam porttitor lacus at turpis donec posuere metus vitae ipsum aliquam non mauris morbi non lectus'),
(521, 'JDR Open-source homogeneous data-warehouse', 'JDR vulputate elementum nullam varius nulla facilisi cras non velit nec nisi vulputate nonummy maecenas tincidunt lacus at'),
(522, 'JDR Devolved methodical encryption', 'JDR turpis sed ante vivamus tortor duis mattis egestas metus aenean fermentum donec ut mauris eget massa tempor convallis nulla'),
(523, 'JDR Vision-oriented uniform focus group', 'JDR vitae nisi nam ultrices libero non mattis pulvinar nulla pede ullamcorper augue a suscipit nulla elit ac nulla sed'),
(524, 'JDR Synergized even-keeled help-desk', 'JDR mauris vulputate elementum nullam varius nulla facilisi cras non velit nec nisi vulputate nonummy maecenas tincidunt lacus at velit vivamus'),
(525, 'JDR Optimized actuating superstructure', 'JDR ante nulla justo aliquam quis turpis eget elit sodales scelerisque mauris sit amet eros suspendisse'),
(526, 'JDR Networked object-oriented Graphic Interface', 'JDR quam sapien varius ut blandit non interdum in ante vestibulum ante ipsum primis in faucibus orci luctus et'),
(527, 'JDR Ergonomic next generation software', 'JDR lectus aliquam sit amet diam in magna bibendum imperdiet nullam orci pede venenatis non sodales'),
(528, 'JDR Focused stable moratorium', 'JDR ipsum dolor sit amet consectetuer adipiscing elit proin interdum mauris non ligula pellentesque ultrices phasellus id'),
(529, 'JDR Function-based zero administration projection', 'JDR porttitor id consequat in consequat ut nulla sed accumsan felis ut at'),
(530, 'JDR Open-source cohesive benchmark', 'JDR semper interdum mauris ullamcorper purus sit amet nulla quisque arcu libero rutrum ac lobortis vel'),
(531, 'JDR Optional bi-directional neural-net', 'JDR mus vivamus vestibulum sagittis sapien cum sociis natoque penatibus et magnis dis parturient montes nascetur ridiculus mus'),
(532, 'JDR Diverse bifurcated projection', 'JDR tincidunt eget tempus vel pede morbi porttitor lorem id ligula suspendisse ornare consequat lectus'),
(533, 'JDR Advanced empowering encoding', 'JDR lobortis convallis tortor risus dapibus augue vel accumsan tellus nisi eu orci mauris lacinia sapien quis libero nullam sit amet'),
(534, 'JDR Programmable attitude-oriented instruction set', 'JDR ultrices enim lorem ipsum dolor sit amet consectetuer adipiscing elit proin interdum mauris non ligula'),
(535, 'JDR Inverse intermediate moderator', 'JDR luctus et ultrices posuere cubilia curae mauris viverra diam vitae quam suspendisse potenti nullam porttitor lacus at'),
(536, 'JDR Customizable disintermediate complexity', 'JDR eleifend luctus ultricies eu nibh quisque id justo sit amet sapien dignissim vestibulum vestibulum ante'),
(537, 'JDR Extended high-level throughput', 'JDR nam ultrices libero non mattis pulvinar nulla pede ullamcorper augue a suscipit nulla elit ac nulla sed vel'),
(538, 'JDR Cloned 6th generation Graphic Interface', 'JDR feugiat non pretium quis lectus suspendisse potenti in eleifend quam a odio in hac habitasse platea'),
(539, 'JDR Grass-roots discrete secured line', 'JDR sit amet eros suspendisse accumsan tortor quis turpis sed ante vivamus tortor'),
(540, 'JDR Sharable client-server extranet', 'JDR felis fusce posuere felis sed lacus morbi sem mauris laoreet'),
(541, 'JDR Fully-configurable heuristic support', 'JDR elementum pellentesque quisque porta volutpat erat quisque erat eros viverra eget congue eget semper rutrum nulla nunc purus'),
(542, 'JDR Enhanced mobile architecture', 'JDR turpis donec posuere metus vitae ipsum aliquam non mauris morbi non lectus aliquam sit amet diam in magna bibendum imperdiet'),
(543, 'JDR Organic motivating adapter', 'JDR quis orci nullam molestie nibh in lectus pellentesque at nulla suspendisse potenti cras in purus'),
(544, 'JDR Optional 4th generation methodology', 'JDR maecenas tincidunt lacus at velit vivamus vel nulla eget eros elementum pellentesque quisque porta volutpat erat'),
(545, 'JDR Integrated explicit protocol', 'JDR sollicitudin vitae consectetuer eget rutrum at lorem integer tincidunt ante vel ipsum praesent'),
(546, 'JDR Public-key eco-centric pricing structure', 'JDR cubilia curae nulla dapibus dolor vel est donec odio justo sollicitudin ut suscipit a feugiat et eros vestibulum ac'),
(547, 'JDR Focused logistical capability', 'JDR proin interdum mauris non ligula pellentesque ultrices phasellus id sapien in sapien iaculis congue vivamus metus arcu adipiscing'),
(548, 'JDR Up-sized neutral forecast', 'JDR enim leo rhoncus sed vestibulum sit amet cursus id turpis integer aliquet massa id lobortis convallis tortor'),
(549, 'JDR Advanced maximized open system', 'JDR in purus eu magna vulputate luctus cum sociis natoque penatibus et magnis dis parturient montes nascetur'),
(550, 'JDR Optional mission-critical complexity', 'JDR phasellus sit amet erat nulla tempus vivamus in felis eu sapien cursus vestibulum proin eu mi nulla'),
(551, 'JDR Innovative transitional synergy', 'JDR cursus id turpis integer aliquet massa id lobortis convallis tortor risus dapibus augue vel accumsan tellus nisi eu orci mauris'),
(552, 'JDR Switchable 6th generation access', 'JDR pharetra magna vestibulum aliquet ultrices erat tortor sollicitudin mi sit amet lobortis sapien sapien non'),
(553, 'JDR Balanced asynchronous instruction set', 'JDR nam ultrices libero non mattis pulvinar nulla pede ullamcorper augue a suscipit nulla elit ac nulla sed vel enim sit'),
(554, 'JDR Integrated leading edge matrix', 'JDR est et tempus semper est quam pharetra magna ac consequat metus sapien ut'),
(555, 'JDR Enhanced didactic leverage', 'JDR lacinia aenean sit amet justo morbi ut odio cras mi pede malesuada in imperdiet et commodo vulputate'),
(556, 'JDR Re-engineered non-volatile encoding', 'JDR porta volutpat erat quisque erat eros viverra eget congue eget semper rutrum nulla nunc purus phasellus in felis donec semper'),
(557, 'JDR Compatible maximized success', 'JDR lorem ipsum dolor sit amet consectetuer adipiscing elit proin risus praesent lectus vestibulum quam'),
(558, 'JDR Focused radical synergy', 'JDR in eleifend quam a odio in hac habitasse platea dictumst maecenas ut massa quis augue luctus tincidunt nulla mollis'),
(559, 'JDR Programmable hybrid adapter', 'JDR curabitur in libero ut massa volutpat convallis morbi odio odio elementum eu interdum eu tincidunt in'),
(560, 'JDR Proactive zero administration solution', 'JDR volutpat sapien arcu sed augue aliquam erat volutpat in congue etiam justo etiam pretium iaculis justo in hac habitasse'),
(561, 'JDR Down-sized executive help-desk', 'JDR eros vestibulum ac est lacinia nisi venenatis tristique fusce congue diam id ornare imperdiet sapien urna'),
(562, 'JDR Ergonomic upward-trending collaboration', 'JDR augue vestibulum rutrum rutrum neque aenean auctor gravida sem praesent id massa id nisl venenatis lacinia aenean'),
(563, 'JDR Seamless uniform alliance', 'JDR vestibulum sed magna at nunc commodo placerat praesent blandit nam'),
(564, 'JDR Public-key disintermediate approach', 'JDR non quam nec dui luctus rutrum nulla tellus in sagittis dui vel nisl duis'),
(565, 'JDR Diverse systemic implementation', 'JDR varius integer ac leo pellentesque ultrices mattis odio donec vitae nisi nam ultrices libero non mattis'),
(566, 'JDR Automated regional toolset', 'JDR non pretium quis lectus suspendisse potenti in eleifend quam a odio in hac habitasse platea dictumst maecenas ut massa'),
(567, 'JDR Business-focused empowering orchestration', 'JDR amet erat nulla tempus vivamus in felis eu sapien cursus vestibulum proin eu mi nulla ac'),
(568, 'JDR Automated intangible matrix', 'JDR eros vestibulum ac est lacinia nisi venenatis tristique fusce congue diam'),
(569, 'JDR Grass-roots optimizing implementation', 'JDR consequat lectus in est risus auctor sed tristique in tempus sit amet sem fusce'),
(570, 'JDR Configurable neutral artificial intelligence', 'JDR ut nulla sed accumsan felis ut at dolor quis odio'),
(571, 'JDR Persistent multi-tasking open system', 'JDR nisl nunc nisl duis bibendum felis sed interdum venenatis turpis enim blandit mi'),
(572, 'JDR Future-proofed national archive', 'JDR et ultrices posuere cubilia curae nulla dapibus dolor vel est donec odio'),
(573, 'JDR Balanced motivating methodology', 'JDR ultrices phasellus id sapien in sapien iaculis congue vivamus metus arcu adipiscing molestie hendrerit at'),
(574, 'JDR Horizontal 5th generation utilisation', 'JDR elit sodales scelerisque mauris sit amet eros suspendisse accumsan tortor'),
(575, 'JDR Right-sized didactic solution', 'JDR sit amet nunc viverra dapibus nulla suscipit ligula in lacus'),
(576, 'JDR Polarised bottom-line infrastructure', 'JDR sit amet erat nulla tempus vivamus in felis eu sapien cursus vestibulum'),
(577, 'JDR Enterprise-wide coherent approach', 'JDR dui nec nisi volutpat eleifend donec ut dolor morbi vel lectus in quam fringilla rhoncus mauris enim leo rhoncus sed'),
(578, 'JDR Optimized needs-based protocol', 'JDR potenti nullam porttitor lacus at turpis donec posuere metus vitae ipsum'),
(579, 'JDR Customizable system-worthy analyzer', 'JDR habitasse platea dictumst maecenas ut massa quis augue luctus tincidunt'),
(580, 'JDR Self-enabling heuristic concept', 'JDR justo in blandit ultrices enim lorem ipsum dolor sit amet consectetuer adipiscing elit proin interdum mauris non'),
(581, 'JDR Public-key heuristic Graphic Interface', 'JDR ut tellus nulla ut erat id mauris vulputate elementum nullam varius nulla'),
(582, 'JDR Multi-lateral context-sensitive Graphical User Interface', 'JDR eget eros elementum pellentesque quisque porta volutpat erat quisque erat eros'),
(583, 'JDR Optimized coherent portal', 'JDR et ultrices posuere cubilia curae nulla dapibus dolor vel est donec odio justo sollicitudin ut'),
(584, 'JDR Networked local complexity', 'JDR in imperdiet et commodo vulputate justo in blandit ultrices enim lorem ipsum dolor sit'),
(585, 'JDR Grass-roots secondary moderator', 'JDR orci luctus et ultrices posuere cubilia curae mauris viverra diam vitae quam suspendisse potenti nullam porttitor lacus at turpis'),
(586, 'JDR Robust high-level budgetary management', 'JDR leo odio porttitor id consequat in consequat ut nulla sed accumsan felis ut at dolor quis odio'),
(587, 'JDR Secured modular framework', 'JDR diam vitae quam suspendisse potenti nullam porttitor lacus at turpis donec posuere metus'),
(588, 'JDR Triple-buffered 3rd generation circuit', 'JDR est donec odio justo sollicitudin ut suscipit a feugiat et eros vestibulum ac est lacinia'),
(589, 'JDR Inverse multi-tasking capacity', 'JDR condimentum id luctus nec molestie sed justo pellentesque viverra pede ac diam cras pellentesque volutpat dui maecenas tristique est'),
(590, 'JDR Intuitive secondary local area network', 'JDR massa id lobortis convallis tortor risus dapibus augue vel accumsan tellus'),
(591, 'JDR Open-source 4th generation encryption', 'JDR praesent blandit lacinia erat vestibulum sed magna at nunc commodo placerat praesent blandit'),
(592, 'JDR Digitized web-enabled algorithm', 'JDR posuere cubilia curae mauris viverra diam vitae quam suspendisse potenti nullam porttitor lacus at turpis donec posuere metus vitae'),
(593, 'JDR Synergized content-based circuit', 'JDR augue vestibulum rutrum rutrum neque aenean auctor gravida sem praesent id massa id nisl venenatis lacinia aenean sit amet'),
(594, 'JDR Organized bifurcated hierarchy', 'JDR sit amet diam in magna bibendum imperdiet nullam orci pede venenatis non'),
(595, 'JDR Re-engineered secondary hierarchy', 'JDR id lobortis convallis tortor risus dapibus augue vel accumsan tellus nisi eu orci mauris lacinia sapien quis'),
(596, 'JDR Multi-tiered impactful architecture', 'JDR ut nunc vestibulum ante ipsum primis in faucibus orci luctus et ultrices posuere cubilia curae mauris viverra diam vitae'),
(597, 'JDR Open-source stable software', 'JDR eleifend luctus ultricies eu nibh quisque id justo sit amet sapien dignissim vestibulum vestibulum ante ipsum primis'),
(598, 'JDR Triple-buffered multi-tasking local area network', 'JDR curabitur in libero ut massa volutpat convallis morbi odio odio elementum eu interdum eu tincidunt'),
(599, 'JDR Customer-focused attitude-oriented matrices', 'JDR ut nulla sed accumsan felis ut at dolor quis odio consequat'),
(600, 'JDR Switchable clear-thinking conglomeration', 'JDR curae mauris viverra diam vitae quam suspendisse potenti nullam porttitor lacus'),
(601, 'JDR Re-engineered well-modulated service-desk', 'JDR nisl nunc rhoncus dui vel sem sed sagittis nam congue risus semper porta volutpat quam'),
(602, 'JDR Pre-emptive responsive customer loyalty', 'JDR vel ipsum praesent blandit lacinia erat vestibulum sed magna at'),
(603, 'JDR Polarised mobile internet solution', 'JDR massa tempor convallis nulla neque libero convallis eget eleifend luctus ultricies eu nibh quisque id'),
(604, 'JDR Universal maximized open system', 'JDR sagittis dui vel nisl duis ac nibh fusce lacus purus aliquet at feugiat non'),
(605, 'JDR Multi-lateral bandwidth-monitored migration', 'JDR fermentum donec ut mauris eget massa tempor convallis nulla neque libero convallis eget eleifend luctus ultricies'),
(606, 'JDR Right-sized bifurcated model', 'JDR magna bibendum imperdiet nullam orci pede venenatis non sodales sed tincidunt eu felis fusce posuere felis sed lacus morbi sem'),
(607, 'JDR Cloned incremental portal', 'JDR interdum eu tincidunt in leo maecenas pulvinar lobortis est phasellus sit amet erat nulla'),
(608, 'JDR Re-engineered reciprocal emulation', 'JDR vestibulum rutrum rutrum neque aenean auctor gravida sem praesent id massa'),
(609, 'JDR Universal logistical infrastructure', 'JDR amet consectetuer adipiscing elit proin risus praesent lectus vestibulum quam sapien'),
(610, 'JDR Centralized web-enabled hub', 'JDR magna vestibulum aliquet ultrices erat tortor sollicitudin mi sit amet lobortis sapien sapien'),
(611, 'JDR Front-line coherent extranet', 'JDR luctus rutrum nulla tellus in sagittis dui vel nisl duis ac'),
(612, 'JDR Customizable 3rd generation firmware', 'JDR mauris non ligula pellentesque ultrices phasellus id sapien in sapien iaculis congue vivamus metus arcu adipiscing molestie hendrerit at vulputate'),
(613, 'JDR Persevering didactic benchmark', 'JDR et commodo vulputate justo in blandit ultrices enim lorem ipsum dolor sit amet consectetuer adipiscing elit'),
(614, 'JDR Optimized high-level support', 'JDR consequat dui nec nisi volutpat eleifend donec ut dolor morbi vel lectus in quam fringilla rhoncus mauris'),
(615, 'JDR Decentralized context-sensitive application', 'JDR et eros vestibulum ac est lacinia nisi venenatis tristique fusce congue'),
(616, 'JDR Reduced regional software', 'JDR porttitor pede justo eu massa donec dapibus duis at velit eu est congue elementum in'),
(617, 'JDR Switchable attitude-oriented middleware', 'JDR ac leo pellentesque ultrices mattis odio donec vitae nisi nam ultrices libero non mattis pulvinar nulla pede ullamcorper'),
(618, 'JDR Total modular synergy', 'JDR in hac habitasse platea dictumst morbi vestibulum velit id pretium iaculis diam erat fermentum justo nec condimentum'),
(619, 'JDR Optimized didactic functionalities', 'JDR posuere cubilia curae mauris viverra diam vitae quam suspendisse potenti nullam porttitor lacus at turpis donec posuere metus vitae ipsum'),
(620, 'JDR Object-based full-range help-desk', 'JDR euismod scelerisque quam turpis adipiscing lorem vitae mattis nibh ligula nec sem'),
(621, 'JDR Mandatory stable extranet', 'JDR arcu adipiscing molestie hendrerit at vulputate vitae nisl aenean lectus pellentesque'),
(622, 'JDR Innovative non-volatile contingency', 'JDR at feugiat non pretium quis lectus suspendisse potenti in eleifend quam a odio in hac habitasse platea dictumst maecenas ut'),
(623, 'JDR Implemented explicit time-frame', 'JDR ut massa volutpat convallis morbi odio odio elementum eu interdum eu tincidunt in leo maecenas pulvinar'),
(624, 'JDR Re-engineered empowering solution', 'JDR sapien a libero nam dui proin leo odio porttitor id consequat in consequat ut nulla'),
(625, 'JDR Phased demand-driven core', 'JDR laoreet ut rhoncus aliquet pulvinar sed nisl nunc rhoncus dui vel'),
(626, 'JDR Operative clear-thinking policy', 'JDR sit amet turpis elementum ligula vehicula consequat morbi a ipsum integer a nibh in quis justo maecenas'),
(627, 'JDR Assimilated 5th generation infrastructure', 'JDR donec semper sapien a libero nam dui proin leo odio porttitor id consequat in consequat ut nulla sed accumsan felis'),
(628, 'JDR Focused human-resource complexity', 'JDR nec nisi vulputate nonummy maecenas tincidunt lacus at velit vivamus vel nulla eget eros elementum'),
(629, 'JDR Advanced leading edge time-frame', 'JDR ut dolor morbi vel lectus in quam fringilla rhoncus mauris enim leo rhoncus sed vestibulum'),
(630, 'JDR Customizable 3rd generation function', 'JDR justo maecenas rhoncus aliquam lacus morbi quis tortor id nulla ultrices aliquet maecenas leo odio condimentum'),
(631, 'JDR Customer-focused systemic utilisation', 'JDR vestibulum sit amet cursus id turpis integer aliquet massa id lobortis convallis tortor risus dapibus augue vel accumsan tellus'),
(632, 'JDR Profound secondary superstructure', 'JDR pede ac diam cras pellentesque volutpat dui maecenas tristique est et tempus semper est quam pharetra'),
(633, 'JDR Optional stable protocol', 'JDR donec ut dolor morbi vel lectus in quam fringilla rhoncus mauris enim leo rhoncus sed vestibulum sit'),
(634, 'JDR De-engineered local service-desk', 'JDR nullam porttitor lacus at turpis donec posuere metus vitae ipsum aliquam non mauris'),
(635, 'JDR Organized 6th generation task-force', 'JDR hac habitasse platea dictumst morbi vestibulum velit id pretium iaculis diam'),
(636, 'JDR Devolved tangible contingency', 'JDR in tempus sit amet sem fusce consequat nulla nisl nunc nisl duis bibendum felis sed'),
(637, 'JDR Multi-channelled static core', 'JDR duis bibendum morbi non quam nec dui luctus rutrum nulla'),
(638, 'JDR Multi-tiered uniform algorithm', 'JDR ornare imperdiet sapien urna pretium nisl ut volutpat sapien arcu sed augue aliquam erat volutpat in congue etiam'),
(639, 'JDR Organic content-based portal', 'JDR sit amet nunc viverra dapibus nulla suscipit ligula in lacus curabitur at ipsum ac tellus semper interdum mauris ullamcorper purus'),
(640, 'JDR Cross-group value-added synergy', 'JDR consectetuer adipiscing elit proin risus praesent lectus vestibulum quam sapien varius ut blandit non interdum in ante'),
(641, 'JDR Enhanced hybrid collaboration', 'JDR faucibus orci luctus et ultrices posuere cubilia curae duis faucibus accumsan odio curabitur convallis duis consequat dui'),
(642, 'JDR Face to face multi-state forecast', 'JDR non pretium quis lectus suspendisse potenti in eleifend quam a odio in hac habitasse platea dictumst maecenas ut massa'),
(643, 'JDR Right-sized impactful algorithm', 'JDR cras non velit nec nisi vulputate nonummy maecenas tincidunt lacus at'),
(644, 'JDR Object-based discrete migration', 'JDR neque libero convallis eget eleifend luctus ultricies eu nibh quisque id justo sit amet sapien dignissim vestibulum vestibulum ante'),
(645, 'JDR Quality-focused reciprocal process improvement', 'JDR fermentum donec ut mauris eget massa tempor convallis nulla neque libero convallis eget eleifend luctus ultricies eu nibh'),
(646, 'JDR Monitored national service-desk', 'JDR pede malesuada in imperdiet et commodo vulputate justo in blandit ultrices enim lorem ipsum dolor sit amet'),
(647, 'JDR Profit-focused content-based flexibility', 'JDR vel ipsum praesent blandit lacinia erat vestibulum sed magna at nunc commodo placerat praesent'),
(648, 'JDR Multi-layered scalable database', 'JDR nisl venenatis lacinia aenean sit amet justo morbi ut odio cras mi pede malesuada in imperdiet et commodo vulputate justo'),
(649, 'JDR Versatile optimizing knowledge base', 'JDR integer ac leo pellentesque ultrices mattis odio donec vitae nisi nam ultrices libero non mattis pulvinar'),
(650, 'JDR Fully-configurable dynamic moderator', 'JDR suspendisse potenti cras in purus eu magna vulputate luctus cum sociis natoque penatibus et magnis dis parturient montes'),
(651, 'JDR Public-key impactful definition', 'JDR ultrices aliquet maecenas leo odio condimentum id luctus nec molestie sed justo pellentesque viverra pede ac'),
(652, 'JDR Upgradable bifurcated collaboration', 'JDR justo maecenas rhoncus aliquam lacus morbi quis tortor id nulla ultrices aliquet maecenas leo odio condimentum id luctus'),
(653, 'JDR Multi-tiered radical algorithm', 'JDR donec ut mauris eget massa tempor convallis nulla neque libero convallis eget eleifend luctus ultricies eu nibh quisque'),
(654, 'JDR Assimilated holistic neural-net', 'JDR eget eros elementum pellentesque quisque porta volutpat erat quisque erat eros viverra eget congue eget semper rutrum'),
(655, 'JDR Object-based client-driven model', 'JDR nisi vulputate nonummy maecenas tincidunt lacus at velit vivamus vel'),
(656, 'JDR Upgradable asynchronous productivity', 'JDR sit amet consectetuer adipiscing elit proin interdum mauris non ligula pellentesque'),
(657, 'JDR Polarised 24/7 open architecture', 'JDR justo sollicitudin ut suscipit a feugiat et eros vestibulum ac est lacinia'),
(658, 'JDR Front-line actuating forecast', 'JDR metus aenean fermentum donec ut mauris eget massa tempor convallis nulla neque libero convallis eget'),
(659, 'JDR Synchronised grid-enabled productivity', 'JDR quisque id justo sit amet sapien dignissim vestibulum vestibulum ante ipsum primis in faucibus orci luctus et ultrices posuere'),
(660, 'JDR Object-based background infrastructure', 'JDR pulvinar nulla pede ullamcorper augue a suscipit nulla elit ac nulla sed vel enim sit amet nunc viverra dapibus'),
(661, 'JDR Profound user-facing secured line', 'JDR molestie hendrerit at vulputate vitae nisl aenean lectus pellentesque eget'),
(662, 'JDR Upgradable next generation model', 'JDR dolor sit amet consectetuer adipiscing elit proin risus praesent lectus'),
(663, 'JDR Versatile clear-thinking open system', 'JDR lorem vitae mattis nibh ligula nec sem duis aliquam convallis nunc'),
(664, 'JDR Implemented scalable firmware', 'JDR justo morbi ut odio cras mi pede malesuada in imperdiet et'),
(665, 'JDR Progressive background forecast', 'JDR id massa id nisl venenatis lacinia aenean sit amet justo morbi ut odio cras mi pede malesuada in'),
(666, 'JDR Organic even-keeled website', 'JDR ac nibh fusce lacus purus aliquet at feugiat non pretium quis lectus suspendisse potenti in eleifend quam a odio'),
(667, 'JDR Virtual homogeneous access', 'JDR aliquet ultrices erat tortor sollicitudin mi sit amet lobortis sapien sapien non');
INSERT INTO `infos` (`id_infos`, `name_infos`, `description_infos`) VALUES
(668, 'JDR Operative homogeneous database', 'JDR ante nulla justo aliquam quis turpis eget elit sodales scelerisque mauris sit amet'),
(669, 'JDR Centralized systematic benchmark', 'JDR mauris enim leo rhoncus sed vestibulum sit amet cursus id turpis integer aliquet massa id lobortis convallis tortor risus'),
(670, 'JDR Polarised discrete focus group', 'JDR aenean fermentum donec ut mauris eget massa tempor convallis nulla neque libero convallis'),
(671, 'JDR Total coherent time-frame', 'JDR etiam justo etiam pretium iaculis justo in hac habitasse platea dictumst etiam faucibus cursus'),
(672, 'JDR Profit-focused systemic open architecture', 'JDR integer a nibh in quis justo maecenas rhoncus aliquam lacus morbi'),
(673, 'JDR Robust well-modulated collaboration', 'JDR eros elementum pellentesque quisque porta volutpat erat quisque erat eros viverra eget'),
(674, 'JDR Cross-group 24/7 capability', 'JDR neque sapien placerat ante nulla justo aliquam quis turpis eget'),
(675, 'JDR Robust coherent migration', 'JDR non quam nec dui luctus rutrum nulla tellus in sagittis dui vel'),
(676, 'JDR Diverse executive concept', 'JDR integer pede justo lacinia eget tincidunt eget tempus vel pede morbi porttitor lorem id ligula suspendisse ornare'),
(677, 'JDR Triple-buffered attitude-oriented functionalities', 'JDR vitae mattis nibh ligula nec sem duis aliquam convallis nunc'),
(678, 'JDR Balanced modular standardization', 'JDR proin eu mi nulla ac enim in tempor turpis nec euismod scelerisque quam turpis adipiscing lorem vitae'),
(679, 'JDR Innovative heuristic knowledge user', 'JDR nam congue risus semper porta volutpat quam pede lobortis ligula sit amet eleifend pede libero quis orci nullam molestie'),
(680, 'JDR Upgradable exuding database', 'JDR eget nunc donec quis orci eget orci vehicula condimentum curabitur in libero ut massa volutpat convallis'),
(681, 'JDR Managed demand-driven product', 'JDR ipsum primis in faucibus orci luctus et ultrices posuere cubilia curae donec pharetra magna vestibulum aliquet'),
(682, 'JDR Persevering zero defect hierarchy', 'JDR libero rutrum ac lobortis vel dapibus at diam nam tristique tortor eu pede'),
(683, 'JDR Secured maximized knowledge user', 'JDR ut rhoncus aliquet pulvinar sed nisl nunc rhoncus dui vel sem'),
(684, 'JDR Innovative multimedia interface', 'JDR nisi volutpat eleifend donec ut dolor morbi vel lectus in quam fringilla rhoncus'),
(685, 'JDR Face to face background emulation', 'JDR amet consectetuer adipiscing elit proin risus praesent lectus vestibulum quam sapien varius ut blandit non interdum in ante vestibulum'),
(686, 'JDR Automated analyzing help-desk', 'JDR diam cras pellentesque volutpat dui maecenas tristique est et tempus semper est quam pharetra'),
(687, 'JDR Digitized content-based array', 'JDR metus vitae ipsum aliquam non mauris morbi non lectus aliquam sit amet diam in magna bibendum'),
(688, 'JDR Total holistic process improvement', 'JDR pretium quis lectus suspendisse potenti in eleifend quam a odio in hac habitasse'),
(689, 'JDR Realigned content-based encoding', 'JDR nibh fusce lacus purus aliquet at feugiat non pretium quis lectus suspendisse potenti in eleifend quam a odio in'),
(690, 'JDR Public-key even-keeled data-warehouse', 'JDR urna pretium nisl ut volutpat sapien arcu sed augue aliquam erat volutpat in congue etiam justo etiam pretium iaculis justo'),
(691, 'JDR Monitored intermediate alliance', 'JDR cubilia curae donec pharetra magna vestibulum aliquet ultrices erat tortor sollicitudin mi sit amet lobortis'),
(692, 'JDR Exclusive optimizing solution', 'JDR pede ac diam cras pellentesque volutpat dui maecenas tristique est et tempus semper est'),
(693, 'JDR Fully-configurable zero administration superstructure', 'JDR proin risus praesent lectus vestibulum quam sapien varius ut blandit non interdum'),
(694, 'JDR Distributed executive moratorium', 'JDR velit eu est congue elementum in hac habitasse platea dictumst morbi vestibulum velit'),
(695, 'JDR Re-contextualized system-worthy utilisation', 'JDR nulla ut erat id mauris vulputate elementum nullam varius nulla facilisi cras non velit nec nisi vulputate nonummy maecenas tincidunt'),
(696, 'JDR Organic cohesive portal', 'JDR est risus auctor sed tristique in tempus sit amet sem fusce consequat'),
(697, 'JDR Automated client-server strategy', 'JDR interdum eu tincidunt in leo maecenas pulvinar lobortis est phasellus sit amet erat nulla tempus vivamus in felis'),
(698, 'JDR Down-sized 3rd generation software', 'JDR orci luctus et ultrices posuere cubilia curae duis faucibus accumsan odio curabitur convallis duis consequat dui nec'),
(699, 'JDR Fully-configurable holistic complexity', 'JDR pede malesuada in imperdiet et commodo vulputate justo in blandit ultrices enim lorem ipsum dolor'),
(700, 'JDR Pre-emptive clear-thinking policy', 'JDR id mauris vulputate elementum nullam varius nulla facilisi cras non velit nec nisi vulputate nonummy maecenas tincidunt lacus at velit'),
(701, 'JDR Configurable multi-tasking benchmark', 'JDR ipsum integer a nibh in quis justo maecenas rhoncus aliquam lacus morbi quis tortor id nulla ultrices aliquet maecenas leo'),
(702, 'JDR Re-contextualized scalable framework', 'JDR vel accumsan tellus nisi eu orci mauris lacinia sapien quis libero nullam sit amet turpis elementum ligula'),
(703, 'JDR Focused executive leverage', 'JDR nibh ligula nec sem duis aliquam convallis nunc proin at turpis a'),
(704, 'JDR Decentralized regional concept', 'JDR volutpat in congue etiam justo etiam pretium iaculis justo in hac habitasse'),
(705, 'JDR Phased methodical ability', 'JDR platea dictumst maecenas ut massa quis augue luctus tincidunt nulla mollis molestie'),
(706, 'JDR Pre-emptive 24 hour encoding', 'JDR elementum eu interdum eu tincidunt in leo maecenas pulvinar lobortis est phasellus sit'),
(707, 'JDR Right-sized high-level utilisation', 'JDR eget congue eget semper rutrum nulla nunc purus phasellus in felis donec semper'),
(708, 'JDR Inverse 24/7 flexibility', 'JDR ut erat id mauris vulputate elementum nullam varius nulla facilisi cras non velit nec nisi vulputate nonummy maecenas tincidunt'),
(709, 'JDR Automated 24 hour benchmark', 'JDR vel pede morbi porttitor lorem id ligula suspendisse ornare consequat lectus in est risus auctor sed tristique in'),
(710, 'JDR Multi-channelled upward-trending orchestration', 'JDR morbi odio odio elementum eu interdum eu tincidunt in leo maecenas pulvinar'),
(711, 'JDR De-engineered radical database', 'JDR libero non mattis pulvinar nulla pede ullamcorper augue a suscipit nulla elit ac nulla sed vel enim'),
(712, 'JDR Enhanced needs-based application', 'JDR ipsum primis in faucibus orci luctus et ultrices posuere cubilia curae mauris viverra'),
(713, 'JDR Adaptive human-resource synergy', 'JDR turpis sed ante vivamus tortor duis mattis egestas metus aenean fermentum donec ut mauris eget massa'),
(714, 'JDR Multi-layered multi-tasking instruction set', 'JDR nulla integer pede justo lacinia eget tincidunt eget tempus vel pede morbi porttitor'),
(715, 'JDR Quality-focused web-enabled migration', 'JDR id justo sit amet sapien dignissim vestibulum vestibulum ante ipsum'),
(716, 'JDR Enhanced well-modulated capacity', 'JDR est donec odio justo sollicitudin ut suscipit a feugiat et eros vestibulum ac est'),
(717, 'JDR Multi-layered 24 hour open system', 'JDR dictumst etiam faucibus cursus urna ut tellus nulla ut erat id mauris vulputate elementum nullam'),
(718, 'JDR Multi-channelled fresh-thinking structure', 'JDR sapien in sapien iaculis congue vivamus metus arcu adipiscing molestie hendrerit'),
(719, 'JDR Compatible global open system', 'JDR fusce congue diam id ornare imperdiet sapien urna pretium nisl ut volutpat sapien'),
(720, 'JDR Secured composite success', 'JDR erat vestibulum sed magna at nunc commodo placerat praesent blandit nam nulla integer'),
(721, 'JDR Profound heuristic Graphic Interface', 'JDR sapien placerat ante nulla justo aliquam quis turpis eget elit'),
(722, 'JDR Extended multi-state encryption', 'JDR vitae nisl aenean lectus pellentesque eget nunc donec quis orci eget orci vehicula condimentum'),
(723, 'JDR Virtual systemic customer loyalty', 'JDR mi in porttitor pede justo eu massa donec dapibus duis'),
(724, 'JDR Intuitive mission-critical intranet', 'JDR est risus auctor sed tristique in tempus sit amet sem fusce consequat nulla nisl nunc nisl duis bibendum'),
(725, 'JDR Fundamental content-based parallelism', 'JDR a odio in hac habitasse platea dictumst maecenas ut massa'),
(726, 'JDR Multi-layered leading edge attitude', 'JDR augue a suscipit nulla elit ac nulla sed vel enim'),
(727, 'JDR Triple-buffered mobile budgetary management', 'JDR nisi volutpat eleifend donec ut dolor morbi vel lectus in quam fringilla rhoncus mauris enim leo rhoncus sed vestibulum'),
(728, 'JDR Triple-buffered asymmetric application', 'JDR mauris laoreet ut rhoncus aliquet pulvinar sed nisl nunc rhoncus dui vel'),
(729, 'JDR Realigned non-volatile utilisation', 'JDR viverra eget congue eget semper rutrum nulla nunc purus phasellus in felis donec semper sapien'),
(730, 'JDR Expanded discrete architecture', 'JDR cubilia curae donec pharetra magna vestibulum aliquet ultrices erat tortor sollicitudin mi sit amet lobortis'),
(731, 'JDR Cloned eco-centric orchestration', 'JDR lectus suspendisse potenti in eleifend quam a odio in hac habitasse platea dictumst maecenas ut massa quis augue luctus'),
(732, 'JDR Robust composite artificial intelligence', 'JDR ullamcorper purus sit amet nulla quisque arcu libero rutrum ac lobortis vel'),
(733, 'JDR Grass-roots next generation concept', 'JDR nibh quisque id justo sit amet sapien dignissim vestibulum vestibulum ante ipsum'),
(734, 'JDR Open-architected regional benchmark', 'JDR nec molestie sed justo pellentesque viverra pede ac diam cras'),
(735, 'JDR Down-sized maximized workforce', 'JDR sed magna at nunc commodo placerat praesent blandit nam nulla integer pede'),
(736, 'JDR Programmable intermediate implementation', 'JDR mauris vulputate elementum nullam varius nulla facilisi cras non velit nec nisi vulputate nonummy maecenas tincidunt'),
(737, 'JDR Triple-buffered content-based array', 'JDR lacus morbi sem mauris laoreet ut rhoncus aliquet pulvinar sed nisl nunc rhoncus'),
(738, 'JDR Universal explicit product', 'JDR platea dictumst morbi vestibulum velit id pretium iaculis diam erat fermentum justo nec condimentum neque'),
(739, 'JDR Innovative modular projection', 'JDR quis odio consequat varius integer ac leo pellentesque ultrices mattis'),
(740, 'JDR Cross-platform zero tolerance frame', 'JDR tristique fusce congue diam id ornare imperdiet sapien urna pretium nisl ut volutpat sapien arcu sed augue aliquam erat volutpat'),
(741, 'JDR Multi-channelled tangible service-desk', 'JDR in magna bibendum imperdiet nullam orci pede venenatis non sodales sed tincidunt eu felis fusce posuere felis sed lacus morbi'),
(742, 'JDR User-centric zero tolerance data-warehouse', 'JDR nullam sit amet turpis elementum ligula vehicula consequat morbi a ipsum integer a nibh in quis justo maecenas rhoncus aliquam'),
(743, 'JDR Ergonomic bottom-line matrices', 'JDR sit amet consectetuer adipiscing elit proin risus praesent lectus vestibulum quam sapien varius ut blandit non interdum in'),
(744, 'JDR Adaptive neutral forecast', 'JDR nec sem duis aliquam convallis nunc proin at turpis a pede posuere'),
(745, 'JDR Customizable encompassing support', 'JDR morbi sem mauris laoreet ut rhoncus aliquet pulvinar sed nisl nunc rhoncus dui vel sem sed sagittis nam congue'),
(746, 'JDR Cross-platform bifurcated moderator', 'JDR augue vestibulum ante ipsum primis in faucibus orci luctus et ultrices posuere cubilia curae'),
(747, 'JDR User-friendly didactic superstructure', 'JDR ante vestibulum ante ipsum primis in faucibus orci luctus et ultrices posuere cubilia curae'),
(748, 'JDR Cross-group client-driven flexibility', 'JDR eros suspendisse accumsan tortor quis turpis sed ante vivamus tortor duis'),
(749, 'JDR Innovative web-enabled collaboration', 'JDR maecenas rhoncus aliquam lacus morbi quis tortor id nulla ultrices aliquet maecenas leo odio condimentum id luctus'),
(750, 'JDR Polarised intangible superstructure', 'JDR nulla nunc purus phasellus in felis donec semper sapien a libero nam'),
(751, 'JDR Object-based transitional complexity', 'JDR morbi ut odio cras mi pede malesuada in imperdiet et commodo'),
(752, 'JDR Realigned secondary alliance', 'JDR nec sem duis aliquam convallis nunc proin at turpis a pede posuere nonummy'),
(753, 'JDR Re-contextualized logistical paradigm', 'JDR augue luctus tincidunt nulla mollis molestie lorem quisque ut erat curabitur gravida'),
(754, 'JDR Innovative zero tolerance budgetary management', 'JDR metus aenean fermentum donec ut mauris eget massa tempor convallis nulla neque libero convallis eget'),
(755, 'JDR Business-focused discrete framework', 'JDR velit nec nisi vulputate nonummy maecenas tincidunt lacus at velit vivamus'),
(756, 'JDR Devolved asymmetric hierarchy', 'JDR nam dui proin leo odio porttitor id consequat in consequat ut nulla sed accumsan felis ut at dolor'),
(757, 'JDR Managed local collaboration', 'JDR ac nibh fusce lacus purus aliquet at feugiat non pretium quis lectus suspendisse potenti'),
(758, 'JDR Public-key eco-centric utilisation', 'JDR feugiat et eros vestibulum ac est lacinia nisi venenatis tristique fusce congue diam id ornare imperdiet sapien urna pretium'),
(759, 'JDR De-engineered 5th generation throughput', 'JDR eget nunc donec quis orci eget orci vehicula condimentum curabitur in'),
(760, 'JDR Customer-focused systemic alliance', 'JDR justo eu massa donec dapibus duis at velit eu est congue elementum in hac habitasse platea'),
(761, 'JDR Business-focused object-oriented moratorium', 'JDR dui luctus rutrum nulla tellus in sagittis dui vel nisl'),
(762, 'JDR Compatible dedicated implementation', 'JDR neque sapien placerat ante nulla justo aliquam quis turpis eget elit sodales scelerisque mauris sit amet eros suspendisse accumsan tortor'),
(763, 'JDR Vision-oriented cohesive service-desk', 'JDR eu nibh quisque id justo sit amet sapien dignissim vestibulum vestibulum ante ipsum primis'),
(764, 'JDR Organized high-level attitude', 'JDR molestie nibh in lectus pellentesque at nulla suspendisse potenti cras in purus eu'),
(765, 'JDR Streamlined intermediate installation', 'JDR nulla eget eros elementum pellentesque quisque porta volutpat erat quisque erat eros viverra eget congue eget semper rutrum'),
(766, 'JDR Inverse intermediate migration', 'JDR natoque penatibus et magnis dis parturient montes nascetur ridiculus mus etiam vel'),
(767, 'JDR Centralized analyzing data-warehouse', 'JDR dolor morbi vel lectus in quam fringilla rhoncus mauris enim leo rhoncus sed vestibulum'),
(768, 'JDR Implemented demand-driven monitoring', 'JDR orci luctus et ultrices posuere cubilia curae mauris viverra diam vitae quam suspendisse potenti nullam porttitor lacus'),
(769, 'JDR Customer-focused 6th generation matrix', 'JDR malesuada in imperdiet et commodo vulputate justo in blandit ultrices enim lorem ipsum dolor sit amet consectetuer adipiscing'),
(770, 'JDR Integrated multi-state support', 'JDR velit vivamus vel nulla eget eros elementum pellentesque quisque porta volutpat erat quisque erat eros viverra eget congue'),
(771, 'JDR Front-line demand-driven service-desk', 'JDR eu est congue elementum in hac habitasse platea dictumst morbi vestibulum velit id pretium iaculis'),
(772, 'JDR Front-line leading edge hardware', 'JDR nisl nunc nisl duis bibendum felis sed interdum venenatis turpis enim blandit mi in porttitor pede justo'),
(773, 'JDR Re-contextualized regional core', 'JDR amet turpis elementum ligula vehicula consequat morbi a ipsum integer a nibh in quis justo maecenas rhoncus aliquam lacus'),
(774, 'JDR De-engineered cohesive complexity', 'JDR habitasse platea dictumst etiam faucibus cursus urna ut tellus nulla ut'),
(775, 'JDR Triple-buffered 4th generation service-desk', 'JDR nulla ac enim in tempor turpis nec euismod scelerisque quam turpis adipiscing lorem vitae mattis'),
(776, 'JDR Sharable object-oriented complexity', 'JDR eget eleifend luctus ultricies eu nibh quisque id justo sit amet sapien dignissim vestibulum vestibulum ante ipsum'),
(777, 'JDR Re-engineered dedicated process improvement', 'JDR sed magna at nunc commodo placerat praesent blandit nam nulla integer pede justo lacinia eget tincidunt'),
(778, 'JDR Object-based real-time neural-net', 'JDR vitae mattis nibh ligula nec sem duis aliquam convallis nunc proin at turpis a pede'),
(779, 'JDR Multi-lateral optimizing frame', 'JDR aliquet at feugiat non pretium quis lectus suspendisse potenti in eleifend quam a odio in hac habitasse'),
(780, 'JDR Up-sized 6th generation contingency', 'JDR ut blandit non interdum in ante vestibulum ante ipsum primis in faucibus orci luctus'),
(781, 'JDR Quality-focused bandwidth-monitored open system', 'JDR nullam sit amet turpis elementum ligula vehicula consequat morbi a ipsum integer a nibh in quis justo maecenas rhoncus'),
(782, 'JDR Intuitive interactive productivity', 'JDR erat fermentum justo nec condimentum neque sapien placerat ante nulla justo aliquam quis turpis eget elit sodales'),
(783, 'JDR Ameliorated explicit forecast', 'JDR tristique fusce congue diam id ornare imperdiet sapien urna pretium nisl ut volutpat sapien arcu sed augue aliquam'),
(784, 'JDR Integrated reciprocal contingency', 'JDR dolor morbi vel lectus in quam fringilla rhoncus mauris enim leo rhoncus sed'),
(785, 'JDR Assimilated full-range circuit', 'JDR donec pharetra magna vestibulum aliquet ultrices erat tortor sollicitudin mi sit amet lobortis sapien sapien'),
(786, 'JDR Right-sized leading edge productivity', 'JDR etiam vel augue vestibulum rutrum rutrum neque aenean auctor gravida sem praesent id massa id nisl venenatis lacinia aenean'),
(787, 'JDR Organic explicit solution', 'JDR nonummy integer non velit donec diam neque vestibulum eget vulputate ut ultrices vel'),
(788, 'JDR De-engineered bottom-line orchestration', 'JDR posuere cubilia curae mauris viverra diam vitae quam suspendisse potenti'),
(789, 'JDR Re-contextualized uniform frame', 'JDR interdum venenatis turpis enim blandit mi in porttitor pede justo eu massa donec dapibus duis at'),
(790, 'JDR De-engineered coherent interface', 'JDR eu felis fusce posuere felis sed lacus morbi sem mauris laoreet'),
(791, 'JDR Progressive analyzing strategy', 'JDR justo eu massa donec dapibus duis at velit eu est congue elementum'),
(792, 'JDR Operative eco-centric encryption', 'JDR ipsum dolor sit amet consectetuer adipiscing elit proin risus praesent lectus'),
(793, 'JDR Devolved fault-tolerant encryption', 'JDR in est risus auctor sed tristique in tempus sit amet sem fusce consequat nulla nisl nunc nisl duis'),
(794, 'JDR Pre-emptive background flexibility', 'JDR nulla integer pede justo lacinia eget tincidunt eget tempus vel pede'),
(795, 'JDR Organic optimizing groupware', 'JDR justo aliquam quis turpis eget elit sodales scelerisque mauris sit amet eros suspendisse accumsan tortor quis turpis'),
(796, 'JDR Synergistic full-range attitude', 'JDR aliquam sit amet diam in magna bibendum imperdiet nullam orci pede venenatis non sodales sed tincidunt eu'),
(797, 'JDR Seamless zero administration artificial intelligence', 'JDR felis eu sapien cursus vestibulum proin eu mi nulla ac enim in tempor turpis nec euismod scelerisque quam'),
(798, 'JDR Reduced tertiary moratorium', 'JDR sapien in sapien iaculis congue vivamus metus arcu adipiscing molestie hendrerit at vulputate vitae nisl aenean lectus pellentesque eget'),
(799, 'JDR Expanded didactic forecast', 'JDR interdum venenatis turpis enim blandit mi in porttitor pede justo eu massa donec dapibus'),
(800, 'JDR Down-sized analyzing toolset', 'JDR donec dapibus duis at velit eu est congue elementum in hac habitasse platea'),
(801, 'JDR Quality-focused 24 hour task-force', 'JDR fusce consequat nulla nisl nunc nisl duis bibendum felis sed interdum venenatis turpis enim blandit mi in'),
(802, 'JDR Business-focused non-volatile algorithm', 'JDR neque libero convallis eget eleifend luctus ultricies eu nibh quisque id justo sit'),
(803, 'JDR Total real-time leverage', 'JDR nec sem duis aliquam convallis nunc proin at turpis a pede posuere nonummy integer non velit donec diam neque'),
(804, 'JDR Cloned non-volatile time-frame', 'JDR ipsum aliquam non mauris morbi non lectus aliquam sit amet diam in magna bibendum imperdiet nullam orci pede'),
(805, 'JDR Progressive 24/7 superstructure', 'JDR nunc proin at turpis a pede posuere nonummy integer non velit donec diam neque vestibulum eget vulputate ut ultrices'),
(806, 'JDR Focused systematic extranet', 'JDR lacinia erat vestibulum sed magna at nunc commodo placerat praesent blandit nam'),
(807, 'JDR Vision-oriented intermediate attitude', 'JDR nulla tellus in sagittis dui vel nisl duis ac nibh'),
(808, 'JDR Sharable coherent functionalities', 'JDR lorem quisque ut erat curabitur gravida nisi at nibh in hac habitasse platea dictumst aliquam augue'),
(809, 'JDR Customer-focused reciprocal knowledge base', 'JDR in imperdiet et commodo vulputate justo in blandit ultrices enim lorem ipsum dolor sit amet consectetuer adipiscing elit'),
(810, 'JDR Open-source static strategy', 'JDR lorem ipsum dolor sit amet consectetuer adipiscing elit proin interdum mauris non ligula pellentesque ultrices'),
(811, 'JDR Phased hybrid solution', 'JDR accumsan odio curabitur convallis duis consequat dui nec nisi volutpat eleifend donec ut dolor morbi vel'),
(812, 'JDR Compatible attitude-oriented function', 'JDR erat curabitur gravida nisi at nibh in hac habitasse platea dictumst aliquam augue quam sollicitudin'),
(813, 'JDR Multi-tiered stable frame', 'JDR in faucibus orci luctus et ultrices posuere cubilia curae duis faucibus accumsan odio curabitur convallis duis consequat'),
(814, 'JDR De-engineered systematic internet solution', 'JDR placerat praesent blandit nam nulla integer pede justo lacinia eget tincidunt'),
(815, 'JDR Synergized actuating hardware', 'JDR ligula sit amet eleifend pede libero quis orci nullam molestie nibh in lectus pellentesque at'),
(816, 'JDR Polarised transitional forecast', 'JDR sapien sapien non mi integer ac neque duis bibendum morbi non quam nec dui luctus'),
(817, 'JDR Diverse methodical groupware', 'JDR metus vitae ipsum aliquam non mauris morbi non lectus aliquam sit amet diam in magna'),
(818, 'JDR Streamlined fresh-thinking leverage', 'JDR commodo placerat praesent blandit nam nulla integer pede justo lacinia eget tincidunt'),
(819, 'JDR Reduced non-volatile projection', 'JDR mauris ullamcorper purus sit amet nulla quisque arcu libero rutrum ac lobortis vel dapibus at'),
(820, 'JDR Stand-alone attitude-oriented Graphical User Interface', 'JDR pharetra magna ac consequat metus sapien ut nunc vestibulum ante ipsum primis in faucibus orci luctus'),
(821, 'JDR Synchronised discrete architecture', 'JDR sed accumsan felis ut at dolor quis odio consequat varius integer ac leo pellentesque ultrices mattis odio donec'),
(822, 'JDR Future-proofed directional workforce', 'JDR congue eget semper rutrum nulla nunc purus phasellus in felis donec semper sapien a libero nam dui proin leo'),
(823, 'JDR Intuitive human-resource model', 'JDR non mattis pulvinar nulla pede ullamcorper augue a suscipit nulla elit ac nulla sed vel enim sit amet'),
(824, 'JDR Business-focused dedicated archive', 'JDR luctus nec molestie sed justo pellentesque viverra pede ac diam cras pellentesque volutpat dui maecenas tristique est et'),
(825, 'JDR Profound full-range policy', 'JDR ultrices mattis odio donec vitae nisi nam ultrices libero non mattis pulvinar nulla pede'),
(826, 'JDR Reduced bifurcated leverage', 'JDR quam nec dui luctus rutrum nulla tellus in sagittis dui'),
(827, 'JDR Exclusive reciprocal ability', 'JDR hac habitasse platea dictumst maecenas ut massa quis augue luctus tincidunt nulla'),
(828, 'JDR Seamless clear-thinking system engine', 'JDR ut odio cras mi pede malesuada in imperdiet et commodo vulputate justo in blandit ultrices enim lorem ipsum'),
(829, 'JDR Object-based mobile hub', 'JDR amet consectetuer adipiscing elit proin interdum mauris non ligula pellentesque ultrices phasellus'),
(830, 'JDR Re-contextualized user-facing encoding', 'JDR mus etiam vel augue vestibulum rutrum rutrum neque aenean auctor gravida sem praesent id massa id'),
(831, 'JDR Stand-alone background task-force', 'JDR id nulla ultrices aliquet maecenas leo odio condimentum id luctus nec molestie sed justo pellentesque viverra pede ac'),
(832, 'JDR Mandatory bottom-line conglomeration', 'JDR at nulla suspendisse potenti cras in purus eu magna vulputate luctus cum sociis natoque penatibus et magnis dis parturient montes'),
(833, 'JDR User-centric 24/7 budgetary management', 'JDR blandit non interdum in ante vestibulum ante ipsum primis in faucibus orci luctus et'),
(834, 'JDR Business-focused value-added solution', 'JDR accumsan felis ut at dolor quis odio consequat varius integer ac leo'),
(835, 'JDR Visionary holistic benchmark', 'JDR integer aliquet massa id lobortis convallis tortor risus dapibus augue vel'),
(836, 'JDR Synergistic 3rd generation paradigm', 'JDR in sagittis dui vel nisl duis ac nibh fusce lacus purus aliquet at feugiat non pretium quis lectus suspendisse'),
(837, 'JDR Ergonomic optimal functionalities', 'JDR sem praesent id massa id nisl venenatis lacinia aenean sit amet justo morbi ut odio cras mi pede'),
(838, 'JDR Multi-layered grid-enabled contingency', 'JDR libero quis orci nullam molestie nibh in lectus pellentesque at nulla suspendisse potenti cras in purus eu magna vulputate'),
(839, 'JDR Multi-layered impactful instruction set', 'JDR scelerisque quam turpis adipiscing lorem vitae mattis nibh ligula nec sem duis aliquam convallis nunc proin at turpis'),
(840, 'JDR Multi-channelled client-driven instruction set', 'JDR eleifend pede libero quis orci nullam molestie nibh in lectus pellentesque'),
(841, 'JDR Reverse-engineered context-sensitive utilisation', 'JDR ipsum ac tellus semper interdum mauris ullamcorper purus sit amet nulla quisque'),
(842, 'JDR Future-proofed regional hierarchy', 'JDR non interdum in ante vestibulum ante ipsum primis in faucibus orci luctus et ultrices posuere cubilia curae duis faucibus'),
(843, 'JDR Reverse-engineered 24/7 workforce', 'JDR nullam sit amet turpis elementum ligula vehicula consequat morbi a ipsum integer a'),
(844, 'JDR Synergistic composite project', 'JDR ut nunc vestibulum ante ipsum primis in faucibus orci luctus et ultrices'),
(845, 'JDR Digitized needs-based extranet', 'JDR montes nascetur ridiculus mus vivamus vestibulum sagittis sapien cum sociis natoque penatibus et magnis dis'),
(846, 'JDR Inverse homogeneous matrices', 'JDR bibendum felis sed interdum venenatis turpis enim blandit mi in porttitor pede justo eu massa donec dapibus duis'),
(847, 'JDR Extended fresh-thinking Graphic Interface', 'JDR sed augue aliquam erat volutpat in congue etiam justo etiam pretium iaculis justo in hac habitasse'),
(848, 'JDR Grass-roots zero tolerance database', 'JDR lobortis est phasellus sit amet erat nulla tempus vivamus in felis'),
(849, 'JDR Object-based regional portal', 'JDR at turpis a pede posuere nonummy integer non velit donec diam neque vestibulum eget vulputate ut ultrices vel'),
(850, 'JDR Configurable executive hierarchy', 'JDR ac enim in tempor turpis nec euismod scelerisque quam turpis adipiscing lorem vitae mattis nibh ligula nec sem duis'),
(851, 'JDR De-engineered demand-driven software', 'JDR nibh quisque id justo sit amet sapien dignissim vestibulum vestibulum ante ipsum primis in faucibus orci luctus et'),
(852, 'JDR Centralized multi-tasking support', 'JDR tempus vivamus in felis eu sapien cursus vestibulum proin eu mi nulla ac enim in'),
(853, 'JDR Reduced reciprocal superstructure', 'JDR metus sapien ut nunc vestibulum ante ipsum primis in faucibus orci'),
(854, 'JDR Universal content-based flexibility', 'JDR amet consectetuer adipiscing elit proin risus praesent lectus vestibulum quam sapien varius ut blandit non interdum'),
(855, 'JDR Up-sized next generation matrices', 'JDR dui luctus rutrum nulla tellus in sagittis dui vel nisl duis ac'),
(856, 'JDR Multi-tiered neutral website', 'JDR sapien iaculis congue vivamus metus arcu adipiscing molestie hendrerit at vulputate vitae'),
(857, 'JDR Right-sized static approach', 'JDR dapibus augue vel accumsan tellus nisi eu orci mauris lacinia sapien quis libero nullam sit'),
(858, 'JDR Managed solution-oriented migration', 'JDR semper rutrum nulla nunc purus phasellus in felis donec semper sapien a libero nam dui proin leo odio porttitor id'),
(859, 'JDR Horizontal coherent groupware', 'JDR sapien dignissim vestibulum vestibulum ante ipsum primis in faucibus orci luctus et ultrices posuere cubilia curae nulla'),
(860, 'JDR Operative well-modulated neural-net', 'JDR duis aliquam convallis nunc proin at turpis a pede posuere nonummy integer non velit donec diam neque vestibulum'),
(861, 'JDR Profit-focused directional portal', 'JDR phasellus in felis donec semper sapien a libero nam dui proin leo odio porttitor id consequat in consequat'),
(862, 'JDR Ameliorated impactful system engine', 'JDR luctus tincidunt nulla mollis molestie lorem quisque ut erat curabitur gravida nisi at nibh in hac habitasse'),
(863, 'JDR Robust 24/7 internet solution', 'JDR integer ac neque duis bibendum morbi non quam nec dui luctus rutrum nulla tellus in sagittis dui vel'),
(864, 'JDR Expanded upward-trending conglomeration', 'JDR luctus rutrum nulla tellus in sagittis dui vel nisl duis ac nibh fusce lacus'),
(865, 'JDR Expanded optimizing help-desk', 'JDR elementum nullam varius nulla facilisi cras non velit nec nisi'),
(866, 'JDR Multi-channelled incremental instruction set', 'JDR ut suscipit a feugiat et eros vestibulum ac est lacinia nisi venenatis tristique fusce congue'),
(867, 'JDR Re-engineered dynamic benchmark', 'JDR ut at dolor quis odio consequat varius integer ac leo pellentesque'),
(868, 'JDR Seamless regional circuit', 'JDR sit amet lobortis sapien sapien non mi integer ac neque duis bibendum morbi non quam nec dui'),
(869, 'JDR Networked uniform local area network', 'JDR morbi a ipsum integer a nibh in quis justo maecenas rhoncus aliquam lacus'),
(870, 'JDR Right-sized global initiative', 'JDR commodo placerat praesent blandit nam nulla integer pede justo lacinia eget tincidunt eget tempus vel pede'),
(871, 'JDR Realigned dynamic complexity', 'JDR morbi a ipsum integer a nibh in quis justo maecenas rhoncus aliquam lacus morbi quis tortor id'),
(872, 'JDR Right-sized neutral hardware', 'JDR vivamus in felis eu sapien cursus vestibulum proin eu mi nulla ac enim in tempor turpis nec euismod'),
(873, 'JDR Digitized holistic matrices', 'JDR enim in tempor turpis nec euismod scelerisque quam turpis adipiscing lorem vitae mattis nibh'),
(874, 'JDR Organic multi-state benchmark', 'JDR natoque penatibus et magnis dis parturient montes nascetur ridiculus mus etiam vel augue vestibulum rutrum rutrum neque aenean auctor'),
(875, 'JDR Exclusive composite strategy', 'JDR iaculis congue vivamus metus arcu adipiscing molestie hendrerit at vulputate vitae nisl aenean lectus pellentesque eget nunc donec'),
(876, 'JDR Enterprise-wide value-added support', 'JDR in est risus auctor sed tristique in tempus sit amet sem fusce'),
(877, 'JDR Object-based 5th generation info-mediaries', 'JDR ipsum ac tellus semper interdum mauris ullamcorper purus sit amet nulla quisque'),
(878, 'JDR Expanded scalable protocol', 'JDR ullamcorper purus sit amet nulla quisque arcu libero rutrum ac lobortis vel dapibus at diam nam tristique tortor'),
(879, 'JDR Advanced grid-enabled challenge', 'JDR sollicitudin mi sit amet lobortis sapien sapien non mi integer ac neque'),
(880, 'JDR Right-sized motivating toolset', 'JDR amet eleifend pede libero quis orci nullam molestie nibh in lectus pellentesque at nulla'),
(881, 'JDR Right-sized demand-driven alliance', 'JDR varius integer ac leo pellentesque ultrices mattis odio donec vitae nisi nam ultrices libero non mattis pulvinar'),
(882, 'JDR Multi-tiered 6th generation function', 'JDR aliquam sit amet diam in magna bibendum imperdiet nullam orci'),
(883, 'JDR Decentralized dedicated migration', 'JDR tempus vivamus in felis eu sapien cursus vestibulum proin eu mi nulla ac enim in tempor turpis'),
(884, 'JDR Synergistic encompassing strategy', 'JDR habitasse platea dictumst etiam faucibus cursus urna ut tellus nulla ut erat id mauris vulputate elementum nullam'),
(885, 'JDR Object-based methodical flexibility', 'JDR mi pede malesuada in imperdiet et commodo vulputate justo in blandit ultrices enim lorem ipsum'),
(886, 'JDR Configurable user-facing orchestration', 'JDR diam erat fermentum justo nec condimentum neque sapien placerat ante nulla justo aliquam quis turpis eget elit sodales scelerisque'),
(887, 'JDR Ameliorated upward-trending definition', 'JDR convallis duis consequat dui nec nisi volutpat eleifend donec ut dolor morbi'),
(888, 'JDR Profound encompassing migration', 'JDR augue a suscipit nulla elit ac nulla sed vel enim sit'),
(889, 'JDR Programmable discrete superstructure', 'JDR in consequat ut nulla sed accumsan felis ut at dolor quis odio consequat varius'),
(890, 'JDR Balanced neutral synergy', 'JDR sodales scelerisque mauris sit amet eros suspendisse accumsan tortor quis turpis sed'),
(891, 'JDR Fully-configurable encompassing infrastructure', 'JDR vel pede morbi porttitor lorem id ligula suspendisse ornare consequat lectus in est risus auctor sed tristique in tempus sit'),
(892, 'JDR Profound web-enabled challenge', 'JDR ut tellus nulla ut erat id mauris vulputate elementum nullam varius'),
(893, 'JDR Robust regional paradigm', 'JDR maecenas rhoncus aliquam lacus morbi quis tortor id nulla ultrices'),
(894, 'JDR Mandatory homogeneous success', 'JDR maecenas tristique est et tempus semper est quam pharetra magna ac consequat metus sapien ut nunc vestibulum ante'),
(895, 'JDR Configurable fault-tolerant knowledge base', 'JDR eget nunc donec quis orci eget orci vehicula condimentum curabitur'),
(896, 'JDR Synergistic homogeneous success', 'JDR non ligula pellentesque ultrices phasellus id sapien in sapien iaculis congue vivamus metus arcu adipiscing molestie hendrerit at vulputate vitae'),
(897, 'JDR Triple-buffered optimizing local area network', 'JDR porttitor pede justo eu massa donec dapibus duis at velit eu est congue elementum in hac habitasse platea dictumst morbi'),
(898, 'JDR Cross-group tertiary service-desk', 'JDR ultricies eu nibh quisque id justo sit amet sapien dignissim vestibulum vestibulum ante ipsum primis'),
(899, 'JDR Cross-group systematic middleware', 'JDR quam turpis adipiscing lorem vitae mattis nibh ligula nec sem duis aliquam convallis nunc proin at turpis'),
(900, 'JDR Grass-roots secondary support', 'JDR commodo vulputate justo in blandit ultrices enim lorem ipsum dolor sit amet consectetuer adipiscing elit'),
(901, 'JDR Switchable transitional standardization', 'JDR mauris lacinia sapien quis libero nullam sit amet turpis elementum ligula vehicula consequat'),
(902, 'JDR Object-based user-facing contingency', 'JDR neque sapien placerat ante nulla justo aliquam quis turpis eget elit'),
(903, 'JDR Universal well-modulated local area network', 'JDR luctus ultricies eu nibh quisque id justo sit amet sapien dignissim vestibulum vestibulum ante ipsum'),
(904, 'JDR Up-sized zero administration hub', 'JDR maecenas tincidunt lacus at velit vivamus vel nulla eget eros elementum pellentesque quisque'),
(905, 'JDR Enhanced demand-driven solution', 'JDR consectetuer adipiscing elit proin risus praesent lectus vestibulum quam sapien varius'),
(906, 'JDR Re-engineered system-worthy firmware', 'JDR justo aliquam quis turpis eget elit sodales scelerisque mauris sit amet eros suspendisse accumsan tortor quis turpis sed ante vivamus'),
(907, 'JDR Organic homogeneous moderator', 'JDR lectus vestibulum quam sapien varius ut blandit non interdum in ante vestibulum ante ipsum primis in faucibus orci luctus et'),
(908, 'JDR Face to face regional portal', 'JDR pellentesque viverra pede ac diam cras pellentesque volutpat dui maecenas tristique est et tempus semper est quam pharetra'),
(909, 'JDR Open-architected empowering superstructure', 'JDR vestibulum ante ipsum primis in faucibus orci luctus et ultrices posuere cubilia curae mauris viverra diam vitae quam suspendisse potenti'),
(910, 'JDR Re-engineered clear-thinking neural-net', 'JDR libero nullam sit amet turpis elementum ligula vehicula consequat morbi a ipsum integer a nibh in quis justo'),
(911, 'JDR Cross-group 6th generation archive', 'JDR nisi at nibh in hac habitasse platea dictumst aliquam augue quam sollicitudin'),
(912, 'JDR Sharable zero administration migration', 'JDR lacinia erat vestibulum sed magna at nunc commodo placerat praesent blandit'),
(913, 'JDR Quality-focused zero tolerance moderator', 'JDR eget eros elementum pellentesque quisque porta volutpat erat quisque erat eros viverra eget congue eget semper rutrum'),
(914, 'JDR Face to face didactic toolset', 'JDR rutrum neque aenean auctor gravida sem praesent id massa id nisl venenatis lacinia aenean sit amet justo morbi ut'),
(915, 'JDR Function-based systematic neural-net', 'JDR sit amet nunc viverra dapibus nulla suscipit ligula in lacus curabitur at ipsum ac'),
(916, 'JDR Exclusive scalable approach', 'JDR mattis egestas metus aenean fermentum donec ut mauris eget massa tempor'),
(917, 'JDR Re-engineered local task-force', 'JDR vel enim sit amet nunc viverra dapibus nulla suscipit ligula in lacus curabitur at ipsum ac'),
(918, 'JDR Secured analyzing Graphic Interface', 'JDR felis sed lacus morbi sem mauris laoreet ut rhoncus aliquet pulvinar sed nisl nunc rhoncus dui'),
(919, 'JDR Networked clear-thinking monitoring', 'JDR ut tellus nulla ut erat id mauris vulputate elementum nullam varius nulla facilisi cras non velit nec nisi vulputate'),
(920, 'JDR Proactive explicit architecture', 'JDR ipsum dolor sit amet consectetuer adipiscing elit proin risus praesent lectus vestibulum quam sapien'),
(921, 'JDR Profound dedicated middleware', 'JDR pede malesuada in imperdiet et commodo vulputate justo in blandit ultrices enim lorem ipsum dolor sit amet consectetuer adipiscing'),
(922, 'JDR Diverse zero defect ability', 'JDR pretium iaculis diam erat fermentum justo nec condimentum neque sapien placerat ante nulla justo aliquam quis turpis eget'),
(923, 'JDR Switchable motivating adapter', 'JDR non ligula pellentesque ultrices phasellus id sapien in sapien iaculis congue vivamus metus arcu adipiscing molestie hendrerit at'),
(924, 'JDR Team-oriented background strategy', 'JDR diam id ornare imperdiet sapien urna pretium nisl ut volutpat sapien arcu sed augue aliquam erat volutpat in'),
(925, 'JDR User-centric coherent migration', 'JDR sed augue aliquam erat volutpat in congue etiam justo etiam pretium iaculis justo in hac habitasse'),
(926, 'JDR User-friendly logistical model', 'JDR penatibus et magnis dis parturient montes nascetur ridiculus mus etiam vel augue vestibulum rutrum rutrum neque aenean'),
(927, 'JDR Profound radical process improvement', 'JDR quis turpis eget elit sodales scelerisque mauris sit amet eros suspendisse accumsan tortor quis'),
(928, 'JDR Integrated neutral infrastructure', 'JDR et tempus semper est quam pharetra magna ac consequat metus sapien ut nunc vestibulum ante'),
(929, 'JDR Ergonomic methodical contingency', 'JDR tellus nulla ut erat id mauris vulputate elementum nullam varius nulla facilisi cras non velit nec nisi'),
(930, 'JDR Integrated disintermediate matrix', 'JDR et ultrices posuere cubilia curae nulla dapibus dolor vel est donec odio justo sollicitudin ut'),
(931, 'JDR Exclusive stable hardware', 'JDR nisi nam ultrices libero non mattis pulvinar nulla pede ullamcorper augue'),
(932, 'JDR Distributed disintermediate productivity', 'JDR dolor vel est donec odio justo sollicitudin ut suscipit a'),
(933, 'JDR Front-line 6th generation infrastructure', 'JDR duis aliquam convallis nunc proin at turpis a pede posuere nonummy integer non velit donec diam'),
(934, 'JDR Sharable heuristic matrix', 'JDR sem fusce consequat nulla nisl nunc nisl duis bibendum felis sed'),
(935, 'JDR Streamlined dynamic project', 'JDR tellus nulla ut erat id mauris vulputate elementum nullam varius nulla facilisi cras non velit'),
(936, 'JDR Versatile zero administration archive', 'JDR mi integer ac neque duis bibendum morbi non quam nec dui luctus rutrum'),
(937, 'JDR User-friendly modular standardization', 'JDR non pretium quis lectus suspendisse potenti in eleifend quam a odio in hac habitasse platea dictumst maecenas ut massa quis'),
(938, 'JDR Programmable mission-critical success', 'JDR ac consequat metus sapien ut nunc vestibulum ante ipsum primis in faucibus'),
(939, 'JDR Focused system-worthy infrastructure', 'JDR sollicitudin ut suscipit a feugiat et eros vestibulum ac est lacinia nisi venenatis tristique fusce congue diam id ornare'),
(940, 'JDR Managed 6th generation synergy', 'JDR rutrum at lorem integer tincidunt ante vel ipsum praesent blandit lacinia erat vestibulum sed magna at'),
(941, 'JDR Pre-emptive heuristic parallelism', 'JDR dolor vel est donec odio justo sollicitudin ut suscipit a feugiat'),
(942, 'JDR Customizable impactful project', 'JDR felis donec semper sapien a libero nam dui proin leo odio porttitor id consequat in'),
(943, 'JDR Seamless clear-thinking capacity', 'JDR pede morbi porttitor lorem id ligula suspendisse ornare consequat lectus in est risus auctor sed tristique in tempus sit'),
(944, 'JDR Digitized fault-tolerant alliance', 'JDR rutrum at lorem integer tincidunt ante vel ipsum praesent blandit lacinia erat vestibulum sed magna at nunc'),
(945, 'JDR Advanced hybrid Graphic Interface', 'JDR habitasse platea dictumst etiam faucibus cursus urna ut tellus nulla'),
(946, 'JDR Down-sized scalable functionalities', 'JDR suscipit nulla elit ac nulla sed vel enim sit amet nunc viverra'),
(947, 'JDR Seamless grid-enabled alliance', 'JDR leo odio porttitor id consequat in consequat ut nulla sed accumsan felis ut at dolor'),
(948, 'JDR Optimized fresh-thinking help-desk', 'JDR vel ipsum praesent blandit lacinia erat vestibulum sed magna at nunc commodo placerat praesent blandit nam nulla'),
(949, 'JDR Right-sized uniform data-warehouse', 'JDR mauris enim leo rhoncus sed vestibulum sit amet cursus id turpis integer aliquet massa id lobortis'),
(950, 'JDR Synergized 3rd generation open system', 'JDR sed lacus morbi sem mauris laoreet ut rhoncus aliquet pulvinar sed nisl nunc rhoncus dui vel sem sed'),
(951, 'JDR Fully-configurable 5th generation implementation', 'JDR pellentesque quisque porta volutpat erat quisque erat eros viverra eget congue eget semper rutrum nulla nunc purus phasellus'),
(952, 'JDR Vision-oriented composite info-mediaries', 'JDR in lectus pellentesque at nulla suspendisse potenti cras in purus eu magna'),
(953, 'JDR Fully-configurable coherent artificial intelligence', 'JDR feugiat et eros vestibulum ac est lacinia nisi venenatis tristique fusce congue diam id ornare imperdiet sapien urna pretium'),
(954, 'JDR Open-architected 4th generation paradigm', 'JDR congue eget semper rutrum nulla nunc purus phasellus in felis donec semper sapien a libero nam dui proin leo'),
(955, 'JDR Monitored methodical groupware', 'JDR sit amet consectetuer adipiscing elit proin risus praesent lectus vestibulum'),
(956, 'JDR Triple-buffered real-time projection', 'JDR vivamus in felis eu sapien cursus vestibulum proin eu mi nulla ac enim in tempor turpis nec'),
(957, 'JDR Re-contextualized stable hierarchy', 'JDR mauris laoreet ut rhoncus aliquet pulvinar sed nisl nunc rhoncus'),
(958, 'JDR Ameliorated zero tolerance orchestration', 'JDR velit id pretium iaculis diam erat fermentum justo nec condimentum neque sapien placerat ante nulla justo aliquam quis'),
(959, 'JDR Intuitive client-driven solution', 'JDR nullam varius nulla facilisi cras non velit nec nisi vulputate nonummy maecenas tincidunt lacus at'),
(960, 'JDR Organized mobile knowledge base', 'JDR sed vestibulum sit amet cursus id turpis integer aliquet massa id lobortis convallis tortor risus dapibus augue vel'),
(961, 'JDR Optional neutral firmware', 'JDR hac habitasse platea dictumst etiam faucibus cursus urna ut tellus nulla ut erat'),
(962, 'JDR Streamlined system-worthy utilisation', 'JDR sed lacus morbi sem mauris laoreet ut rhoncus aliquet pulvinar sed nisl'),
(963, 'JDR Horizontal value-added application', 'JDR at velit eu est congue elementum in hac habitasse platea dictumst morbi vestibulum velit id pretium iaculis'),
(964, 'JDR Multi-lateral non-volatile knowledge user', 'JDR luctus cum sociis natoque penatibus et magnis dis parturient montes nascetur ridiculus mus vivamus vestibulum sagittis sapien'),
(965, 'JDR Persistent responsive process improvement', 'JDR felis sed lacus morbi sem mauris laoreet ut rhoncus aliquet pulvinar sed nisl nunc rhoncus dui vel sem'),
(966, 'JDR Adaptive asynchronous customer loyalty', 'JDR mauris vulputate elementum nullam varius nulla facilisi cras non velit nec'),
(967, 'JDR Configurable responsive solution', 'JDR pellentesque quisque porta volutpat erat quisque erat eros viverra eget congue eget semper rutrum nulla nunc purus phasellus in'),
(968, 'JDR Re-engineered bandwidth-monitored analyzer', 'JDR vulputate elementum nullam varius nulla facilisi cras non velit nec nisi vulputate nonummy maecenas tincidunt lacus'),
(969, 'JDR Visionary web-enabled circuit', 'JDR potenti nullam porttitor lacus at turpis donec posuere metus vitae'),
(970, 'JDR Mandatory holistic solution', 'JDR interdum eu tincidunt in leo maecenas pulvinar lobortis est phasellus sit amet erat nulla tempus vivamus in felis eu'),
(971, 'JDR Re-engineered didactic artificial intelligence', 'JDR tristique fusce congue diam id ornare imperdiet sapien urna pretium nisl ut volutpat sapien arcu sed'),
(972, 'JDR User-centric optimizing database', 'JDR at nunc commodo placerat praesent blandit nam nulla integer pede'),
(973, 'JDR Organic systemic instruction set', 'JDR faucibus accumsan odio curabitur convallis duis consequat dui nec nisi volutpat eleifend donec'),
(974, 'JDR Fully-configurable actuating ability', 'JDR morbi vel lectus in quam fringilla rhoncus mauris enim leo rhoncus sed vestibulum sit amet cursus id'),
(975, 'JDR Re-engineered radical internet solution', 'JDR praesent blandit nam nulla integer pede justo lacinia eget tincidunt eget tempus'),
(976, 'JDR De-engineered even-keeled neural-net', 'JDR pellentesque eget nunc donec quis orci eget orci vehicula condimentum curabitur in libero ut massa volutpat convallis'),
(977, 'JDR Down-sized national extranet', 'JDR elit sodales scelerisque mauris sit amet eros suspendisse accumsan tortor quis'),
(978, 'JDR Exclusive contextually-based product', 'JDR suspendisse ornare consequat lectus in est risus auctor sed tristique in tempus sit amet sem'),
(979, 'JDR Implemented 3rd generation emulation', 'JDR quis libero nullam sit amet turpis elementum ligula vehicula consequat morbi a ipsum integer a nibh in quis justo'),
(980, 'JDR Distributed clear-thinking emulation', 'JDR volutpat convallis morbi odio odio elementum eu interdum eu tincidunt in leo maecenas pulvinar lobortis est'),
(981, 'JDR Balanced tangible local area network', 'JDR in ante vestibulum ante ipsum primis in faucibus orci luctus'),
(982, 'JDR Devolved optimal implementation', 'JDR enim lorem ipsum dolor sit amet consectetuer adipiscing elit proin interdum mauris'),
(983, 'JDR Balanced client-driven throughput', 'JDR neque aenean auctor gravida sem praesent id massa id nisl venenatis lacinia aenean sit amet justo morbi'),
(984, 'JDR Profit-focused needs-based knowledge base', 'JDR amet nulla quisque arcu libero rutrum ac lobortis vel dapibus'),
(985, 'JDR Triple-buffered multi-tasking analyzer', 'JDR odio in hac habitasse platea dictumst maecenas ut massa quis augue luctus tincidunt nulla mollis molestie lorem'),
(986, 'JDR Realigned stable middleware', 'JDR rhoncus dui vel sem sed sagittis nam congue risus semper porta volutpat quam'),
(987, 'JDR Focused systematic core', 'JDR ac enim in tempor turpis nec euismod scelerisque quam turpis adipiscing lorem vitae mattis nibh ligula nec'),
(988, 'JDR Function-based bandwidth-monitored complexity', 'JDR gravida nisi at nibh in hac habitasse platea dictumst aliquam augue quam sollicitudin vitae consectetuer eget'),
(989, 'JDR Pre-emptive zero administration encryption', 'JDR amet lobortis sapien sapien non mi integer ac neque duis bibendum morbi non quam nec'),
(990, 'JDR Organic 3rd generation utilisation', 'JDR eros viverra eget congue eget semper rutrum nulla nunc purus phasellus in'),
(991, 'JDR Business-focused interactive structure', 'JDR vitae consectetuer eget rutrum at lorem integer tincidunt ante vel ipsum praesent blandit lacinia erat vestibulum sed magna at nunc'),
(992, 'JDR Decentralized transitional neural-net', 'JDR a feugiat et eros vestibulum ac est lacinia nisi venenatis tristique'),
(993, 'JDR Cloned bottom-line matrices', 'JDR vehicula condimentum curabitur in libero ut massa volutpat convallis morbi odio odio'),
(994, 'JDR Seamless mobile circuit', 'JDR vestibulum aliquet ultrices erat tortor sollicitudin mi sit amet lobortis sapien sapien'),
(995, 'JDR Open-architected bi-directional system engine', 'JDR nam congue risus semper porta volutpat quam pede lobortis ligula sit'),
(996, 'JDR Ameliorated bi-directional firmware', 'JDR consequat in consequat ut nulla sed accumsan felis ut at dolor quis odio'),
(997, 'JDR Integrated foreground leverage', 'JDR nullam molestie nibh in lectus pellentesque at nulla suspendisse potenti cras in purus eu magna vulputate luctus'),
(998, 'JDR Total global superstructure', 'JDR rhoncus mauris enim leo rhoncus sed vestibulum sit amet cursus id turpis integer aliquet massa id lobortis'),
(999, 'JDR Up-sized national analyzer', 'JDR vel pede morbi porttitor lorem id ligula suspendisse ornare consequat lectus in est risus auctor sed tristique in tempus sit'),
(1000, 'JDR Monitored fresh-thinking help-desk', 'JDR erat fermentum justo nec condimentum neque sapien placerat ante nulla justo aliquam quis turpis eget elit sodales scelerisque mauris sit');

-- --------------------------------------------------------

--
-- Structure de la table `larp`
--

CREATE TABLE `larp` (
  `id_larp` smallint UNSIGNED NOT NULL,
  `date_start` date NOT NULL,
  `date_end` date NOT NULL,
  `id_infos` smallint UNSIGNED NOT NULL,
  `id_universe` smallint UNSIGNED NOT NULL,
  `id_localisation` smallint UNSIGNED NOT NULL,
  `id_larp_type` smallint UNSIGNED NOT NULL
) ENGINE=InnoDB DEFAULT CHARSET=utf8mb4 COLLATE=utf8mb4_0900_ai_ci;

--
-- Déchargement des données de la table `larp`
--

INSERT INTO `larp` (`id_larp`, `date_start`, `date_end`, `id_infos`, `id_universe`, `id_localisation`, `id_larp_type`) VALUES
(1, '2025-01-15', '2025-12-26', 29, 35, 448, 3),
(2, '2024-08-12', '2025-12-19', 900, 16, 559, 1),
(3, '2025-07-16', '2025-02-23', 498, 30, 214, 1),
(4, '2023-09-18', '2024-04-08', 904, 29, 571, 1),
(5, '2024-12-10', '2025-01-26', 959, 23, 271, 3),
(6, '2025-05-16', '2025-05-17', 605, 6, 874, 1),
(7, '2025-02-25', '2025-11-10', 976, 19, 878, 3),
(8, '2023-08-12', '2025-09-20', 573, 12, 106, 3),
(9, '2024-12-02', '2025-10-02', 381, 11, 757, 2),
(10, '2024-05-27', '2025-10-08', 329, 27, 197, 1),
(11, '2024-10-07', '2023-10-14', 620, 30, 915, 3),
(12, '2025-10-25', '2025-12-21', 886, 43, 853, 3),
(13, '2024-07-31', '2025-03-15', 170, 39, 271, 2),
(14, '2024-02-26', '2023-12-12', 653, 31, 368, 1),
(15, '2025-03-23', '2025-03-29', 192, 37, 440, 3),
(16, '2023-09-04', '2025-07-16', 640, 9, 373, 3),
(17, '2024-06-23', '2025-04-29', 275, 7, 913, 2),
(18, '2024-10-01', '2024-02-10', 630, 13, 315, 3),
(19, '2025-01-03', '2024-07-10', 485, 10, 248, 2),
(20, '2025-10-03', '2025-08-08', 565, 32, 328, 3),
(21, '2024-08-08', '2025-07-31', 152, 4, 200, 3),
(22, '2024-03-07', '2024-04-02', 196, 31, 80, 1),
(23, '2023-07-26', '2024-04-24', 152, 35, 682, 2),
(24, '2024-10-26', '2024-06-17', 187, 22, 992, 2),
(25, '2025-03-26', '2025-11-03', 277, 42, 560, 2),
(26, '2025-07-16', '2023-07-30', 468, 41, 587, 1),
(27, '2023-06-18', '2023-11-14', 147, 42, 641, 1),
(28, '2025-10-31', '2024-02-17', 416, 17, 74, 2),
(29, '2024-04-02', '2024-07-16', 542, 29, 526, 3),
(30, '2025-06-11', '2025-03-11', 361, 11, 493, 1),
(31, '2025-06-15', '2025-08-14', 240, 45, 216, 1),
(32, '2024-01-05', '2025-12-25', 704, 19, 257, 2),
(33, '2024-04-04', '2023-06-17', 984, 24, 731, 3),
(34, '2025-02-14', '2024-04-30', 916, 21, 987, 3),
(35, '2025-03-22', '2025-10-25', 556, 12, 141, 2),
(36, '2024-05-30', '2023-09-30', 64, 7, 220, 1),
(37, '2024-09-28', '2025-10-21', 248, 12, 213, 3),
(38, '2023-11-22', '2023-07-15', 775, 21, 371, 2),
(39, '2025-01-11', '2024-11-28', 318, 44, 286, 3),
(40, '2023-09-05', '2025-08-26', 906, 10, 288, 2),
(41, '2024-06-17', '2025-07-12', 971, 10, 351, 2),
(42, '2025-01-14', '2024-08-11', 815, 9, 849, 1),
(43, '2024-10-18', '2025-06-16', 313, 10, 538, 3),
(44, '2023-12-10', '2025-12-21', 937, 6, 181, 1),
(45, '2024-02-11', '2024-07-16', 641, 15, 947, 2),
(46, '2025-08-10', '2025-11-11', 926, 22, 744, 2),
(47, '2025-05-06', '2023-12-21', 499, 11, 683, 2),
(48, '2023-09-29', '2024-11-13', 405, 18, 860, 1),
(49, '2025-01-02', '2024-11-08', 620, 18, 472, 2),
(50, '2025-08-14', '2024-07-26', 926, 13, 941, 1),
(51, '2024-04-30', '2024-09-09', 878, 37, 317, 1);

-- --------------------------------------------------------

--
-- Structure de la table `larp_type`
--

CREATE TABLE `larp_type` (
  `id_larp_type` smallint UNSIGNED NOT NULL,
  `name_larp_type` varchar(50) NOT NULL
) ENGINE=InnoDB DEFAULT CHARSET=utf8mb4 COLLATE=utf8mb4_0900_ai_ci;

--
-- Déchargement des données de la table `larp_type`
--

INSERT INTO `larp_type` (`id_larp_type`, `name_larp_type`) VALUES
(1, 'Mass LARP'),
(2, 'Small LARP'),
(3, 'Private LARP');

-- --------------------------------------------------------

--
-- Structure de la table `localisation`
--

CREATE TABLE `localisation` (
  `id_localisation` smallint UNSIGNED NOT NULL,
  `name_localisation` varchar(100) NOT NULL
) ENGINE=InnoDB DEFAULT CHARSET=utf8mb4 COLLATE=utf8mb4_0900_ai_ci;

--
-- Déchargement des données de la table `localisation`
--

INSERT INTO `localisation` (`id_localisation`, `name_localisation`) VALUES
(1, 'Jiapeng'),
(2, 'Prienai'),
(3, 'Cienfuegos'),
(4, 'Shal’skiy'),
(5, 'Changtan'),
(6, 'Jianghong'),
(7, 'Samoljica'),
(8, 'Ntobo'),
(9, 'Madang'),
(10, 'Surgut'),
(11, 'Trzemeszno'),
(12, 'Katsuura'),
(13, 'Jdaidet el Matn'),
(14, 'Beaufort'),
(15, 'Bajawa'),
(16, 'Khirdalan'),
(17, 'Benhong'),
(18, 'Alebtong'),
(19, 'Ardirejo'),
(20, 'Sapataria'),
(21, 'Jacareí'),
(22, 'Serra de Santa Marinha'),
(23, 'Hujirt'),
(24, 'Nancy'),
(25, 'Monte Alto'),
(26, 'Primero de Mayo'),
(27, 'Donggou'),
(28, 'Silao'),
(29, 'Sindang'),
(30, 'Wangqu'),
(31, 'Rashaant'),
(32, 'Pestovo'),
(33, 'Takokak'),
(34, 'Matiguás'),
(35, 'Al ‘Awjah'),
(36, 'Tashla'),
(37, 'Jiangdianzi'),
(38, 'Sudzha'),
(39, 'Alofi'),
(40, 'Palermo'),
(41, 'Tafí del Valle'),
(42, 'Khōshī'),
(43, 'Lattes'),
(44, 'Heqiao'),
(45, 'Hema'),
(46, 'Bangshipu'),
(47, 'Trąbki'),
(48, 'Petrovsk'),
(49, 'Piracuruca'),
(50, 'Prachuap Khiri Khan'),
(51, 'Svobody'),
(52, 'Simnas'),
(53, 'Calapan'),
(54, 'Lukou'),
(55, 'Miaotang'),
(56, 'Wedoro'),
(57, 'Sidomulyo'),
(58, 'Maticmatic'),
(59, 'Tangchijie'),
(60, 'Urdaneta'),
(61, 'Pavlovskiy Posad'),
(62, 'Ponte'),
(63, 'Zaki Biam'),
(64, 'Dongfeng'),
(65, 'Maanas'),
(66, 'Afaahiti'),
(67, 'Añelo'),
(68, 'Flushing'),
(69, 'Skänninge'),
(70, 'Sonsón'),
(71, 'Kamárai'),
(72, 'Đồi Ngô'),
(73, 'São Pedro'),
(74, 'Lodja'),
(75, 'Lufang'),
(76, 'Zhifudao'),
(77, 'Klinan'),
(78, 'Peyima'),
(79, 'Sambirejo'),
(80, 'Horní Štěpánov'),
(81, 'Morteros'),
(82, 'Strellc i Epërm'),
(83, 'Ostashkov'),
(84, 'Guishan'),
(85, 'Smiltene'),
(86, 'Colonia Nicolich'),
(87, 'Beylagan'),
(88, 'Maharagama'),
(89, 'Liujia'),
(90, 'Xinshichang'),
(91, 'Edéa'),
(92, 'Alpedrinha'),
(93, 'Paris 14'),
(94, 'Dul’durga'),
(95, 'Lanta Timur'),
(96, 'Flor da Rosa'),
(97, 'Jiuxian'),
(98, 'Mashan'),
(99, 'Halat'),
(100, 'Yuto'),
(101, 'Chichaoua'),
(102, 'Zhangjiawo'),
(103, 'Puttalam'),
(104, 'Puncaksari'),
(105, 'Argasari'),
(106, 'Kallíthiron'),
(107, 'Peso da Régua'),
(108, 'Borova'),
(109, 'Aganan'),
(110, 'Yanggu'),
(111, 'Gunungpeundeuy'),
(112, 'Karangasem Laok'),
(113, 'Santa Lucía Cotzumalguapa'),
(114, 'Ipameri'),
(115, 'Athlone'),
(116, 'Leteki'),
(117, 'Lingbeizhou'),
(118, 'Geneng'),
(119, 'Laixi'),
(120, 'Krajan Dua Patempuran'),
(121, 'Skolkovo'),
(122, 'Ampanihy'),
(123, 'Neuquén'),
(124, 'Corrego Grande'),
(125, 'Noyakert'),
(126, 'Utarapasar'),
(127, 'Maliang'),
(128, 'Fengcheng'),
(129, 'Malya'),
(130, 'Oslo'),
(131, 'Wenshao'),
(132, 'Baru'),
(133, 'Mortka'),
(134, 'Patos de Minas'),
(135, 'Angra dos Reis'),
(136, 'Ordzhonikidzevskaya'),
(137, 'Xikou'),
(138, 'Belleville'),
(139, 'Uničov'),
(140, 'Tubalan'),
(141, 'Wuli'),
(142, 'Zhengmo'),
(143, 'Shuangxi'),
(144, 'Khóra'),
(145, 'Horad Pinsk'),
(146, 'Arhust'),
(147, 'Moppo'),
(148, 'Santa Maria'),
(149, 'Nowa Góra'),
(150, 'Gaoliang'),
(151, 'Gornorechenskiy'),
(152, 'Praia do Ribatejo'),
(153, 'Kudang'),
(154, 'Limanowa'),
(155, 'Barrouallie'),
(156, 'Kifrī'),
(157, 'Esmeralda'),
(158, 'Yelizovo'),
(159, 'Yangsan'),
(160, 'Kovel’'),
(161, 'Al Qārah'),
(162, 'Aserrío de Gariché'),
(163, 'Krasnaya Polyana'),
(164, 'Lingkou'),
(165, 'Gaotan'),
(166, 'Zheleznodorozhnyy'),
(167, 'Taiping'),
(168, 'Chucatamani'),
(169, 'Banjar Batuaji Kaja'),
(170, 'Gweedore'),
(171, 'Rancakuya'),
(172, 'Markog'),
(173, 'Ungsang'),
(174, 'Jiangtun'),
(175, 'Vale da Bajouca'),
(176, 'Vincennes'),
(177, 'Heilbronn'),
(178, 'Huangsha'),
(179, 'Mbongawani'),
(180, 'Boychinovtsi'),
(181, 'Mazamet'),
(182, 'Topi'),
(183, 'Vicente Guerrero'),
(184, 'Conselheiro Lafaiete'),
(185, 'Nysa'),
(186, 'Vykhino-Zhulebino'),
(187, 'Mino'),
(188, 'Huangyang'),
(189, 'Delvinë'),
(190, 'Xinwo'),
(191, 'Watuka'),
(192, 'Tottori'),
(193, 'Aghada'),
(194, 'Xigou'),
(195, 'Bąków'),
(196, 'Shiye'),
(197, 'Barreiros'),
(198, 'Leran Kulon'),
(199, 'Limeiras'),
(200, 'Mesiméri'),
(201, 'Mulleriyawa'),
(202, 'Drogomyśl'),
(203, 'Huangjiabu'),
(204, 'Novopokrovka'),
(205, 'Gabès'),
(206, 'Galapa'),
(207, 'Penedo'),
(208, 'Talok'),
(209, 'Tsybulevka'),
(210, 'Stronie'),
(211, 'Wang Sombun'),
(212, 'Thị Trấn Mường Khương'),
(213, 'Cluny'),
(214, 'Stanovoye'),
(215, 'Kuching'),
(216, 'Sośnie'),
(217, 'Stalís'),
(218, 'Shizuoka-shi'),
(219, 'Bendo'),
(220, 'Beishan'),
(221, 'Patos'),
(222, 'Arjawinangun'),
(223, 'Saint-Bruno-de-Montarville'),
(224, 'Sevilla'),
(225, 'Cibitung'),
(226, 'Nagoya-shi'),
(227, 'Kebili'),
(228, 'Frösön'),
(229, 'Kwangyang'),
(230, 'Palauig'),
(231, 'Cikole'),
(232, 'Cajamar'),
(233, 'Armenia'),
(234, 'Leeds'),
(235, 'Đống Đa'),
(236, 'San Rafael Petzal'),
(237, 'Mobara'),
(238, 'Fulong'),
(239, 'Segezha'),
(240, 'Musan-ŭp'),
(241, 'Curug'),
(242, 'Zhuyang'),
(243, 'Trinidad'),
(244, 'Pregradnaya'),
(245, 'Pringu'),
(246, 'Ban Khok'),
(247, 'Daqian'),
(248, 'Leworook'),
(249, 'Oljoq'),
(250, 'Tianyu'),
(251, 'Hrib-Loški Potok'),
(252, 'Karlstad'),
(253, 'Jinghong'),
(254, 'Kaabong'),
(255, 'Sukabumi'),
(256, 'Lanas'),
(257, 'Gumuk Tengah'),
(258, 'Aveiras de Cima'),
(259, 'Māmūnīyeh'),
(260, 'Huangcun'),
(261, 'Ampanihy'),
(262, 'Aḑ Ḑil‘'),
(263, 'Susuman'),
(264, 'Buket Teukuh'),
(265, 'Ketapang'),
(266, 'Mellieħa'),
(267, 'Mỹ Tho'),
(268, 'Santa Luzia'),
(269, 'Karangasem'),
(270, 'Ballsh'),
(271, 'Ngrambitan'),
(272, 'Jiangcun'),
(273, 'Nioumamilima'),
(274, 'Muñoz East'),
(275, 'Itamarandiba'),
(276, 'Parikkala'),
(277, 'Kiruna'),
(278, 'Svetlograd'),
(279, 'Meget'),
(280, 'Cahors'),
(281, 'Zhangguanying'),
(282, 'Baozi'),
(283, 'Straldzha'),
(284, 'Betioky'),
(285, 'Kilkenny'),
(286, 'Santana'),
(287, 'Santa Luzia'),
(288, 'Xianghe'),
(289, 'Terawas'),
(290, 'Palaihari'),
(291, 'Nong Bun Nak'),
(292, 'Aurora'),
(293, 'Xiaolan'),
(294, 'Carcavelos'),
(295, 'Timbiras'),
(296, 'Tigaon'),
(297, 'Carmo do Paranaíba'),
(298, 'Matumadua'),
(299, 'Nagrak'),
(300, 'København'),
(301, 'Hanji'),
(302, 'Thorpe'),
(303, 'Ciomas'),
(304, 'Albany'),
(305, 'Sukaratu'),
(306, 'Tembisa'),
(307, 'Bangassou'),
(308, 'Dýšina'),
(309, 'Ōyama'),
(310, 'Klerksdorp'),
(311, 'Puerto Castilla'),
(312, 'Firavitoba'),
(313, 'Uvarovo'),
(314, 'Takāb'),
(315, 'Santa Cruz de El Seibo'),
(316, 'Qianqiao'),
(317, 'Ancenis'),
(318, 'Pale'),
(319, 'Gengcheng'),
(320, 'Banjar Petak'),
(321, 'Yŏng-dong'),
(322, 'Sanchang'),
(323, 'San Francisco'),
(324, 'San Isidro'),
(325, 'Newmarket'),
(326, 'Kiambu'),
(327, 'Taza'),
(328, 'Falun'),
(329, 'Al Badārī'),
(330, 'Farafangana'),
(331, 'Al Wuday‘'),
(332, 'Qixingtai'),
(333, 'Salavan'),
(334, 'Manzanillo'),
(335, 'El Águila'),
(336, 'Padangguci'),
(337, 'Beaverton'),
(338, 'Asopía'),
(339, 'Zhongping'),
(340, 'Ibung'),
(341, 'Claremont'),
(342, 'Hexi'),
(343, 'At Tāj'),
(344, 'Zernograd'),
(345, 'Yinla'),
(346, 'Xiehu'),
(347, 'Dongle'),
(348, 'Staraya Ladoga'),
(349, 'Carolina'),
(350, 'Phak Hai'),
(351, 'Kiel'),
(352, 'Huayuan'),
(353, 'Kỳ Anh'),
(354, 'Potou'),
(355, 'Goya'),
(356, 'Svetlyy Yar'),
(357, 'Houxixi'),
(358, 'Boulogne-Billancourt'),
(359, 'Nanguzhuang'),
(360, 'Buenavista'),
(361, 'Longju'),
(362, 'Independencia'),
(363, 'Kamionka'),
(364, 'Bressuire'),
(365, 'Ngawi'),
(366, 'Lahat'),
(367, 'Songqiao'),
(368, 'Ipala'),
(369, 'Martapura'),
(370, 'Jargalant'),
(371, 'San Bernardino'),
(372, 'Tagbilaran City'),
(373, 'Manogay'),
(374, 'Pyhäntä'),
(375, 'Dayu'),
(376, 'Qiubin'),
(377, 'Zhaodong'),
(378, 'Lebedyan’'),
(379, 'Karney Shomron'),
(380, 'Kampen (Overijssel)'),
(381, 'Krasnodar'),
(382, 'Ormož'),
(383, 'Sundsvall'),
(384, 'Palaiochóri'),
(385, 'Dalazi'),
(386, 'Bílovice'),
(387, 'Komoro'),
(388, 'Salamina'),
(389, 'Mehrān'),
(390, 'Linxi'),
(391, 'Brodokalmak'),
(392, 'Vurğun'),
(393, 'Hutou'),
(394, 'Isyangulovo'),
(395, 'Itapicuru'),
(396, 'Oslo'),
(397, 'Qimeng'),
(398, 'Longhua'),
(399, 'Maurisu'),
(400, 'Jīwani'),
(401, 'Otaru'),
(402, 'Mukhen'),
(403, 'Votkinsk'),
(404, 'Somovo'),
(405, 'Tamorong'),
(406, 'La Plaine-Saint-Denis'),
(407, 'Shangyong'),
(408, 'Ryazhsk'),
(409, 'Bambari'),
(410, 'Severskaya'),
(411, 'Conner'),
(412, 'Štítina'),
(413, 'Rumelange'),
(414, 'Datar'),
(415, 'Armenta'),
(416, 'Krajan'),
(417, 'Beloeil'),
(418, 'Non Sung'),
(419, 'Minneapolis'),
(420, 'Shiraoi'),
(421, 'Österbybruk'),
(422, 'Simi Valley'),
(423, 'Moravská Třebová'),
(424, 'Paris 05'),
(425, 'Tuopu'),
(426, 'Zhangdiyingzi'),
(427, 'Huacheng'),
(428, 'Villaguay'),
(429, 'Bierawa'),
(430, 'Šardice'),
(431, 'Montor Timur'),
(432, 'Cikaras'),
(433, 'Algés'),
(434, 'Regnów'),
(435, 'Bunawan'),
(436, 'Bromma'),
(437, 'Kizel'),
(438, 'Pagaden'),
(439, 'Villa del Carmen'),
(440, 'Galveias'),
(441, 'Tuanchengshan'),
(442, 'Sandgerði'),
(443, 'Wenwucao'),
(444, 'Andrijevica'),
(445, 'Myronivka'),
(446, 'Khlong Toei'),
(447, 'Bulawayo'),
(448, 'Puubheto'),
(449, 'Staryye Atagi'),
(450, 'Yajiwa'),
(451, 'Guadalupe'),
(452, 'San Gil'),
(453, 'Dawu'),
(454, 'Mompós'),
(455, 'Krajan Siki'),
(456, 'Lysá nad Labem'),
(457, 'Kungälv'),
(458, 'Pacapausa'),
(459, 'Jimaguayú'),
(460, 'Qingxi'),
(461, 'Cipinang'),
(462, 'Vroutek'),
(463, 'Trbovlje'),
(464, 'Dashiju'),
(465, 'Daxing'),
(466, 'Tupambaé'),
(467, 'Ziketan'),
(468, 'Rivas'),
(469, 'Liliana'),
(470, 'Farsta'),
(471, 'Sarandi'),
(472, 'San Juan de Limay'),
(473, 'Staraya Ladoga'),
(474, 'Staré Hradiště'),
(475, 'Capalonga'),
(476, 'Cikondang'),
(477, 'Néa Vrasná'),
(478, 'Andop'),
(479, 'Stockholm'),
(480, 'Shigou'),
(481, 'Hetou'),
(482, 'Chepo'),
(483, 'Vacaria'),
(484, 'Anápolis'),
(485, 'Bajingzi'),
(486, 'Araras'),
(487, 'Tuchola'),
(488, 'Bangbayang'),
(489, 'Les Clayes-sous-Bois'),
(490, 'Shapa'),
(491, 'Tapan'),
(492, 'Jianyi'),
(493, 'Antwerpen'),
(494, 'Erdaocha'),
(495, 'Selemadeg Kelod'),
(496, 'Tarczyn'),
(497, 'Ordzhonikidzevskiy'),
(498, 'Zheshan'),
(499, 'Stráž nad Nisou'),
(500, 'Ronggo'),
(501, 'Miandrivazo'),
(502, 'Casa Nova'),
(503, 'Ranambeling'),
(504, 'Picton'),
(505, 'Brits'),
(506, 'Youyun'),
(507, 'Kugesi'),
(508, 'Ya’ngan'),
(509, 'Kaji'),
(510, 'Qaffīn'),
(511, 'Aqtoghay'),
(512, 'Brzeźnica'),
(513, 'Chapayeve'),
(514, 'Szolnok'),
(515, 'Shōbu'),
(516, 'Anto'),
(517, 'Huangjiabu'),
(518, 'Šibenik'),
(519, 'Naranjal'),
(520, 'Shalizhai'),
(521, 'New York City'),
(522, 'Yuanjue'),
(523, 'Kanshan'),
(524, 'Tomislavgrad'),
(525, 'Tsukumiura'),
(526, 'Monywa'),
(527, 'Cagayan'),
(528, 'Preston'),
(529, 'Jedlnia-Letnisko'),
(530, 'Lewokluok'),
(531, 'Lyeskawka'),
(532, 'Emplak'),
(533, 'Wuluhan'),
(534, 'Borås'),
(535, 'Tekeli'),
(536, 'Paraiso'),
(537, 'Oskarshamn'),
(538, 'Nogueira'),
(539, 'Bipolo'),
(540, 'Eirado'),
(541, 'Jelsa'),
(542, 'Szemud'),
(543, 'Lom Sak'),
(544, 'Alibunan'),
(545, 'Spas-Klepiki'),
(546, 'Vorob’yovo'),
(547, 'Salaza'),
(548, 'Kuangshan'),
(549, 'Sumberkindagan'),
(550, 'Shcherbinka'),
(551, 'Longwood'),
(552, 'Caucagüito'),
(553, 'Biguaçu'),
(554, 'Ciomas'),
(555, 'Padangpanjang'),
(556, 'Longshan'),
(557, 'Yanai'),
(558, 'Pyrgetós'),
(559, 'Shaoha'),
(560, 'Karangtengah Lor'),
(561, 'Imbituva'),
(562, 'Yemva'),
(563, 'Chumphon'),
(564, 'Templeogue'),
(565, 'Vera'),
(566, 'Wuxue Shi'),
(567, 'Clermont-Ferrand'),
(568, 'Gaosheng'),
(569, 'Ängelholm'),
(570, 'Dongping'),
(571, 'Manadhoo'),
(572, 'Lethem'),
(573, 'Mykonos'),
(574, 'Troyan'),
(575, 'Huarong'),
(576, 'Dū Qal‘ah'),
(577, 'Tegalsari'),
(578, 'Novogurovskiy'),
(579, 'Dulangan'),
(580, 'Ash Shuqayrah'),
(581, 'Xinminxiang'),
(582, 'Paris 12'),
(583, 'Fatufaun'),
(584, 'Kadukaung'),
(585, 'Krajanjugosari'),
(586, 'Parakanhonje Wetan'),
(587, 'Pateros'),
(588, 'Chadong'),
(589, 'Askim'),
(590, 'Yaodu'),
(591, 'Xiahan'),
(592, 'Durham'),
(593, 'Jialu'),
(594, 'Qianying'),
(595, 'Rusocice'),
(596, 'Godziszów Pierwszy'),
(597, 'Dazhongzhuang'),
(598, 'Líbano'),
(599, 'Prilep'),
(600, 'Ryczywół'),
(601, 'Vinces'),
(602, 'Belém'),
(603, 'Santiago do Cacém'),
(604, 'Vetlanda'),
(605, 'Xinying'),
(606, 'Krasnovishersk'),
(607, 'Leeuwarden'),
(608, 'Santos Dumont'),
(609, 'Caraguatatuba'),
(610, 'Jahrom'),
(611, 'Kwekwe'),
(612, 'Gushan'),
(613, 'Heku'),
(614, 'San Ignacio de Tupile'),
(615, 'Tonekābon'),
(616, 'Örebro'),
(617, 'Colca'),
(618, 'Dateng'),
(619, 'Wenling'),
(620, 'Sindangjawa'),
(621, 'Montasik'),
(622, 'Lukou'),
(623, 'San Francisco'),
(624, 'Santa Monica'),
(625, 'Horní Štěpánov'),
(626, 'Huyuan'),
(627, 'Bagumbayan'),
(628, 'San Juan de Mata'),
(629, 'Mengla'),
(630, 'Luleå'),
(631, 'Aloja'),
(632, 'Wangcao'),
(633, 'Benito Juarez'),
(634, 'Petaling Jaya'),
(635, 'Anopog'),
(636, 'Szelków'),
(637, 'Azurduy'),
(638, 'Donggaocun'),
(639, 'New Washington'),
(640, 'Sukoanyar'),
(641, 'Denver'),
(642, 'Sukhirin'),
(643, 'Padej'),
(644, 'Esmeraldas'),
(645, 'Hadyach'),
(646, 'Kentau'),
(647, 'Kuala Lumpur'),
(648, 'Tolbazy'),
(649, 'Varennes'),
(650, 'Laolong'),
(651, 'Waru'),
(652, 'Na\'ale'),
(653, 'Ozurgeti'),
(654, 'Huangzhuang'),
(655, 'Araxá'),
(656, 'Santa Maria'),
(657, 'Popovi'),
(658, 'Xingren'),
(659, 'Ylöjärvi'),
(660, 'Baoping'),
(661, 'Bella Vista'),
(662, 'Dongdong'),
(663, 'Jiangxiangzhen'),
(664, 'Pechora'),
(665, 'Majennang'),
(666, 'Dawa-Dawa'),
(667, 'Baiquesi'),
(668, 'Kalugmanan'),
(669, 'Lere'),
(670, 'Rennes'),
(671, 'Aparecida do Taboado'),
(672, 'Dongshan'),
(673, 'Taganak'),
(674, 'Aylmer'),
(675, 'Erjiegou'),
(676, 'West Palm Beach'),
(677, 'Tuchlovice'),
(678, 'Carvalho'),
(679, 'Kapiri Mposhi'),
(680, 'Firenze'),
(681, 'Druju'),
(682, 'Maomiaoji'),
(683, 'Avignon'),
(684, 'Yunxi'),
(685, 'Fristad'),
(686, 'Leone'),
(687, 'Puerto Barrios'),
(688, 'Umm Ruwaba'),
(689, 'Gongnong'),
(690, 'Dorowa Mining Lease'),
(691, 'Kristiansand S'),
(692, 'Zhaojia'),
(693, 'Dalakovo'),
(694, 'Bryan'),
(695, 'Tiztoutine'),
(696, 'Kuczbork-Osada'),
(697, 'Rymättylä'),
(698, 'Casa Quemada'),
(699, 'Mattaldi'),
(700, 'Mamara'),
(701, 'Dzięgielów'),
(702, 'Fteliá'),
(703, 'Sumurnanjung'),
(704, 'San Julian'),
(705, 'Wangqu'),
(706, 'Yeping'),
(707, 'Tanashichō'),
(708, 'Kaliningrad'),
(709, 'Chantal'),
(710, 'Eksjö'),
(711, 'Meziměstí'),
(712, 'Biryukove'),
(713, 'Nariño'),
(714, 'Nice'),
(715, 'Muktāgācha'),
(716, 'Kaset Sombun'),
(717, 'Brikama Nding'),
(718, 'Siparia'),
(719, 'Norrahammar'),
(720, 'Vakhtan'),
(721, 'San Jose'),
(722, 'Tiantai Chengguanzhen'),
(723, 'Shahumyan'),
(724, 'Al Jīb'),
(725, 'Wangjiachang'),
(726, 'Daxinshao'),
(727, 'Virovitica'),
(728, 'Zhalinghu'),
(729, 'Erdenet'),
(730, 'Guilhabreu'),
(731, 'Dunaivtsi'),
(732, 'Maraial'),
(733, 'Jiaocun'),
(734, 'Harjavalta'),
(735, 'Eenhana'),
(736, 'Erandique'),
(737, 'Norberg'),
(738, 'Beo'),
(739, 'Bangan-Oda'),
(740, 'Ruixi'),
(741, 'São Francisco do Conde'),
(742, 'Longxi'),
(743, 'Sarukhan'),
(744, 'Fengdian'),
(745, 'Yanas'),
(746, 'Nanlu'),
(747, 'Caraballeda'),
(748, 'Subusub'),
(749, 'Pingtan'),
(750, 'Saint John’s'),
(751, 'Tungoo'),
(752, 'Crateús'),
(753, 'Pedra Furada'),
(754, 'Quinjalca'),
(755, 'Wuxing'),
(756, 'Bantengan'),
(757, 'Daxin'),
(758, 'Karangsari'),
(759, 'Alaghsas'),
(760, 'Micheng'),
(761, 'Niort'),
(762, 'Entre Rios'),
(763, 'Xinying'),
(764, 'Mingyihe'),
(765, 'Chilecito'),
(766, 'Wielgie'),
(767, 'Brloh'),
(768, 'Diapaga'),
(769, 'Saint-Brieuc'),
(770, 'Lisui'),
(771, 'Chattanooga'),
(772, 'Marka'),
(773, 'Nangka'),
(774, 'Bobolice'),
(775, 'Sambonggede'),
(776, 'Gradishtë'),
(777, 'Pukekohe East'),
(778, 'Paltashaco'),
(779, 'Maastricht'),
(780, 'Amagi'),
(781, 'Jastrzębia Góra'),
(782, 'Mufumbwe'),
(783, 'Banjar Bias'),
(784, 'Fleury-les-Aubrais'),
(785, 'Lodan Wetan'),
(786, 'Maintirano'),
(787, 'Weiyanggong'),
(788, 'Shancheng'),
(789, 'Caparrapí'),
(790, 'Huangban'),
(791, 'Funabashi'),
(792, 'Kitahama'),
(793, 'Gōtsuchō'),
(794, 'Xiangba'),
(795, 'Kylmäkoski'),
(796, 'Ishqoshim'),
(797, 'Rendeng'),
(798, 'Zwolle'),
(799, 'Al Matūn'),
(800, 'Georgetown'),
(801, 'Dedenëvo'),
(802, 'Kurashiki'),
(803, 'Zarqa'),
(804, 'Iles'),
(805, 'Ambat'),
(806, 'Nangahale'),
(807, 'Tracal'),
(808, 'Annan'),
(809, 'Dukuhmencek Lor'),
(810, 'Verkhniy Yasenov'),
(811, 'Taloy'),
(812, 'San Isidro'),
(813, 'Sandviken'),
(814, 'Almere Haven'),
(815, 'Alès'),
(816, 'Luopu'),
(817, 'Władysławowo'),
(818, 'Xi’an'),
(819, 'Gizo'),
(820, 'Cama Juan'),
(821, 'Qiqian'),
(822, 'Citeguh'),
(823, 'San Justo'),
(824, 'Widorokandang'),
(825, 'Tagnanan'),
(826, 'Jing’an'),
(827, 'Tobias Barreto'),
(828, 'Gocoton'),
(829, 'Skelivka'),
(830, 'Verkhnyachka'),
(831, 'Kuusjoki'),
(832, 'Bagahanlad'),
(833, 'Gaotaizi'),
(834, 'Lashio'),
(835, 'Zapolyarnyy'),
(836, 'Patalan'),
(837, 'Jingyu'),
(838, 'Vostok'),
(839, 'Stockholm'),
(840, 'Znamenskoye'),
(841, 'Shangping'),
(842, 'Fernandópolis'),
(843, 'Columbia'),
(844, 'Ed'),
(845, 'Houston'),
(846, 'Yên Lạc'),
(847, 'Changwon'),
(848, 'Dve Mogili'),
(849, 'Oujiangcha'),
(850, 'Sangalhos'),
(851, 'Milton'),
(852, 'Baiguo'),
(853, 'Daohe'),
(854, 'Ulricehamn'),
(855, 'Mīāndoāb'),
(856, 'Xiniqi'),
(857, 'Zhaotong'),
(858, 'Lac du Bonnet'),
(859, 'Duantan'),
(860, 'Beishan'),
(861, 'Kořenov'),
(862, 'Wates'),
(863, 'Borzechów'),
(864, 'Lebak Timur'),
(865, 'Jiashi'),
(866, 'Cawayan'),
(867, 'Uppsala'),
(868, 'Amsterdam Oud Zuid en Rivierenbuurt'),
(869, 'Dolany'),
(870, 'Harstad'),
(871, 'Xundian'),
(872, 'Zambrów'),
(873, 'Lengkongjaya'),
(874, 'Tanjungrejo Lor'),
(875, 'Divjakë'),
(876, 'Quinipot'),
(877, 'Xin’an'),
(878, 'Nezhinka'),
(879, 'Igoumenítsa'),
(880, 'Perechyn'),
(881, 'Orahovica'),
(882, 'Itambé'),
(883, 'Le Havre'),
(884, 'Jemielno'),
(885, 'Rizó'),
(886, 'Goascorán'),
(887, 'Al Qūşīyah'),
(888, 'Javhlant'),
(889, 'Cool űrhajó'),
(890, 'İsmayıllı'),
(891, 'Shishan'),
(892, 'Anastácio'),
(893, 'Bistrica ob Sotli'),
(894, 'Zhonghuopu'),
(895, 'Śródmieście'),
(896, 'Gorobinci'),
(897, 'Niort'),
(898, 'Arras'),
(899, 'Finzes'),
(900, 'Hamilton'),
(901, 'Kirkuk'),
(902, 'Laveiras'),
(903, 'Željezno Polje'),
(904, 'West Palm Beach'),
(905, 'Nizhniy Tagil'),
(906, 'Fuxi'),
(907, 'Świlcza'),
(908, 'Kuala Lumpur'),
(909, 'Tercena'),
(910, 'Delft'),
(911, 'Curuan'),
(912, 'Ban Dung'),
(913, 'Krajan'),
(914, 'Uglich'),
(915, 'Bordeaux'),
(916, 'Paccho'),
(917, 'Nagu'),
(918, 'Tianqian'),
(919, 'Narol'),
(920, 'Torrijos'),
(921, 'Lennec'),
(922, 'Trebisht-Muçinë'),
(923, 'Riit'),
(924, 'Cumba'),
(925, 'Buchou'),
(926, 'Bekasi'),
(927, 'Cihideung Satu'),
(928, 'Voznesenskoye'),
(929, 'Fiães'),
(930, 'Yangzi Jianglu'),
(931, 'Rîşcani'),
(932, 'Kowŏn-ŭp'),
(933, 'San Isidro'),
(934, 'Dajabón'),
(935, 'Nabunturan'),
(936, 'Ruma'),
(937, 'Kuala Pilah'),
(938, 'Kuala Lumpur'),
(939, 'Senggapi'),
(940, 'Hongmiao'),
(941, 'Monze'),
(942, 'Atipuluhan'),
(943, 'Mugi'),
(944, 'Crnilište'),
(945, 'Sindangpanji'),
(946, 'Khelyulya'),
(947, 'Belo Oriente'),
(948, 'Baitang'),
(949, 'Hämeenkoski'),
(950, 'Thành Phố Ninh Bình'),
(951, 'Calgary'),
(952, 'Qiujima'),
(953, 'Yug'),
(954, 'Nong Kung Si'),
(955, 'The Valley'),
(956, 'Da’anshan'),
(957, 'Krajan Craken'),
(958, 'Kardítsa'),
(959, 'Erling'),
(960, 'Gambaru'),
(961, 'Parikkala'),
(962, 'Bunisari'),
(963, 'Shanjiao'),
(964, 'Krajan Alastengah'),
(965, 'Clondalkin'),
(966, 'Criuleni'),
(967, 'Boxholm'),
(968, 'Rabat'),
(969, 'Kirkland Lake'),
(970, 'Al Ḩammāmāt'),
(971, 'Guajiasi'),
(972, 'Dorp Tera Kora'),
(973, 'Cabanbanan'),
(974, 'Fengcheng'),
(975, 'Vespasiano'),
(976, 'Setono'),
(977, 'Đắk Glei'),
(978, 'Jequitinhonha'),
(979, 'Żelistrzewo'),
(980, 'Krajan Gebangan'),
(981, 'Miatli'),
(982, 'Jinchang'),
(983, 'Tan Sum'),
(984, 'Fudian'),
(985, 'Kolomak'),
(986, 'Pickering'),
(987, 'Cikalang'),
(988, 'Stockholm'),
(989, 'São João da Boa Vista'),
(990, 'Labrador City'),
(991, 'Danyang'),
(992, 'Pavlovka'),
(993, 'Zhangcun'),
(994, 'Cibeureum'),
(995, 'Pagangan'),
(996, 'Fontainebleau'),
(997, 'Des Moines'),
(998, 'Gandra'),
(999, 'Bogorejo'),
(1000, 'Liopétri');

-- --------------------------------------------------------

--
-- Structure de la table `party`
--

CREATE TABLE `party` (
  `id_party` smallint UNSIGNED NOT NULL,
  `number_players` smallint UNSIGNED NOT NULL,
  `id_infos` smallint UNSIGNED NOT NULL,
  `id_role_type` smallint UNSIGNED NOT NULL,
  `id_localisation` smallint UNSIGNED NOT NULL,
  `id_user` smallint UNSIGNED NOT NULL,
  `id_universe` smallint UNSIGNED NOT NULL
) ENGINE=InnoDB DEFAULT CHARSET=utf8mb4 COLLATE=utf8mb4_0900_ai_ci;

--
-- Déchargement des données de la table `party`
--

INSERT INTO `party` (`id_party`, `number_players`, `id_infos`, `id_role_type`, `id_localisation`, `id_user`, `id_universe`) VALUES
(1, 8, 83, 5, 571, 808, 4),
(2, 5, 915, 3, 488, 179, 45),
(3, 8, 594, 1, 934, 702, 40),
(4, 4, 846, 3, 303, 257, 32),
(5, 8, 318, 2, 404, 326, 45),
(6, 8, 819, 4, 406, 50, 9),
(7, 3, 21, 3, 790, 703, 4),
(8, 1, 281, 5, 315, 686, 11),
(9, 9, 814, 4, 845, 613, 8),
(10, 3, 722, 5, 997, 456, 44),
(11, 1, 407, 5, 213, 291, 17),
(12, 3, 199, 3, 286, 687, 11),
(13, 2, 943, 3, 3, 308, 26),
(14, 9, 928, 1, 256, 874, 15),
(15, 9, 650, 4, 380, 981, 37),
(16, 1, 861, 1, 236, 229, 8),
(17, 10, 717, 2, 191, 542, 3),
(18, 5, 774, 3, 865, 252, 3),
(19, 5, 751, 1, 427, 354, 38),
(20, 3, 762, 1, 84, 466, 13),
(21, 7, 252, 2, 849, 322, 5),
(22, 10, 399, 5, 970, 310, 44),
(23, 2, 249, 1, 827, 408, 13),
(24, 10, 130, 2, 395, 348, 8),
(25, 1, 729, 2, 383, 682, 30),
(26, 3, 76, 1, 391, 337, 5),
(27, 10, 698, 4, 546, 96, 4),
(28, 8, 986, 3, 859, 210, 9),
(29, 8, 99, 5, 724, 936, 19),
(30, 7, 835, 2, 23, 846, 13),
(31, 6, 812, 5, 690, 238, 16),
(32, 7, 760, 1, 311, 254, 38),
(33, 4, 235, 1, 348, 968, 5),
(34, 7, 85, 2, 376, 492, 29),
(35, 9, 117, 5, 365, 344, 40),
(36, 10, 557, 5, 885, 203, 4),
(37, 4, 92, 5, 654, 334, 10),
(38, 10, 584, 4, 906, 696, 16),
(39, 6, 943, 2, 391, 146, 15),
(40, 2, 973, 1, 493, 157, 34),
(41, 6, 254, 3, 125, 490, 13),
(42, 4, 730, 4, 870, 952, 17),
(43, 8, 841, 2, 922, 771, 44),
(44, 6, 379, 4, 638, 345, 3),
(45, 10, 129, 3, 504, 914, 32),
(46, 4, 157, 2, 327, 898, 5),
(47, 4, 169, 4, 53, 533, 27),
(48, 6, 94, 5, 299, 622, 44),
(49, 2, 738, 5, 951, 347, 12),
(50, 1, 237, 1, 846, 580, 26),
(51, 2, 443, 5, 671, 521, 36),
(52, 2, 899, 2, 210, 313, 9),
(53, 9, 759, 1, 918, 160, 17),
(54, 10, 372, 4, 7, 308, 25),
(55, 8, 173, 4, 683, 473, 10),
(56, 4, 521, 4, 32, 869, 25),
(57, 8, 914, 3, 700, 637, 37),
(58, 10, 83, 5, 616, 760, 46),
(59, 2, 864, 4, 74, 642, 36),
(60, 10, 862, 1, 7, 241, 7),
(61, 6, 349, 2, 932, 712, 30),
(62, 9, 477, 2, 496, 210, 44),
(63, 6, 734, 3, 658, 790, 25),
(64, 8, 444, 3, 4, 883, 31),
(65, 9, 421, 5, 175, 470, 16),
(66, 4, 360, 2, 654, 490, 40),
(67, 5, 599, 5, 855, 764, 5),
(68, 4, 815, 4, 411, 741, 37),
(69, 4, 431, 5, 797, 893, 6),
(70, 1, 543, 1, 416, 238, 31),
(71, 5, 638, 1, 612, 394, 32),
(72, 5, 388, 3, 601, 788, 29),
(73, 8, 780, 4, 512, 69, 14),
(74, 1, 319, 2, 373, 657, 29),
(75, 10, 92, 2, 637, 542, 18),
(76, 10, 106, 2, 843, 213, 12),
(77, 4, 837, 1, 185, 317, 33),
(78, 1, 199, 4, 661, 629, 30),
(79, 6, 177, 1, 884, 448, 33),
(80, 6, 979, 1, 213, 869, 26),
(81, 6, 713, 1, 665, 555, 16),
(82, 8, 815, 2, 343, 241, 42),
(83, 3, 76, 5, 831, 6, 23),
(84, 1, 360, 3, 148, 32, 11),
(85, 7, 416, 5, 192, 26, 41),
(86, 10, 435, 1, 607, 457, 16),
(87, 7, 660, 3, 514, 699, 5),
(88, 2, 185, 3, 109, 632, 13),
(89, 5, 712, 1, 330, 318, 8),
(90, 4, 866, 3, 904, 813, 6),
(91, 9, 178, 4, 665, 426, 13),
(92, 7, 988, 3, 299, 61, 27),
(93, 10, 516, 2, 102, 463, 13),
(94, 2, 582, 4, 170, 975, 19),
(95, 3, 239, 3, 829, 975, 40),
(96, 8, 982, 4, 851, 866, 22),
(97, 7, 919, 2, 311, 222, 24),
(98, 6, 890, 2, 374, 983, 23),
(99, 6, 803, 2, 114, 583, 28),
(100, 1, 925, 5, 817, 644, 24),
(101, 6, 53, 5, 136, 545, 21),
(102, 7, 3, 4, 94, 416, 44),
(103, 3, 905, 1, 794, 362, 40),
(104, 6, 957, 3, 686, 672, 45),
(105, 2, 456, 2, 393, 543, 35),
(106, 2, 236, 5, 309, 967, 8),
(107, 8, 637, 1, 638, 805, 6),
(108, 4, 298, 2, 761, 931, 4),
(109, 8, 971, 4, 547, 257, 38),
(110, 10, 393, 3, 604, 504, 7),
(111, 6, 725, 1, 147, 807, 21),
(112, 3, 747, 2, 200, 53, 45),
(113, 3, 399, 5, 313, 23, 37),
(114, 8, 12, 4, 787, 247, 40),
(115, 4, 3, 2, 762, 157, 21),
(116, 3, 899, 1, 654, 341, 21),
(117, 3, 786, 2, 947, 701, 14),
(118, 1, 447, 3, 221, 377, 43),
(119, 2, 955, 5, 825, 866, 15),
(120, 7, 465, 5, 61, 767, 36),
(121, 2, 706, 1, 368, 940, 35),
(122, 2, 920, 2, 390, 146, 4),
(123, 6, 293, 2, 462, 281, 20),
(124, 1, 837, 3, 596, 396, 17),
(125, 10, 631, 5, 157, 706, 19),
(126, 9, 692, 3, 287, 895, 30),
(127, 8, 272, 2, 241, 763, 38),
(128, 7, 545, 5, 117, 324, 8),
(129, 1, 55, 2, 597, 325, 28),
(130, 2, 673, 2, 640, 410, 29),
(131, 2, 988, 1, 871, 666, 27),
(132, 1, 747, 4, 646, 413, 23),
(133, 8, 199, 3, 741, 946, 40),
(134, 6, 709, 4, 400, 58, 11),
(135, 7, 373, 5, 966, 855, 40),
(136, 9, 666, 4, 550, 270, 5),
(137, 8, 155, 1, 223, 439, 36),
(138, 3, 893, 3, 938, 681, 20),
(139, 9, 695, 5, 352, 307, 44),
(140, 9, 631, 2, 62, 864, 6),
(141, 2, 79, 4, 768, 333, 37),
(142, 2, 837, 2, 500, 483, 46),
(143, 9, 934, 4, 593, 797, 31),
(144, 5, 480, 4, 998, 207, 47),
(145, 8, 549, 4, 297, 124, 36),
(146, 2, 126, 1, 339, 665, 30),
(147, 5, 523, 5, 418, 9, 33),
(148, 6, 294, 2, 859, 877, 33),
(149, 8, 109, 1, 969, 338, 8),
(150, 9, 379, 2, 886, 634, 9),
(151, 7, 895, 1, 716, 248, 47),
(152, 9, 301, 1, 225, 381, 30),
(153, 3, 68, 5, 712, 923, 30),
(154, 10, 186, 4, 594, 796, 46),
(155, 9, 414, 2, 458, 359, 37),
(156, 3, 294, 5, 46, 37, 11),
(157, 2, 374, 4, 833, 58, 23),
(158, 2, 329, 4, 778, 272, 23),
(159, 3, 494, 1, 879, 170, 25),
(160, 5, 620, 1, 108, 117, 21),
(161, 7, 172, 1, 98, 925, 9),
(162, 2, 444, 5, 103, 148, 41),
(163, 7, 908, 1, 36, 390, 24),
(164, 8, 65, 4, 553, 377, 6),
(165, 1, 641, 1, 36, 969, 44),
(166, 10, 135, 2, 415, 907, 18),
(167, 7, 37, 2, 752, 412, 30),
(168, 3, 706, 2, 750, 959, 5),
(169, 1, 291, 5, 21, 408, 31),
(170, 6, 976, 3, 796, 973, 16),
(171, 2, 337, 5, 631, 457, 31),
(172, 3, 406, 5, 565, 55, 29),
(173, 1, 787, 5, 452, 663, 26),
(174, 8, 723, 5, 917, 663, 39),
(175, 4, 406, 3, 743, 245, 4),
(176, 7, 57, 4, 580, 184, 13),
(177, 2, 571, 1, 600, 348, 9),
(178, 4, 187, 5, 521, 542, 37),
(179, 6, 847, 4, 974, 382, 18),
(180, 3, 393, 4, 638, 458, 25),
(181, 9, 238, 1, 991, 572, 7),
(182, 1, 299, 2, 745, 885, 44),
(183, 1, 339, 5, 909, 655, 45),
(184, 3, 305, 5, 894, 383, 16),
(185, 4, 779, 1, 915, 570, 39),
(186, 5, 405, 3, 273, 711, 47),
(187, 7, 718, 4, 524, 893, 44),
(188, 7, 235, 3, 852, 900, 3),
(189, 4, 159, 2, 847, 624, 25),
(190, 9, 883, 4, 22, 651, 47),
(191, 2, 936, 5, 458, 399, 16),
(192, 7, 994, 4, 823, 598, 22),
(193, 6, 116, 4, 449, 940, 16),
(194, 3, 389, 3, 496, 470, 47),
(195, 1, 489, 2, 197, 6, 17),
(196, 3, 44, 3, 72, 253, 26),
(197, 2, 504, 5, 972, 426, 27),
(198, 8, 389, 5, 368, 854, 5),
(199, 4, 507, 1, 24, 569, 43),
(200, 10, 708, 4, 780, 617, 42),
(201, 7, 81, 1, 560, 633, 34),
(202, 4, 399, 5, 521, 633, 30),
(203, 6, 419, 3, 24, 511, 47),
(204, 7, 541, 1, 691, 975, 19),
(205, 8, 212, 2, 913, 937, 39),
(206, 2, 39, 4, 681, 364, 26),
(207, 5, 691, 3, 600, 903, 16),
(208, 8, 841, 5, 747, 389, 47),
(209, 6, 74, 1, 246, 826, 15),
(210, 7, 933, 2, 338, 310, 34),
(211, 5, 435, 2, 409, 128, 20),
(212, 1, 162, 4, 537, 157, 30),
(213, 10, 266, 1, 865, 987, 8),
(214, 6, 896, 4, 291, 574, 17),
(215, 6, 698, 1, 643, 847, 23),
(216, 3, 926, 1, 879, 853, 9),
(217, 1, 65, 5, 133, 264, 10),
(218, 7, 80, 1, 239, 921, 27),
(219, 2, 747, 1, 458, 886, 5),
(220, 1, 503, 1, 936, 682, 25),
(221, 9, 364, 1, 803, 508, 42),
(222, 8, 850, 5, 689, 597, 22),
(223, 1, 130, 5, 12, 470, 45),
(224, 7, 184, 5, 314, 341, 32),
(225, 6, 364, 3, 618, 307, 45),
(226, 5, 210, 3, 650, 398, 44),
(227, 1, 613, 5, 670, 208, 29),
(228, 10, 19, 2, 384, 652, 9),
(229, 6, 427, 4, 842, 690, 3),
(230, 8, 592, 2, 521, 566, 13),
(231, 4, 907, 3, 642, 439, 19),
(232, 2, 6, 2, 921, 755, 43),
(233, 7, 309, 3, 521, 466, 44),
(234, 5, 998, 5, 670, 77, 40),
(235, 1, 836, 1, 988, 680, 40),
(236, 1, 127, 2, 503, 989, 7),
(237, 8, 467, 5, 553, 509, 22),
(238, 5, 55, 3, 811, 703, 47),
(239, 1, 467, 4, 145, 949, 18),
(240, 7, 921, 4, 242, 795, 9),
(241, 8, 568, 4, 22, 688, 17),
(242, 8, 610, 3, 452, 884, 7),
(243, 3, 935, 4, 599, 577, 36),
(244, 10, 472, 1, 168, 723, 23),
(245, 3, 300, 4, 169, 357, 41),
(246, 2, 907, 3, 534, 487, 24),
(247, 10, 244, 1, 540, 154, 26),
(248, 7, 453, 4, 491, 675, 34),
(249, 6, 694, 3, 177, 999, 23),
(250, 10, 243, 2, 953, 990, 23),
(251, 6, 69, 4, 68, 928, 16),
(252, 4, 445, 3, 516, 575, 47),
(253, 6, 496, 3, 52, 809, 31),
(254, 5, 394, 4, 703, 856, 24),
(255, 7, 104, 3, 61, 262, 45),
(256, 6, 142, 5, 106, 200, 34),
(257, 2, 686, 1, 850, 715, 31),
(258, 5, 785, 4, 926, 350, 25),
(259, 1, 864, 1, 102, 607, 15),
(260, 9, 176, 4, 157, 565, 39),
(261, 10, 541, 3, 319, 102, 11),
(262, 9, 526, 4, 310, 479, 46),
(263, 10, 641, 5, 174, 974, 35),
(264, 2, 799, 5, 25, 897, 32),
(265, 1, 742, 1, 385, 801, 17),
(266, 9, 874, 2, 560, 235, 26),
(267, 8, 559, 2, 193, 193, 11),
(268, 3, 746, 1, 260, 222, 8),
(269, 4, 56, 2, 143, 194, 44),
(270, 8, 532, 1, 346, 1, 44),
(271, 6, 877, 4, 277, 302, 38),
(272, 9, 839, 2, 123, 623, 11),
(273, 6, 857, 1, 836, 987, 36),
(274, 10, 425, 1, 32, 590, 14),
(275, 10, 573, 3, 98, 19, 24),
(276, 9, 687, 1, 793, 502, 13),
(277, 9, 65, 2, 317, 753, 29),
(278, 6, 37, 1, 204, 744, 20),
(279, 4, 825, 4, 968, 780, 21),
(280, 9, 133, 2, 176, 172, 16),
(281, 2, 898, 3, 256, 438, 11),
(282, 4, 642, 1, 375, 16, 31),
(283, 4, 238, 4, 854, 85, 11),
(284, 9, 18, 3, 805, 418, 18),
(285, 7, 401, 5, 224, 187, 26),
(286, 7, 736, 3, 853, 265, 7),
(287, 3, 644, 3, 866, 334, 44),
(288, 3, 117, 3, 641, 252, 28),
(289, 10, 965, 2, 812, 152, 35),
(290, 7, 660, 2, 286, 686, 36),
(291, 4, 239, 5, 695, 451, 26),
(292, 6, 551, 1, 599, 553, 37),
(293, 7, 869, 1, 363, 107, 5),
(294, 4, 526, 5, 246, 620, 4),
(295, 2, 947, 3, 614, 8, 42),
(296, 9, 153, 1, 870, 110, 5),
(297, 3, 887, 3, 803, 998, 3),
(298, 5, 973, 2, 70, 92, 17),
(299, 9, 158, 1, 708, 849, 42),
(300, 3, 267, 3, 634, 649, 27),
(301, 1, 792, 5, 451, 432, 25),
(302, 3, 587, 1, 850, 322, 42),
(303, 10, 85, 2, 471, 177, 14),
(304, 5, 276, 4, 473, 823, 17),
(305, 4, 857, 4, 516, 195, 40),
(306, 2, 731, 2, 124, 965, 11),
(307, 8, 746, 2, 688, 262, 15),
(308, 6, 471, 1, 509, 485, 15),
(309, 7, 384, 3, 499, 531, 18),
(310, 9, 221, 3, 278, 309, 13),
(311, 1, 428, 1, 341, 854, 39),
(312, 2, 465, 5, 416, 266, 22),
(313, 2, 818, 2, 587, 548, 10),
(314, 7, 686, 2, 444, 232, 33),
(315, 8, 715, 1, 416, 732, 4),
(316, 9, 1, 4, 529, 690, 33),
(317, 3, 250, 5, 416, 940, 15),
(318, 6, 50, 5, 895, 396, 12),
(319, 8, 822, 3, 566, 890, 5),
(320, 8, 676, 5, 579, 222, 13),
(321, 9, 586, 1, 362, 785, 26),
(322, 8, 169, 4, 721, 709, 24),
(323, 3, 487, 1, 183, 698, 26),
(324, 10, 762, 4, 580, 439, 15),
(325, 10, 40, 4, 128, 560, 13),
(326, 8, 24, 1, 677, 670, 5),
(327, 10, 390, 5, 151, 721, 47),
(328, 9, 712, 5, 500, 829, 3),
(329, 3, 465, 1, 188, 349, 5),
(330, 4, 297, 2, 850, 770, 33),
(331, 2, 523, 5, 665, 523, 10),
(332, 3, 799, 3, 36, 531, 20),
(333, 5, 555, 4, 152, 900, 11),
(334, 6, 268, 2, 879, 303, 47),
(335, 2, 991, 5, 743, 48, 18),
(336, 2, 483, 1, 229, 566, 15),
(337, 1, 893, 4, 63, 833, 5),
(338, 5, 612, 1, 375, 59, 23),
(339, 4, 728, 1, 398, 427, 32),
(340, 9, 231, 1, 259, 625, 21),
(341, 9, 735, 2, 67, 968, 38),
(342, 3, 359, 5, 688, 258, 46),
(343, 2, 690, 2, 962, 771, 25),
(344, 8, 461, 2, 786, 743, 28),
(345, 5, 267, 2, 709, 437, 39),
(346, 1, 49, 5, 300, 817, 45),
(347, 9, 94, 1, 540, 552, 20),
(348, 1, 564, 3, 795, 633, 5),
(349, 1, 121, 3, 177, 913, 4),
(350, 9, 183, 3, 605, 917, 20),
(351, 9, 672, 1, 258, 313, 14),
(352, 8, 778, 5, 940, 462, 47),
(353, 2, 546, 4, 116, 706, 39),
(354, 4, 888, 2, 776, 379, 30),
(355, 3, 516, 1, 862, 965, 7),
(356, 3, 393, 2, 317, 72, 46),
(357, 8, 40, 2, 114, 634, 7),
(358, 2, 956, 5, 798, 852, 42),
(359, 1, 921, 5, 782, 636, 12),
(360, 4, 322, 5, 696, 403, 12),
(361, 8, 285, 2, 178, 695, 15),
(362, 6, 251, 1, 592, 815, 24),
(363, 8, 990, 4, 269, 860, 31),
(364, 8, 766, 4, 855, 184, 33),
(365, 6, 739, 2, 374, 348, 21),
(366, 2, 977, 4, 92, 716, 23),
(367, 2, 243, 5, 172, 202, 7),
(368, 7, 459, 5, 633, 761, 44),
(369, 5, 363, 1, 55, 249, 3),
(370, 8, 157, 1, 195, 514, 18),
(371, 6, 244, 1, 427, 915, 41),
(372, 10, 792, 5, 713, 861, 45),
(373, 4, 739, 1, 412, 439, 33),
(374, 4, 649, 4, 523, 860, 29),
(375, 6, 263, 5, 227, 599, 29),
(376, 3, 865, 1, 792, 238, 4),
(377, 3, 954, 1, 926, 837, 9),
(378, 1, 265, 1, 148, 603, 24),
(379, 2, 994, 1, 804, 8, 36),
(380, 5, 409, 1, 116, 124, 27),
(381, 3, 865, 4, 855, 684, 38),
(382, 10, 123, 2, 109, 73, 26),
(383, 9, 138, 2, 224, 370, 10),
(384, 9, 669, 5, 438, 839, 43),
(385, 4, 562, 2, 851, 849, 31),
(386, 5, 840, 3, 899, 194, 31),
(387, 3, 28, 4, 986, 405, 5),
(388, 3, 628, 5, 713, 413, 4),
(389, 6, 359, 3, 666, 236, 5),
(390, 1, 220, 4, 877, 444, 29),
(391, 2, 900, 5, 590, 370, 43),
(392, 10, 71, 2, 523, 114, 26),
(393, 7, 45, 2, 721, 624, 6),
(394, 3, 938, 5, 474, 153, 22),
(395, 2, 863, 1, 896, 121, 8),
(396, 7, 350, 4, 386, 532, 10),
(397, 6, 351, 1, 666, 897, 13),
(398, 6, 580, 2, 148, 837, 32),
(399, 4, 104, 1, 537, 73, 9),
(400, 1, 399, 5, 343, 205, 21),
(401, 7, 520, 1, 4, 96, 46),
(402, 8, 757, 3, 880, 734, 8),
(403, 7, 554, 4, 477, 843, 13),
(404, 7, 434, 1, 757, 764, 7),
(405, 2, 227, 4, 104, 382, 14),
(406, 2, 169, 2, 175, 388, 19),
(407, 5, 925, 2, 260, 868, 27),
(408, 7, 297, 1, 458, 880, 17),
(409, 7, 504, 1, 500, 903, 41),
(410, 4, 672, 3, 710, 151, 40),
(411, 3, 946, 4, 813, 451, 13),
(412, 5, 986, 4, 524, 125, 28),
(413, 9, 282, 2, 248, 607, 6),
(414, 8, 191, 5, 374, 94, 6),
(415, 1, 369, 4, 750, 753, 41),
(416, 1, 554, 3, 700, 839, 29),
(417, 10, 135, 2, 446, 521, 29),
(418, 10, 864, 4, 58, 958, 37),
(419, 10, 213, 5, 703, 767, 40),
(420, 5, 257, 5, 785, 661, 39),
(421, 9, 169, 3, 275, 520, 8),
(422, 3, 134, 5, 428, 134, 45),
(423, 10, 988, 2, 521, 116, 23),
(424, 1, 145, 1, 627, 170, 26),
(425, 2, 894, 2, 277, 983, 6),
(426, 1, 130, 3, 365, 174, 24),
(427, 4, 395, 3, 49, 709, 10),
(428, 5, 149, 5, 313, 975, 10),
(429, 2, 965, 3, 45, 698, 27),
(430, 5, 843, 3, 413, 71, 31),
(431, 1, 413, 3, 904, 322, 15),
(432, 2, 815, 5, 426, 392, 38),
(433, 2, 426, 5, 224, 550, 40),
(434, 7, 127, 4, 685, 351, 16),
(435, 3, 575, 4, 227, 172, 30),
(436, 1, 175, 2, 89, 771, 5),
(437, 7, 713, 5, 265, 521, 7),
(438, 3, 191, 5, 348, 38, 42),
(439, 6, 763, 2, 349, 549, 28),
(440, 2, 457, 2, 916, 690, 17),
(441, 8, 797, 1, 133, 957, 27),
(442, 2, 854, 5, 454, 874, 11),
(443, 7, 53, 3, 859, 831, 39),
(444, 1, 235, 1, 675, 719, 18),
(445, 4, 527, 5, 24, 34, 44),
(446, 3, 605, 4, 472, 194, 39),
(447, 6, 11, 5, 564, 848, 19),
(448, 7, 187, 4, 750, 735, 19),
(449, 7, 658, 2, 848, 124, 40),
(450, 5, 574, 2, 473, 304, 3),
(451, 9, 874, 2, 315, 132, 25),
(452, 7, 723, 1, 108, 99, 42),
(453, 3, 210, 2, 766, 137, 43),
(454, 1, 979, 2, 438, 240, 9),
(455, 1, 354, 5, 424, 268, 13),
(456, 3, 706, 4, 912, 520, 22),
(457, 10, 959, 2, 315, 650, 34),
(458, 2, 464, 2, 801, 876, 35),
(459, 4, 862, 5, 685, 839, 14),
(460, 8, 518, 4, 262, 568, 32),
(461, 4, 213, 1, 664, 915, 4),
(462, 10, 278, 2, 397, 446, 15),
(463, 6, 547, 2, 369, 971, 8),
(464, 4, 299, 3, 578, 538, 19),
(465, 5, 289, 1, 926, 637, 31),
(466, 10, 980, 3, 824, 89, 3),
(467, 7, 543, 4, 765, 189, 18),
(468, 8, 77, 2, 460, 918, 38),
(469, 10, 142, 4, 817, 434, 40),
(470, 5, 896, 3, 596, 303, 8),
(471, 10, 110, 4, 127, 136, 44),
(472, 8, 846, 1, 705, 428, 32),
(473, 9, 27, 2, 226, 963, 37),
(474, 7, 360, 3, 354, 506, 35),
(475, 4, 321, 5, 869, 872, 33),
(476, 4, 204, 3, 318, 534, 30),
(477, 10, 318, 3, 644, 790, 40),
(478, 1, 509, 2, 128, 491, 10),
(479, 10, 933, 4, 469, 223, 17),
(480, 6, 293, 3, 691, 321, 27),
(481, 4, 971, 4, 994, 630, 23),
(482, 9, 864, 4, 741, 356, 37),
(483, 2, 654, 5, 734, 565, 36),
(484, 6, 427, 5, 770, 575, 4),
(485, 4, 909, 2, 712, 96, 35),
(486, 6, 70, 4, 298, 465, 31),
(487, 2, 704, 5, 213, 597, 16),
(488, 8, 873, 5, 285, 706, 23),
(489, 4, 998, 3, 94, 714, 26),
(490, 2, 485, 4, 640, 886, 14),
(491, 1, 191, 5, 548, 979, 13),
(492, 4, 938, 4, 703, 437, 4),
(493, 9, 667, 4, 783, 223, 28),
(494, 7, 936, 1, 752, 545, 20),
(495, 10, 568, 4, 726, 759, 14),
(496, 10, 501, 5, 403, 83, 29),
(497, 7, 218, 1, 644, 380, 34),
(498, 7, 857, 3, 481, 978, 25),
(499, 6, 339, 3, 585, 71, 47),
(500, 5, 607, 1, 260, 947, 35),
(501, 7, 370, 5, 886, 958, 30),
(502, 10, 319, 4, 718, 541, 37),
(503, 8, 445, 2, 928, 735, 3),
(504, 4, 665, 1, 37, 42, 13),
(505, 1, 226, 2, 679, 657, 25),
(506, 3, 543, 1, 746, 660, 4),
(507, 1, 602, 3, 510, 463, 12),
(508, 1, 102, 1, 147, 845, 40),
(509, 1, 727, 1, 252, 832, 21),
(510, 10, 501, 2, 389, 438, 3),
(511, 7, 713, 1, 941, 548, 20),
(512, 2, 322, 5, 644, 692, 8),
(513, 9, 784, 3, 144, 681, 35),
(514, 7, 890, 5, 367, 649, 14),
(515, 7, 370, 4, 95, 669, 29),
(516, 2, 469, 1, 682, 403, 42),
(517, 6, 418, 4, 629, 343, 35),
(518, 10, 510, 2, 888, 593, 32),
(519, 1, 635, 4, 325, 200, 26),
(520, 5, 391, 4, 923, 496, 12),
(521, 10, 786, 1, 113, 79, 27),
(522, 3, 408, 1, 396, 142, 3),
(523, 5, 300, 3, 861, 272, 35),
(524, 8, 408, 3, 895, 707, 12),
(525, 1, 753, 4, 548, 85, 30),
(526, 10, 250, 2, 173, 122, 20),
(527, 7, 338, 5, 618, 810, 28),
(528, 9, 785, 3, 337, 266, 18),
(529, 8, 576, 1, 472, 863, 42),
(530, 4, 548, 3, 485, 326, 38),
(531, 7, 750, 4, 745, 78, 24),
(532, 9, 395, 4, 211, 971, 20),
(533, 6, 748, 1, 862, 116, 12),
(534, 3, 430, 4, 223, 656, 15),
(535, 2, 673, 5, 957, 211, 13),
(536, 6, 610, 5, 3, 157, 32),
(537, 1, 264, 5, 484, 153, 17),
(538, 1, 833, 3, 982, 848, 33),
(539, 8, 328, 5, 350, 533, 12),
(540, 6, 237, 3, 340, 446, 38),
(541, 4, 701, 1, 983, 441, 31),
(542, 4, 847, 3, 844, 494, 46),
(543, 2, 180, 4, 378, 707, 43),
(544, 5, 230, 2, 968, 450, 7),
(545, 3, 367, 4, 980, 683, 6),
(546, 5, 873, 3, 370, 843, 5),
(547, 6, 388, 5, 548, 957, 26),
(548, 2, 411, 4, 577, 718, 6),
(549, 10, 112, 4, 382, 312, 46),
(550, 7, 183, 1, 560, 294, 4),
(551, 7, 818, 5, 389, 122, 12),
(552, 3, 998, 2, 667, 290, 46),
(553, 6, 642, 1, 165, 222, 16),
(554, 7, 701, 3, 685, 960, 11),
(555, 4, 543, 1, 855, 682, 9),
(556, 1, 414, 4, 425, 945, 37),
(557, 10, 505, 2, 826, 544, 32),
(558, 8, 841, 1, 513, 182, 14),
(559, 1, 691, 5, 805, 368, 6),
(560, 8, 44, 1, 251, 538, 25),
(561, 5, 775, 4, 16, 204, 13),
(562, 9, 117, 5, 338, 558, 9),
(563, 6, 341, 3, 869, 212, 24),
(564, 10, 652, 3, 740, 860, 47),
(565, 7, 931, 2, 273, 549, 5),
(566, 9, 955, 5, 584, 264, 41),
(567, 6, 987, 2, 605, 146, 20),
(568, 6, 772, 3, 592, 655, 26),
(569, 1, 505, 4, 535, 141, 39),
(570, 5, 346, 2, 245, 657, 19),
(571, 10, 899, 3, 654, 607, 42),
(572, 9, 615, 5, 946, 464, 11),
(573, 9, 797, 2, 774, 306, 45),
(574, 1, 922, 2, 259, 651, 17),
(575, 2, 585, 5, 948, 456, 11),
(576, 2, 876, 2, 900, 726, 19),
(577, 10, 637, 2, 7, 463, 14),
(578, 4, 284, 4, 311, 374, 26),
(579, 3, 528, 1, 719, 501, 15),
(580, 2, 353, 4, 89, 815, 38),
(581, 1, 335, 3, 588, 763, 10),
(582, 2, 763, 1, 849, 725, 27),
(583, 4, 682, 1, 680, 637, 17),
(584, 10, 510, 3, 767, 304, 28),
(585, 1, 230, 5, 946, 655, 28),
(586, 6, 1000, 3, 453, 645, 27),
(587, 2, 967, 2, 785, 871, 6),
(588, 8, 473, 4, 416, 256, 41),
(589, 1, 656, 1, 163, 116, 45),
(590, 2, 825, 4, 270, 209, 24),
(591, 5, 729, 2, 559, 360, 46),
(592, 8, 797, 2, 34, 361, 19),
(593, 8, 368, 2, 536, 255, 47),
(594, 9, 113, 3, 870, 193, 39),
(595, 3, 941, 5, 658, 293, 6),
(596, 8, 140, 4, 313, 347, 31),
(597, 7, 982, 4, 782, 182, 17),
(598, 3, 915, 1, 643, 153, 45),
(599, 10, 232, 1, 890, 80, 21),
(600, 3, 573, 2, 106, 990, 25),
(601, 3, 612, 5, 905, 664, 10),
(602, 9, 77, 5, 811, 875, 12),
(603, 6, 183, 5, 737, 212, 18),
(604, 3, 220, 4, 724, 472, 35),
(605, 4, 288, 2, 843, 731, 11),
(606, 4, 445, 1, 565, 601, 14),
(607, 7, 691, 5, 611, 500, 38),
(608, 5, 935, 3, 282, 58, 43),
(609, 10, 698, 4, 831, 511, 46),
(610, 5, 612, 5, 652, 82, 32),
(611, 9, 588, 1, 748, 530, 22),
(612, 3, 675, 2, 978, 822, 37),
(613, 5, 612, 2, 375, 575, 13),
(614, 3, 767, 5, 815, 205, 24),
(615, 6, 444, 2, 640, 26, 42),
(616, 3, 160, 2, 796, 349, 18),
(617, 8, 498, 2, 538, 994, 23),
(618, 5, 596, 5, 730, 935, 40),
(619, 9, 66, 5, 990, 31, 7),
(620, 8, 405, 3, 58, 121, 20),
(621, 4, 667, 5, 780, 243, 4),
(622, 7, 942, 4, 523, 475, 19),
(623, 3, 537, 2, 417, 297, 5),
(624, 2, 911, 5, 489, 494, 31),
(625, 3, 533, 3, 918, 215, 42),
(626, 8, 856, 5, 937, 228, 16),
(627, 7, 555, 2, 353, 714, 47),
(628, 9, 469, 2, 716, 300, 33),
(629, 8, 333, 4, 420, 417, 24),
(630, 5, 206, 2, 765, 286, 35),
(631, 1, 175, 3, 353, 425, 35),
(632, 1, 786, 3, 984, 682, 43),
(633, 10, 221, 5, 180, 912, 21),
(634, 9, 917, 5, 495, 885, 42),
(635, 8, 768, 2, 268, 679, 37),
(636, 5, 821, 1, 116, 461, 35),
(637, 2, 679, 2, 850, 244, 15),
(638, 8, 629, 2, 648, 390, 16),
(639, 8, 978, 2, 875, 853, 38),
(640, 8, 878, 1, 363, 346, 34),
(641, 8, 568, 2, 419, 673, 16),
(642, 7, 923, 1, 256, 169, 9),
(643, 10, 395, 5, 735, 501, 8),
(644, 5, 524, 2, 411, 350, 35),
(645, 5, 698, 1, 194, 448, 40),
(646, 4, 742, 1, 668, 300, 38),
(647, 4, 701, 1, 660, 395, 33),
(648, 9, 547, 3, 965, 383, 40),
(649, 2, 696, 4, 488, 107, 30),
(650, 1, 628, 2, 335, 845, 21),
(651, 7, 814, 1, 740, 778, 13),
(652, 2, 25, 4, 584, 590, 31),
(653, 7, 934, 3, 765, 611, 26),
(654, 4, 487, 5, 170, 445, 47),
(655, 10, 819, 3, 656, 231, 21),
(656, 3, 438, 5, 98, 511, 45),
(657, 10, 471, 3, 930, 454, 33),
(658, 8, 347, 4, 759, 227, 26),
(659, 1, 293, 2, 630, 468, 47),
(660, 3, 381, 1, 230, 132, 22),
(661, 8, 793, 1, 314, 833, 10),
(662, 5, 318, 3, 897, 30, 24),
(663, 5, 869, 2, 756, 921, 13),
(664, 2, 108, 1, 416, 498, 20),
(665, 1, 322, 5, 52, 608, 22),
(666, 3, 260, 1, 212, 883, 32),
(667, 9, 632, 1, 548, 532, 14),
(668, 2, 172, 1, 197, 952, 22),
(669, 8, 501, 1, 593, 597, 27),
(670, 4, 361, 1, 932, 917, 25),
(671, 8, 16, 4, 278, 400, 38),
(672, 6, 118, 1, 714, 909, 5),
(673, 6, 756, 2, 891, 411, 44),
(674, 7, 981, 4, 926, 556, 19),
(675, 9, 458, 4, 886, 242, 11),
(676, 8, 7, 1, 637, 569, 8),
(677, 6, 801, 3, 473, 34, 6),
(678, 2, 584, 4, 552, 989, 45),
(679, 10, 890, 3, 947, 21, 41),
(680, 2, 813, 3, 402, 426, 9),
(681, 1, 376, 2, 786, 373, 45),
(682, 7, 840, 5, 53, 320, 17),
(683, 9, 452, 1, 983, 141, 30),
(684, 9, 142, 4, 616, 952, 45),
(685, 1, 568, 4, 368, 531, 12),
(686, 8, 807, 4, 394, 868, 35),
(687, 2, 60, 5, 155, 985, 10),
(688, 2, 282, 4, 794, 299, 27),
(689, 10, 431, 2, 958, 58, 6),
(690, 5, 326, 4, 731, 830, 22),
(691, 8, 346, 3, 112, 137, 21),
(692, 10, 42, 1, 407, 23, 12),
(693, 7, 330, 2, 470, 442, 9),
(694, 9, 83, 4, 178, 516, 35),
(695, 2, 54, 2, 688, 948, 8),
(696, 6, 256, 4, 793, 777, 14),
(697, 9, 807, 1, 597, 12, 32),
(698, 1, 257, 5, 14, 87, 39),
(699, 5, 223, 3, 731, 236, 3),
(700, 2, 933, 4, 457, 513, 7),
(701, 10, 755, 2, 948, 388, 45),
(702, 1, 230, 5, 79, 940, 46),
(703, 10, 374, 1, 173, 777, 16),
(704, 6, 199, 5, 872, 545, 22),
(705, 1, 591, 3, 457, 861, 47),
(706, 10, 747, 1, 749, 356, 28),
(707, 3, 745, 2, 474, 234, 4),
(708, 1, 915, 2, 552, 415, 35),
(709, 5, 95, 5, 869, 348, 11),
(710, 10, 606, 4, 172, 239, 16),
(711, 7, 395, 5, 670, 287, 5),
(712, 9, 904, 1, 255, 740, 25),
(713, 2, 45, 3, 908, 67, 5),
(714, 9, 460, 4, 672, 274, 28),
(715, 5, 37, 1, 265, 377, 12),
(716, 5, 93, 1, 294, 851, 37),
(717, 6, 957, 2, 814, 153, 41),
(718, 9, 203, 3, 134, 541, 11),
(719, 6, 754, 5, 238, 296, 19),
(720, 9, 685, 5, 130, 623, 16),
(721, 9, 453, 5, 356, 88, 27),
(722, 3, 298, 3, 210, 185, 10),
(723, 8, 365, 1, 843, 235, 41),
(724, 2, 248, 4, 115, 644, 31),
(725, 9, 584, 5, 589, 78, 17),
(726, 8, 745, 4, 931, 280, 41),
(727, 3, 622, 2, 459, 870, 41),
(728, 1, 285, 4, 395, 144, 4),
(729, 6, 404, 3, 481, 887, 33),
(730, 2, 593, 5, 380, 970, 24),
(731, 6, 838, 3, 653, 51, 11),
(732, 7, 306, 5, 815, 488, 30),
(733, 7, 478, 4, 833, 853, 30),
(734, 8, 959, 5, 807, 348, 35),
(735, 7, 7, 1, 93, 940, 29),
(736, 7, 222, 5, 131, 156, 34),
(737, 6, 493, 3, 666, 569, 10),
(738, 2, 242, 1, 921, 705, 32),
(739, 4, 261, 4, 307, 364, 21),
(740, 9, 857, 1, 670, 980, 26),
(741, 7, 41, 5, 375, 479, 44),
(742, 5, 791, 4, 544, 839, 11),
(743, 10, 141, 1, 622, 547, 35),
(744, 5, 989, 1, 269, 955, 24),
(745, 10, 816, 4, 335, 140, 43),
(746, 7, 221, 4, 632, 912, 41),
(747, 4, 515, 3, 474, 674, 32),
(748, 5, 343, 1, 183, 57, 34),
(749, 4, 518, 1, 379, 965, 30),
(750, 10, 917, 4, 454, 465, 46),
(751, 3, 73, 5, 422, 636, 17),
(752, 6, 913, 1, 585, 853, 6),
(753, 6, 31, 5, 702, 64, 40),
(754, 7, 657, 5, 940, 20, 44),
(755, 8, 335, 2, 653, 550, 28),
(756, 7, 873, 2, 902, 747, 5),
(757, 3, 429, 2, 57, 714, 30),
(758, 6, 325, 5, 152, 740, 23),
(759, 5, 719, 4, 121, 24, 20),
(760, 6, 949, 1, 585, 21, 5),
(761, 9, 151, 2, 470, 108, 24),
(762, 3, 945, 5, 526, 530, 17),
(763, 8, 889, 4, 518, 314, 37),
(764, 5, 489, 1, 759, 325, 34),
(765, 5, 155, 1, 140, 367, 5),
(766, 7, 481, 3, 191, 586, 21),
(767, 10, 915, 5, 458, 54, 27),
(768, 6, 585, 3, 385, 106, 5),
(769, 5, 33, 1, 135, 871, 30),
(770, 4, 371, 5, 800, 544, 26),
(771, 3, 338, 3, 730, 603, 43),
(772, 7, 284, 4, 195, 445, 5),
(773, 9, 303, 3, 438, 421, 21),
(774, 6, 891, 5, 607, 454, 9),
(775, 6, 468, 1, 868, 102, 44),
(776, 9, 856, 2, 343, 729, 39),
(777, 3, 546, 2, 697, 917, 23),
(778, 4, 123, 3, 344, 988, 4),
(779, 9, 318, 5, 351, 646, 43),
(780, 9, 461, 1, 989, 181, 29),
(781, 4, 18, 2, 368, 479, 34),
(782, 10, 458, 1, 208, 208, 15),
(783, 1, 25, 3, 990, 762, 45),
(784, 10, 42, 3, 713, 792, 29),
(785, 7, 344, 5, 780, 434, 40),
(786, 2, 41, 1, 605, 342, 21),
(787, 9, 597, 3, 570, 608, 5),
(788, 7, 983, 4, 570, 15, 25),
(789, 2, 818, 1, 196, 322, 6),
(790, 9, 822, 2, 38, 56, 33),
(791, 10, 150, 3, 337, 430, 16),
(792, 2, 949, 3, 620, 528, 27),
(793, 5, 946, 1, 931, 881, 8),
(794, 6, 986, 3, 128, 641, 29),
(795, 4, 9, 1, 505, 963, 39),
(796, 7, 679, 1, 751, 252, 20),
(797, 8, 802, 5, 343, 251, 14),
(798, 5, 541, 5, 430, 664, 7),
(799, 5, 585, 2, 750, 483, 31),
(800, 7, 430, 4, 554, 974, 47),
(801, 6, 227, 1, 940, 30, 10),
(802, 5, 423, 3, 199, 471, 37),
(803, 2, 97, 2, 940, 904, 40),
(804, 10, 375, 3, 508, 558, 27),
(805, 3, 672, 3, 438, 819, 41),
(806, 2, 256, 3, 740, 1, 34),
(807, 2, 163, 5, 218, 590, 33),
(808, 5, 542, 4, 928, 38, 19),
(809, 9, 657, 4, 688, 272, 47),
(810, 6, 499, 5, 478, 784, 33),
(811, 2, 94, 3, 187, 756, 39),
(812, 9, 167, 2, 74, 573, 45),
(813, 6, 360, 5, 900, 654, 23),
(814, 3, 496, 1, 349, 651, 31),
(815, 5, 847, 3, 762, 357, 4),
(816, 7, 426, 3, 872, 41, 27),
(817, 9, 312, 4, 360, 265, 7),
(818, 5, 757, 4, 520, 626, 21),
(819, 4, 618, 1, 9, 930, 14),
(820, 3, 506, 1, 146, 154, 3),
(821, 1, 71, 5, 446, 119, 33),
(822, 10, 718, 2, 292, 290, 4),
(823, 4, 88, 4, 449, 458, 18),
(824, 10, 707, 3, 690, 669, 14),
(825, 6, 438, 4, 393, 348, 36),
(826, 7, 533, 1, 581, 538, 17),
(827, 3, 725, 5, 338, 461, 9),
(828, 1, 131, 3, 31, 627, 4),
(829, 5, 872, 1, 421, 875, 28),
(830, 3, 772, 4, 66, 591, 14),
(831, 9, 867, 4, 147, 850, 35),
(832, 7, 26, 3, 630, 829, 23),
(833, 9, 664, 5, 651, 649, 26),
(834, 7, 89, 2, 508, 274, 10),
(835, 9, 902, 5, 358, 830, 42),
(836, 4, 318, 4, 676, 428, 19),
(837, 7, 7, 2, 818, 330, 38),
(838, 6, 787, 4, 72, 346, 43),
(839, 9, 651, 2, 348, 226, 45),
(840, 5, 292, 2, 916, 912, 24),
(841, 6, 795, 3, 726, 708, 31),
(842, 6, 34, 5, 714, 798, 42),
(843, 4, 708, 1, 865, 238, 46),
(844, 5, 9, 4, 175, 596, 34),
(845, 5, 7, 1, 838, 586, 6),
(846, 5, 297, 5, 226, 98, 36),
(847, 8, 220, 3, 395, 488, 46),
(848, 9, 206, 2, 153, 854, 17),
(849, 5, 982, 4, 6, 884, 21),
(850, 5, 91, 5, 17, 985, 39),
(851, 7, 354, 2, 39, 741, 43),
(852, 10, 285, 2, 742, 163, 45),
(853, 5, 708, 5, 831, 258, 41),
(854, 9, 932, 3, 248, 112, 9),
(855, 4, 129, 2, 569, 780, 20),
(856, 5, 982, 3, 263, 943, 16),
(857, 8, 758, 4, 282, 738, 27),
(858, 7, 664, 1, 447, 637, 6),
(859, 10, 417, 3, 687, 321, 15),
(860, 2, 279, 1, 597, 356, 31),
(861, 1, 11, 3, 285, 276, 27),
(862, 10, 200, 1, 695, 216, 16),
(863, 1, 62, 3, 820, 427, 9),
(864, 5, 724, 3, 274, 42, 39),
(865, 5, 706, 2, 963, 330, 39),
(866, 6, 867, 1, 227, 752, 39),
(867, 6, 120, 4, 6, 425, 6),
(868, 2, 113, 4, 58, 382, 26),
(869, 6, 980, 1, 142, 10, 36),
(870, 6, 497, 2, 661, 557, 25),
(871, 9, 379, 2, 637, 436, 17),
(872, 1, 963, 3, 189, 1000, 21),
(873, 9, 984, 4, 688, 555, 37),
(874, 9, 190, 3, 524, 60, 44),
(875, 10, 46, 2, 439, 814, 7),
(876, 9, 316, 5, 877, 562, 27),
(877, 5, 217, 4, 641, 783, 19),
(878, 10, 764, 3, 847, 622, 29),
(879, 6, 661, 2, 717, 224, 29),
(880, 9, 919, 5, 374, 800, 25),
(881, 1, 605, 1, 570, 822, 37),
(882, 8, 94, 5, 928, 914, 36),
(883, 7, 719, 4, 574, 413, 19),
(884, 10, 815, 3, 800, 896, 10),
(885, 2, 885, 1, 377, 195, 36),
(886, 10, 975, 3, 311, 434, 15),
(887, 4, 709, 4, 970, 188, 13),
(888, 2, 119, 4, 134, 55, 34),
(889, 6, 410, 2, 438, 107, 16),
(890, 6, 575, 5, 311, 96, 46),
(891, 3, 733, 5, 493, 37, 4),
(892, 2, 51, 3, 115, 520, 17),
(893, 1, 95, 3, 75, 424, 44),
(894, 3, 677, 2, 491, 149, 19),
(895, 4, 349, 2, 371, 494, 8),
(896, 3, 898, 1, 662, 12, 47),
(897, 9, 902, 1, 547, 585, 39),
(898, 6, 626, 2, 934, 342, 13),
(899, 4, 781, 5, 411, 828, 42),
(900, 1, 459, 5, 501, 245, 26),
(901, 5, 577, 3, 323, 289, 5),
(902, 10, 664, 3, 196, 540, 15),
(903, 1, 483, 2, 646, 601, 16),
(904, 8, 993, 5, 833, 840, 18),
(905, 8, 722, 4, 685, 227, 8),
(906, 2, 828, 1, 976, 171, 21),
(907, 9, 229, 4, 285, 515, 36),
(908, 1, 37, 2, 51, 807, 7),
(909, 1, 969, 5, 973, 336, 32),
(910, 6, 361, 4, 621, 995, 21),
(911, 1, 33, 1, 276, 571, 19),
(912, 9, 631, 5, 258, 597, 31),
(913, 2, 623, 5, 778, 174, 13),
(914, 9, 379, 2, 905, 629, 6),
(915, 4, 445, 1, 963, 103, 44),
(916, 9, 205, 1, 24, 682, 34),
(917, 8, 855, 5, 507, 867, 36),
(918, 6, 768, 2, 58, 95, 31),
(919, 9, 362, 1, 271, 917, 7),
(920, 1, 363, 2, 27, 935, 42),
(921, 2, 550, 2, 799, 705, 39),
(922, 3, 128, 4, 620, 889, 44),
(923, 3, 285, 2, 276, 607, 43),
(924, 4, 823, 1, 559, 588, 21),
(925, 3, 502, 4, 272, 701, 26),
(926, 9, 263, 3, 350, 929, 33),
(927, 6, 559, 5, 889, 36, 18),
(928, 7, 21, 5, 104, 700, 41),
(929, 9, 78, 1, 93, 119, 43),
(930, 10, 420, 5, 619, 372, 8),
(931, 5, 57, 2, 253, 42, 43),
(932, 3, 113, 5, 608, 477, 13),
(933, 8, 791, 3, 596, 776, 23),
(934, 4, 739, 1, 400, 427, 9),
(935, 6, 13, 4, 45, 159, 47),
(936, 3, 435, 1, 252, 204, 38),
(937, 8, 246, 1, 776, 961, 34),
(938, 5, 341, 3, 410, 223, 45),
(939, 8, 482, 2, 224, 441, 37),
(940, 7, 734, 4, 946, 137, 24),
(941, 9, 42, 2, 76, 25, 14),
(942, 8, 817, 4, 925, 867, 24),
(943, 1, 855, 3, 741, 553, 14),
(944, 4, 220, 4, 845, 12, 20),
(945, 10, 20, 1, 385, 571, 24),
(946, 9, 863, 4, 604, 441, 20),
(947, 3, 24, 5, 542, 755, 38),
(948, 2, 474, 2, 467, 214, 36),
(949, 1, 547, 2, 875, 926, 40),
(950, 9, 957, 5, 375, 325, 24),
(951, 9, 823, 1, 216, 751, 39),
(952, 9, 363, 3, 101, 641, 30),
(953, 10, 604, 1, 451, 810, 20),
(954, 6, 704, 4, 655, 538, 44),
(955, 4, 363, 4, 932, 76, 25),
(956, 2, 725, 2, 557, 322, 15),
(957, 4, 676, 3, 377, 132, 28),
(958, 3, 5, 1, 963, 262, 19),
(959, 1, 546, 4, 24, 672, 34),
(960, 1, 530, 2, 644, 962, 5),
(961, 9, 602, 1, 245, 418, 7),
(962, 10, 743, 5, 374, 259, 11),
(963, 1, 603, 5, 839, 370, 46),
(964, 1, 368, 4, 518, 784, 22),
(965, 4, 473, 3, 145, 186, 15),
(966, 10, 359, 1, 215, 27, 35),
(967, 2, 472, 5, 547, 500, 35),
(968, 7, 333, 3, 930, 616, 46),
(969, 5, 136, 3, 305, 500, 23),
(970, 8, 864, 2, 461, 222, 45),
(971, 5, 214, 5, 418, 713, 40),
(972, 7, 905, 1, 413, 938, 29),
(973, 5, 236, 2, 712, 604, 26),
(974, 2, 872, 5, 561, 67, 20),
(975, 7, 134, 3, 115, 424, 26),
(976, 6, 585, 2, 262, 543, 27),
(977, 6, 802, 4, 751, 945, 24),
(978, 7, 183, 5, 70, 562, 8),
(979, 1, 901, 3, 635, 433, 18),
(980, 4, 500, 1, 426, 804, 18),
(981, 4, 51, 3, 125, 101, 5),
(982, 9, 257, 2, 966, 539, 26),
(983, 6, 483, 2, 698, 176, 10),
(984, 3, 918, 2, 777, 494, 40),
(985, 10, 773, 2, 450, 14, 30),
(986, 5, 44, 3, 156, 369, 5),
(987, 7, 204, 2, 541, 462, 19),
(988, 6, 116, 4, 178, 445, 13),
(989, 8, 395, 1, 666, 241, 14),
(990, 9, 892, 1, 692, 413, 47),
(991, 3, 462, 2, 912, 996, 8),
(992, 5, 270, 5, 645, 207, 36),
(993, 10, 157, 1, 23, 94, 45),
(994, 3, 554, 2, 969, 592, 42),
(995, 8, 622, 3, 69, 361, 44),
(996, 3, 818, 1, 728, 362, 14),
(997, 5, 547, 3, 35, 369, 33),
(998, 4, 881, 5, 40, 281, 31),
(999, 8, 205, 2, 765, 545, 44),
(1000, 10, 199, 2, 305, 756, 18);

-- --------------------------------------------------------

--
-- Structure de la table `role_type`
--

CREATE TABLE `role_type` (
  `id_role_type` smallint UNSIGNED NOT NULL,
  `name_role` varchar(50) NOT NULL
) ENGINE=InnoDB DEFAULT CHARSET=utf8mb4 COLLATE=utf8mb4_0900_ai_ci;

--
-- Déchargement des données de la table `role_type`
--

INSERT INTO `role_type` (`id_role_type`, `name_role`) VALUES
(1, 'MAÎTRE DU JEU | Dé 100'),
(2, 'SÉRIEUX | Dé 20'),
(3, 'RÉGULIER | Dé 12'),
(4, 'AFFINITÉ | Dé 8'),
(5, 'ONE-SHOT | Dé 4');

-- --------------------------------------------------------

--
-- Structure de la table `selected_universe`
--

CREATE TABLE `selected_universe` (
  `id_universe` smallint UNSIGNED NOT NULL,
  `id_user` smallint UNSIGNED NOT NULL
) ENGINE=InnoDB DEFAULT CHARSET=utf8mb4 COLLATE=utf8mb4_0900_ai_ci;

-- --------------------------------------------------------

--
-- Structure de la table `universe`
--

CREATE TABLE `universe` (
  `id_universe` smallint UNSIGNED NOT NULL,
  `name_universe` varchar(100) NOT NULL,
  `id_universe_genre` smallint UNSIGNED NOT NULL
) ENGINE=InnoDB DEFAULT CHARSET=utf8mb4 COLLATE=utf8mb4_0900_ai_ci;

--
-- Déchargement des données de la table `universe`
--

INSERT INTO `universe` (`id_universe`, `name_universe`, `id_universe_genre`) VALUES
(3, 'Medieval Fantasy', 1),
(4, 'Post-Apocalyptique', 2),
(5, 'Horreur', 3),
(6, 'Western', 4),
(7, 'Science-Fiction', 5),
(8, 'Space Opera', 6),
(9, 'Steampunk', 7),
(10, 'Historique', 8),
(11, 'Mythologique', 9),
(12, 'L\'Oeil noir, le livre des règles', 1),
(13, 'Donjons et Dragons 1', 1),
(14, 'Donjons et Dragons 2', 1),
(15, 'Donjons et Dragons 3', 1),
(16, 'Donjons et Dragons 4', 1),
(17, 'Donjons et Dragons 5', 1),
(18, 'JDR personnalisé', 1),
(19, 'Star Wars D6', 5),
(20, 'Star Wars D20', 5),
(21, 'Star Wars FFG', 5),
(22, 'Star Wars aux confins de l\'empire', 5),
(23, 'Runequest', 1),
(24, 'L\'Appel de Cthulhu : 6ème Édition', 3),
(25, 'Achtung! Cthulhu: le guide de l\'investigateur', 3),
(26, 'In Nomine Satanis / Magna Veritas - 3ème Édition', 10),
(27, 'Shadowrun', 11),
(28, 'Warhammer', 1),
(29, 'Warhammer 40K', 5),
(30, 'Paranoïa', 5),
(31, 'Pendragon (1985)', 12),
(32, 'Vampire : La Mascarade', 13),
(33, 'Stormbringer (1981)', 1),
(34, 'C.O.P.S.', 11),
(35, 'Rêve de Dragon', 1),
(36, 'Pavillon Noir : La Révolte', 14),
(37, 'Animonde', 1),
(38, 'Ars Magica', 1),
(39, 'Château Falkenstein', 7),
(40, 'Château Bitume', 2),
(41, 'Feng Shui', 15),
(42, 'Dark Heresy', 5),
(43, 'Ambre', 1),
(44, 'La méthode du docteur Chestel', 16),
(45, 'Maléfices', 17),
(46, 'Cyberpunk 2020', 11),
(47, 'Terres du Milieu', 1);

-- --------------------------------------------------------

--
-- Structure de la table `universe_genre`
--

CREATE TABLE `universe_genre` (
  `id_universe_genre` smallint UNSIGNED NOT NULL,
  `genre` varchar(50) NOT NULL
) ENGINE=InnoDB DEFAULT CHARSET=utf8mb4 COLLATE=utf8mb4_0900_ai_ci;

--
-- Déchargement des données de la table `universe_genre`
--

INSERT INTO `universe_genre` (`id_universe_genre`, `genre`) VALUES
(1, 'Medieval Fantasy'),
(2, 'Post-Apocalyptique'),
(3, 'Horreur'),
(4, 'Western'),
(5, 'Science-Fiction'),
(6, 'Space Opera'),
(7, 'Steampunk'),
(8, 'Historique'),
(9, 'Mythologique'),
(10, 'Humoristique'),
(11, 'Cyberpunk'),
(12, 'Historique/Fantastique'),
(13, 'Gothique/punk'),
(14, 'Pirate'),
(15, 'Action'),
(16, 'Absurde'),
(17, 'Historico-fantastique');

-- --------------------------------------------------------

--
-- Structure de la table `users`
--

CREATE TABLE `users` (
  `id_user` smallint UNSIGNED NOT NULL,
  `name_user` varchar(30) NOT NULL,
  `email_user` varchar(50) NOT NULL,
  `admin_user` tinyint(1) DEFAULT '0',
  `id_role_type` smallint UNSIGNED NOT NULL,
  `id_localisation` smallint UNSIGNED NOT NULL
) ENGINE=InnoDB DEFAULT CHARSET=utf8mb4 COLLATE=utf8mb4_0900_ai_ci;

--
-- Déchargement des données de la table `users`
--

INSERT INTO `users` (`id_user`, `name_user`, `email_user`, `admin_user`, `id_role_type`, `id_localisation`) VALUES
(1, 'SeonPrim', 'sebastien.bonnard94@gmail.com', 1, 1, 100),
(2, 'Jenilee Golda', 'jgolda1@mlb.com', 0, 4, 117),
(3, 'Milicent Jugging', 'mjugging2@people.com.cn', 0, 2, 8),
(4, 'Ahmed Hamshar', 'ahamshar3@mozilla.com', 0, 5, 286),
(5, 'Marley Labes', 'mlabes4@oaic.gov.au', 0, 3, 82),
(6, 'Morgan MacComiskey', 'mmaccomiskey5@phpbb.com', 0, 2, 97),
(7, 'Denny Crone', 'dcrone6@dmoz.org', 0, 2, 481),
(8, 'Nicolai Tembridge', 'ntembridge7@answers.com', 0, 4, 118),
(9, 'Nikolai Boays', 'nboays8@w3.org', 0, 1, 155),
(10, 'Dorie Pirt', 'dpirt9@prweb.com', 0, 3, 478),
(11, 'Rhonda Cullingworth', 'rcullingwortha@paypal.com', 0, 4, 166),
(12, 'Olympia Twelves', 'otwelvesb@house.gov', 0, 5, 293),
(13, 'Ginny Hanselmann', 'ghanselmannc@kickstarter.com', 0, 5, 407),
(14, 'Kellie Jardein', 'kjardeind@sohu.com', 0, 3, 302),
(15, 'Janaya Lockhead', 'jlockheade@goo.gl', 0, 2, 90),
(16, 'Myrtle Josifovic', 'mjosifovicf@typepad.com', 0, 2, 461),
(17, 'Garner Kelleway', 'gkellewayg@vinaora.com', 0, 2, 453),
(18, 'Hannie Hume', 'hhumeh@google.com.hk', 0, 5, 374),
(19, 'Glenine Astill', 'gastilli@whitehouse.gov', 0, 5, 248),
(20, 'Nelson Sellens', 'nsellensj@dell.com', 0, 2, 168),
(21, 'Harlie Coldbathe', 'hcoldbathek@spotify.com', 0, 3, 49),
(22, 'Devy Cavendish', 'dcavendishl@harvard.edu', 0, 4, 316),
(23, 'Carrol Gatsby', 'cgatsbym@cdc.gov', 0, 3, 104),
(24, 'Ker Duguid', 'kduguidn@lycos.com', 0, 5, 387),
(25, 'Crissie Betteriss', 'cbetterisso@flavors.me', 0, 2, 44),
(26, 'Ive Tilt', 'itiltp@hhs.gov', 0, 1, 351),
(27, 'Hubert Diviney', 'hdivineyq@google.com.au', 0, 1, 134),
(28, 'Katya Kettridge', 'kkettridger@globo.com', 0, 4, 27),
(29, 'Arlee Baiyle', 'abaiyles@spotify.com', 0, 1, 307),
(30, 'Alister Klagge', 'aklagget@oakley.com', 0, 3, 84),
(31, 'Vida Cansfield', 'vcansfieldu@cbslocal.com', 0, 5, 492),
(32, 'Stavros Carnaman', 'scarnamanv@guardian.co.uk', 0, 5, 395),
(33, 'Dore Spracklin', 'dspracklinw@elpais.com', 0, 1, 324),
(34, 'Daisy Burchfield', 'dburchfieldx@myspace.com', 0, 1, 234),
(35, 'Carree Blundon', 'cblundony@cbsnews.com', 0, 1, 491),
(36, 'Rice Zaniolo', 'rzanioloz@pbs.org', 0, 4, 244),
(37, 'Adriaens Orrom', 'aorrom10@yellowbook.com', 0, 4, 121),
(38, 'Griz Boatright', 'gboatright11@unc.edu', 0, 4, 32),
(39, 'Desiri McTiernan', 'dmctiernan12@oakley.com', 0, 2, 220),
(40, 'Fianna Demougeot', 'fdemougeot13@exblog.jp', 0, 3, 40),
(41, 'Warren Lob', 'wlob14@berkeley.edu', 0, 1, 289),
(42, 'Erich Eddowes', 'eeddowes15@wunderground.com', 0, 5, 350),
(43, 'Cristine Bertomier', 'cbertomier16@nature.com', 0, 2, 366),
(44, 'Link Eagger', 'leagger17@google.pl', 0, 5, 42),
(45, 'Kyle Durn', 'kdurn18@domainmarket.com', 0, 5, 329),
(46, 'Zorine Ferenczi', 'zferenczi19@nytimes.com', 0, 2, 489),
(47, 'Cherilynn Keoghan', 'ckeoghan1a@tinyurl.com', 0, 1, 84),
(48, 'Porty Edmonstone', 'pedmonstone1b@nymag.com', 0, 4, 11),
(49, 'Darryl Mordey', 'dmordey1c@wunderground.com', 0, 2, 196),
(50, 'Rhody Huson', 'rhuson1d@163.com', 0, 5, 264),
(51, 'Cameron Spurrior', 'cspurrior1e@google.cn', 0, 1, 74),
(52, 'Aldous Basant', 'abasant1f@china.com.cn', 0, 5, 204),
(53, 'Jennee Illyes', 'jillyes1g@mtv.com', 0, 2, 247),
(54, 'Darrel Scoffham', 'dscoffham1h@cnn.com', 0, 2, 220),
(55, 'Marabel Kaliszewski', 'mkaliszewski1i@domainmarket.com', 0, 5, 150),
(56, 'Malorie Pfeffel', 'mpfeffel1j@de.vu', 0, 2, 82),
(57, 'Denys Bye', 'dbye1k@marketwatch.com', 0, 3, 145),
(58, 'Griffin Ales', 'gales1l@uiuc.edu', 0, 5, 442),
(59, 'Moise Yushmanov', 'myushmanov1m@nytimes.com', 0, 2, 186),
(60, 'Norris Pantry', 'npantry1n@plala.or.jp', 0, 3, 20),
(61, 'Ursuline MacNeice', 'umacneice1o@va.gov', 0, 4, 10),
(62, 'Cherey Bremen', 'cbremen1p@acquirethisname.com', 0, 1, 373),
(63, 'Glen Pietroni', 'gpietroni1q@github.com', 0, 1, 389),
(64, 'Jaymie Nellen', 'jnellen1r@joomla.org', 0, 4, 207),
(65, 'Jackelyn Sammut', 'jsammut1s@squidoo.com', 0, 1, 151),
(66, 'Cherlyn Southard', 'csouthard1t@techcrunch.com', 0, 5, 319),
(67, 'Otis Ree', 'oree1u@economist.com', 0, 2, 107),
(68, 'Claudie Casetti', 'ccasetti1v@devhub.com', 0, 1, 155),
(69, 'Terrie Mazzey', 'tmazzey1w@shutterfly.com', 0, 4, 344),
(70, 'Carmen Oslar', 'coslar1x@digg.com', 0, 2, 65),
(71, 'Lothaire Stuchbury', 'lstuchbury1y@printfriendly.com', 0, 5, 16),
(72, 'Win Busson', 'wbusson1z@tumblr.com', 0, 3, 78),
(73, 'Brittni Been', 'bbeen20@wufoo.com', 0, 1, 154),
(74, 'Virginia Frankema', 'vfrankema21@washington.edu', 0, 2, 252),
(75, 'Tiebold Jedrys', 'tjedrys22@ucsd.edu', 0, 5, 25),
(76, 'Micah Benardet', 'mbenardet23@seattletimes.com', 0, 1, 386),
(77, 'Michal Billyeald', 'mbillyeald24@upenn.edu', 0, 5, 233),
(78, 'Kareem Pamment', 'kpamment25@slate.com', 0, 4, 132),
(79, 'Silvia Bastock', 'sbastock26@guardian.co.uk', 0, 4, 192),
(80, 'Debra Sands-Allan', 'dsandsallan27@mapquest.com', 0, 5, 410),
(81, 'Maurita Birdis', 'mbirdis28@dyndns.org', 0, 3, 303),
(82, 'Trent Moverley', 'tmoverley29@pinterest.com', 0, 3, 425),
(83, 'Nahum Bosher', 'nbosher2a@soup.io', 0, 3, 312),
(84, 'Mose Durek', 'mdurek2b@msn.com', 0, 4, 385),
(85, 'Starlin Hargie', 'shargie2c@hud.gov', 0, 2, 271),
(86, 'Cher Christescu', 'cchristescu2d@hexun.com', 0, 2, 423),
(87, 'Minnnie Goodrum', 'mgoodrum2e@newsvine.com', 0, 2, 279),
(88, 'Katheryn Whiskin', 'kwhiskin2f@shareasale.com', 0, 2, 434),
(89, 'Hakeem Assur', 'hassur2g@aol.com', 0, 5, 160),
(90, 'Madeleine Northcote', 'mnorthcote2h@alibaba.com', 0, 2, 34),
(91, 'Harriot Giraudel', 'hgiraudel2i@homestead.com', 0, 3, 93),
(92, 'Grange Machel', 'gmachel2j@washington.edu', 0, 5, 355),
(93, 'Winonah MacCostye', 'wmaccostye2k@163.com', 0, 4, 167),
(94, 'Lief Bowman', 'lbowman2l@samsung.com', 0, 1, 408),
(95, 'Ryan Fitzer', 'rfitzer2m@chronoengine.com', 0, 4, 78),
(96, 'Jerald Dalli', 'jdalli2n@timesonline.co.uk', 0, 1, 403),
(97, 'Melonie Clipston', 'mclipston2o@auda.org.au', 0, 5, 365),
(98, 'Price Lord', 'plord2p@posterous.com', 0, 4, 394),
(99, 'Valli Trussell', 'vtrussell2q@feedburner.com', 0, 3, 393),
(100, 'Alfie Legon', 'alegon2r@earthlink.net', 0, 1, 383),
(101, 'Sheelagh Wedderburn', 'swedderburn2s@purevolume.com', 0, 3, 52),
(102, 'Briny Guilloton', 'bguilloton2t@reference.com', 0, 4, 410),
(103, 'Briano Rosenkranc', 'brosenkranc2u@slashdot.org', 0, 1, 80),
(104, 'Pip Sayre', 'psayre2v@last.fm', 0, 1, 237),
(105, 'Rorke De Hoogh', 'rde2w@scientificamerican.com', 0, 3, 21),
(106, 'Halie Meekins', 'hmeekins2x@google.de', 0, 2, 231),
(107, 'Ynez Giffaut', 'ygiffaut2y@ucoz.com', 0, 4, 98),
(108, 'Britteny Cotgrove', 'bcotgrove2z@twitter.com', 0, 5, 368),
(109, 'Johnette Elix', 'jelix30@prlog.org', 0, 1, 50),
(110, 'Garnette Acheson', 'gacheson31@marketwatch.com', 0, 3, 292),
(111, 'Hayes Upfold', 'hupfold32@github.com', 0, 5, 274),
(112, 'Kary Denyer', 'kdenyer33@house.gov', 0, 3, 134),
(113, 'Thacher Tregoning', 'ttregoning34@jimdo.com', 0, 3, 358),
(114, 'Griffin Matkin', 'gmatkin35@barnesandnoble.com', 0, 3, 341),
(115, 'Jazmin Worcester', 'jworcester36@rambler.ru', 0, 4, 79),
(116, 'Vincenz Lippiett', 'vlippiett37@jiathis.com', 0, 2, 476),
(117, 'Randee Brittan', 'rbrittan38@amazon.co.jp', 0, 1, 331),
(118, 'Hinda Anchor', 'hanchor39@fastcompany.com', 0, 2, 250),
(119, 'Colby Piscopello', 'cpiscopello3a@geocities.jp', 0, 4, 25),
(120, 'Iain Norssister', 'inorssister3b@tumblr.com', 0, 4, 437),
(121, 'Miner Cottel', 'mcottel3c@foxnews.com', 0, 1, 73),
(122, 'Baron Duxbarry', 'bduxbarry3d@ning.com', 0, 2, 72),
(123, 'Felizio Padgham', 'fpadgham3e@is.gd', 0, 4, 16),
(124, 'Bary Yglesia', 'byglesia3f@reverbnation.com', 0, 3, 295),
(125, 'Cordie Wain', 'cwain3g@dailymotion.com', 0, 2, 274),
(126, 'Marlin Peltzer', 'mpeltzer3h@geocities.jp', 0, 3, 341),
(127, 'Bernadene Lapsley', 'blapsley3i@ted.com', 0, 4, 492),
(128, 'Mirabel Troyes', 'mtroyes3j@rediff.com', 0, 4, 342),
(129, 'Rickie Jovicic', 'rjovicic3k@icio.us', 0, 5, 308),
(130, 'Gilburt De la Yglesia', 'gde3l@geocities.jp', 0, 5, 295),
(131, 'Dorian Sasser', 'dsasser3m@networksolutions.com', 0, 4, 158),
(132, 'Noe Piatkow', 'npiatkow3n@csmonitor.com', 0, 5, 301),
(133, 'Matthias Postan', 'mpostan3o@marketwatch.com', 0, 4, 482),
(134, 'Averill Dando', 'adando3p@thetimes.co.uk', 0, 3, 258),
(135, 'Cash Barkshire', 'cbarkshire3q@paginegialle.it', 0, 3, 331),
(136, 'Timmy Cotte', 'tcotte3r@kickstarter.com', 0, 4, 28),
(137, 'Verney Dorow', 'vdorow3s@mozilla.org', 0, 2, 269),
(138, 'Lizabeth Spurritt', 'lspurritt3t@statcounter.com', 0, 3, 246),
(139, 'Teirtza Benedikt', 'tbenedikt3u@apple.com', 0, 5, 9),
(140, 'Ferguson Attard', 'fattard3v@samsung.com', 0, 3, 61),
(141, 'Thekla Garlee', 'tgarlee3w@digg.com', 0, 5, 128),
(142, 'Milty Snarr', 'msnarr3x@ucsd.edu', 0, 2, 385),
(143, 'Maye Iacobini', 'miacobini3y@youku.com', 0, 2, 397),
(144, 'Rubina Calow', 'rcalow3z@comcast.net', 0, 4, 48),
(145, 'Iris Tull', 'itull40@mozilla.com', 0, 3, 64),
(146, 'Nelle McCay', 'nmccay41@paginegialle.it', 0, 4, 479),
(147, 'Olympia Cars', 'ocars42@fc2.com', 0, 2, 24),
(148, 'Christopher Meins', 'cmeins43@illinois.edu', 0, 1, 205),
(149, 'Emile Densun', 'edensun44@ow.ly', 0, 5, 154),
(150, 'Jacob Bannell', 'jbannell45@wikia.com', 0, 3, 260),
(151, 'Salomon Keele', 'skeele46@noaa.gov', 0, 2, 210),
(152, 'Claudian Bindley', 'cbindley47@geocities.com', 0, 3, 301),
(153, 'Laurie Dahlberg', 'ldahlberg48@nifty.com', 0, 2, 123),
(154, 'Benetta Undrell', 'bundrell49@networksolutions.com', 0, 4, 182),
(155, 'Andrea Sellars', 'asellars4a@opera.com', 0, 3, 183),
(156, 'Henka Lamblin', 'hlamblin4b@go.com', 0, 1, 259),
(157, 'Adella Scheu', 'ascheu4c@nhs.uk', 0, 3, 125),
(158, 'Wallace Crossthwaite', 'wcrossthwaite4d@ameblo.jp', 0, 2, 248),
(159, 'Jakie Ventham', 'jventham4e@ca.gov', 0, 5, 365),
(160, 'Hyacinth Ishak', 'hishak4f@deviantart.com', 0, 5, 427),
(161, 'Kittie Beevers', 'kbeevers4g@mit.edu', 0, 5, 395),
(162, 'Lulita Boydon', 'lboydon4h@constantcontact.com', 0, 5, 330),
(163, 'Gill Papps', 'gpapps4i@xrea.com', 0, 3, 324),
(164, 'Gleda Sorro', 'gsorro4j@theguardian.com', 0, 5, 254),
(165, 'Sonnie Connop', 'sconnop4k@posterous.com', 0, 4, 90),
(166, 'Willabella Rennebeck', 'wrennebeck4l@wordpress.org', 0, 5, 111),
(167, 'Merrili Leneve', 'mleneve4m@biglobe.ne.jp', 0, 3, 360),
(168, 'Jedidiah Fireman', 'jfireman4n@studiopress.com', 0, 4, 141),
(169, 'Kip Castletine', 'kcastletine4o@studiopress.com', 0, 4, 337),
(170, 'Loree Jeenes', 'ljeenes4p@newyorker.com', 0, 1, 47),
(171, 'Cherish Gumbley', 'cgumbley4q@blogspot.com', 0, 1, 251),
(172, 'Bryana Thirst', 'bthirst4r@phpbb.com', 0, 1, 306),
(173, 'Maje Gaye', 'mgaye4s@yellowpages.com', 0, 5, 192),
(174, 'Sibylla Albery', 'salbery4t@pinterest.com', 0, 1, 296),
(175, 'Claresta Scawn', 'cscawn4u@livejournal.com', 0, 2, 483),
(176, 'Panchito Learmouth', 'plearmouth4v@addtoany.com', 0, 2, 52),
(177, 'Terrell Corzon', 'tcorzon4w@last.fm', 0, 2, 393),
(178, 'Austin Sainsberry', 'asainsberry4x@cnbc.com', 0, 5, 375),
(179, 'Carlene Walford', 'cwalford4y@mysql.com', 0, 5, 499),
(180, 'Humbert Hopkins', 'hhopkins4z@mediafire.com', 0, 1, 146),
(181, 'Link Foukx', 'lfoukx50@tiny.cc', 0, 3, 93),
(182, 'Rodrique Raffon', 'rraffon51@simplemachines.org', 0, 2, 135),
(183, 'Anica Littleproud', 'alittleproud52@w3.org', 0, 2, 318),
(184, 'Barbara Croal', 'bcroal53@webeden.co.uk', 0, 1, 216),
(185, 'Yorke Gascone', 'ygascone54@aboutads.info', 0, 5, 335),
(186, 'Vinson Bucktrout', 'vbucktrout55@bizjournals.com', 0, 5, 214),
(187, 'Rosamond Sansbury', 'rsansbury56@gmpg.org', 0, 5, 420),
(188, 'Nobie Thomkins', 'nthomkins57@ycombinator.com', 0, 3, 201),
(189, 'Aloise Woodus', 'awoodus58@yahoo.com', 0, 1, 337),
(190, 'Cassie Torpie', 'ctorpie59@statcounter.com', 0, 3, 163),
(191, 'Porter Wonfar', 'pwonfar5a@rediff.com', 0, 4, 348),
(192, 'Wanids Ridsdell', 'wridsdell5b@surveymonkey.com', 0, 1, 322),
(193, 'Griff Denisyev', 'gdenisyev5c@goo.gl', 0, 4, 202),
(194, 'Emmanuel Hugin', 'ehugin5d@webeden.co.uk', 0, 4, 364),
(195, 'Norbert Rosellini', 'nrosellini5e@sciencedaily.com', 0, 2, 444),
(196, 'Morgen Thrower', 'mthrower5f@over-blog.com', 0, 4, 47),
(197, 'Jud Jentzsch', 'jjentzsch5g@tuttocitta.it', 0, 4, 403),
(198, 'Lorettalorna Balme', 'lbalme5h@google.com.br', 0, 2, 42),
(199, 'Kara-lynn Whale', 'kwhale5i@walmart.com', 0, 4, 53),
(200, 'Gisella Daborn', 'gdaborn5j@macromedia.com', 0, 4, 140),
(201, 'Kelsey Marshal', 'kmarshal5k@omniture.com', 0, 4, 465),
(202, 'Joelynn Anthoin', 'janthoin5l@cnbc.com', 0, 1, 206),
(203, 'Larry Slowey', 'lslowey5m@msn.com', 0, 3, 54),
(204, 'Nanny Bercevelo', 'nbercevelo5n@unesco.org', 0, 3, 344),
(205, 'Batholomew Decayette', 'bdecayette5o@nih.gov', 0, 3, 490),
(206, 'Janice Kuhnert', 'jkuhnert5p@hostgator.com', 0, 5, 367),
(207, 'Nadean Trenbay', 'ntrenbay5q@chron.com', 0, 3, 132),
(208, 'Alfi Markham', 'amarkham5r@reddit.com', 0, 3, 481),
(209, 'Fenelia De Cruz', 'fde5s@squarespace.com', 0, 1, 227),
(210, 'Gar Pendre', 'gpendre5t@blogs.com', 0, 1, 298),
(211, 'Dilan Degoey', 'ddegoey5u@mashable.com', 0, 2, 369),
(212, 'Teri Messier', 'tmessier5v@51.la', 0, 4, 251),
(213, 'Donny Kingaby', 'dkingaby5w@webnode.com', 0, 2, 477),
(214, 'Zandra Cheer', 'zcheer5x@is.gd', 0, 4, 84),
(215, 'Sheridan Roney', 'sroney5y@latimes.com', 0, 2, 31),
(216, 'Augustin Danielli', 'adanielli5z@sakura.ne.jp', 0, 4, 257),
(217, 'Kira Shearman', 'kshearman60@etsy.com', 0, 4, 327),
(218, 'Mar Jedraszek', 'mjedraszek61@imgur.com', 0, 4, 173),
(219, 'Rafael Dunge', 'rdunge62@eventbrite.com', 0, 2, 198),
(220, 'Ingram Keech', 'ikeech63@yelp.com', 0, 5, 124),
(221, 'Constancia Shegog', 'cshegog64@nhs.uk', 0, 5, 484),
(222, 'Marris Comben', 'mcomben65@sohu.com', 0, 1, 213),
(223, 'Rayner Frobisher', 'rfrobisher66@pbs.org', 0, 2, 69),
(224, 'Dietrich Di Francecshi', 'ddi67@boston.com', 0, 1, 378),
(225, 'Marchelle Juckes', 'mjuckes68@ft.com', 0, 1, 206),
(226, 'Carmon Byneth', 'cbyneth69@arstechnica.com', 0, 4, 75),
(227, 'Durand Letts', 'dletts6a@ted.com', 0, 2, 64),
(228, 'Mordy McCard', 'mmccard6b@techcrunch.com', 0, 3, 164),
(229, 'Charles Masdon', 'cmasdon6c@tamu.edu', 0, 2, 476),
(230, 'Marve Melton', 'mmelton6d@addthis.com', 0, 1, 194),
(231, 'Rhodia Rollason', 'rrollason6e@cbsnews.com', 0, 3, 104),
(232, 'Lenora Kittless', 'lkittless6f@baidu.com', 0, 3, 172),
(233, 'Pincus Meneghelli', 'pmeneghelli6g@abc.net.au', 0, 5, 205),
(234, 'Gordy Jupe', 'gjupe6h@virginia.edu', 0, 2, 400),
(235, 'Carmina Gerdts', 'cgerdts6i@blogs.com', 0, 1, 378),
(236, 'Barbey Rainville', 'brainville6j@people.com.cn', 0, 1, 61),
(237, 'Alvira Sandlin', 'asandlin6k@sciencedaily.com', 0, 2, 478),
(238, 'Marshal Campos', 'mcampos6l@xing.com', 0, 2, 262),
(239, 'Ardella Haynesford', 'ahaynesford6m@nymag.com', 0, 4, 207),
(240, 'Conrade Churms', 'cchurms6n@stanford.edu', 0, 4, 39),
(241, 'Faulkner Shillabeer', 'fshillabeer6o@yolasite.com', 0, 5, 41),
(242, 'Warde Summerlie', 'wsummerlie6p@discuz.net', 0, 1, 449),
(243, 'Romola Murison', 'rmurison6q@cbslocal.com', 0, 2, 341),
(244, 'Judas Harmar', 'jharmar6r@fotki.com', 0, 5, 140),
(245, 'Borden McLoughlin', 'bmcloughlin6s@craigslist.org', 0, 3, 338),
(246, 'Zsa zsa Trunby', 'zzsa6t@a8.net', 0, 2, 299),
(247, 'Abie Jovicevic', 'ajovicevic6u@alexa.com', 0, 5, 297),
(248, 'Flor Coutthart', 'fcoutthart6v@pinterest.com', 0, 5, 260),
(249, 'Hunter Santacrole', 'hsantacrole6w@xrea.com', 0, 3, 297),
(250, 'Kikelia Whittall', 'kwhittall6x@ft.com', 0, 1, 327),
(251, 'Marita Kiln', 'mkiln6y@marriott.com', 0, 3, 301),
(252, 'Batsheva Delaprelle', 'bdelaprelle6z@buzzfeed.com', 0, 3, 77),
(253, 'Berkie Shoard', 'bshoard70@narod.ru', 0, 5, 484),
(254, 'Lurline Lindmark', 'llindmark71@wikimedia.org', 0, 2, 188),
(255, 'Gideon Danilenko', 'gdanilenko72@shop-pro.jp', 0, 3, 104),
(256, 'Davy Tommaseo', 'dtommaseo73@fc2.com', 0, 1, 266),
(257, 'Rakel Wylder', 'rwylder74@techcrunch.com', 0, 5, 151),
(258, 'Serge Baynon', 'sbaynon75@123-reg.co.uk', 0, 3, 379),
(259, 'Dani Delves', 'ddelves76@mayoclinic.com', 0, 1, 155),
(260, 'Gram O\'Sculley', 'gosculley77@usgs.gov', 0, 1, 243),
(261, 'Lorena Mapson', 'lmapson78@histats.com', 0, 5, 375),
(262, 'Silvia Inker', 'sinker79@forbes.com', 0, 3, 35),
(263, 'Jocelyn Conklin', 'jconklin7a@vistaprint.com', 0, 3, 184),
(264, 'Ransell Benini', 'rbenini7b@google.com.au', 0, 2, 338),
(265, 'Richy Fiorentino', 'rfiorentino7c@indiatimes.com', 0, 5, 408),
(266, 'Ivie Moffet', 'imoffet7d@deviantart.com', 0, 1, 23),
(267, 'Joachim Bunclark', 'jbunclark7e@salon.com', 0, 5, 467),
(268, 'Gennie Pikett', 'gpikett7f@miitbeian.gov.cn', 0, 3, 468),
(269, 'Adore Gowanson', 'agowanson7g@home.pl', 0, 3, 128),
(270, 'Marcie Pamment', 'mpamment7h@cdbaby.com', 0, 1, 303),
(271, 'Viv Masseo', 'vmasseo7i@about.me', 0, 5, 67),
(272, 'Ilise Kitteringham', 'ikitteringham7j@who.int', 0, 2, 73),
(273, 'Carmencita Kleinbaum', 'ckleinbaum7k@mayoclinic.com', 0, 4, 152),
(274, 'Saxon Schulkins', 'sschulkins7l@deviantart.com', 0, 4, 53),
(275, 'Salmon Hunstone', 'shunstone7m@jalbum.net', 0, 1, 267),
(276, 'Cirillo Daughtrey', 'cdaughtrey7n@yale.edu', 0, 4, 318),
(277, 'Hadrian Fenge', 'hfenge7o@accuweather.com', 0, 3, 286),
(278, 'Richy Billyard', 'rbillyard7p@unesco.org', 0, 4, 112),
(279, 'Klement Andrews', 'kandrews7q@epa.gov', 0, 2, 175),
(280, 'Sayre Taks', 'staks7r@opensource.org', 0, 3, 474),
(281, 'Franni Madrell', 'fmadrell7s@skyrock.com', 0, 3, 267),
(282, 'Kain Cohalan', 'kcohalan7t@trellian.com', 0, 2, 32),
(283, 'Sonny Heale', 'sheale7u@bravesites.com', 0, 5, 331),
(284, 'Risa Dubble', 'rdubble7v@census.gov', 0, 5, 375),
(285, 'Michel Perry', 'mperry7w@washingtonpost.com', 0, 4, 321),
(286, 'Tori Weedon', 'tweedon7x@slashdot.org', 0, 4, 121),
(287, 'Lacey Athersmith', 'lathersmith7y@hostgator.com', 0, 5, 336),
(288, 'Jarad Clemerson', 'jclemerson7z@deliciousdays.com', 0, 3, 82),
(289, 'Ronna Stiegar', 'rstiegar80@un.org', 0, 4, 382),
(290, 'Helga Goudman', 'hgoudman81@joomla.org', 0, 5, 262),
(291, 'Beulah D\'Costa', 'bdcosta82@infoseek.co.jp', 0, 3, 99),
(292, 'Johan Worsnap', 'jworsnap83@parallels.com', 0, 4, 295),
(293, 'Clayson Andreia', 'candreia84@so-net.ne.jp', 0, 2, 360),
(294, 'Andrea Lergan', 'alergan85@omniture.com', 0, 4, 443),
(295, 'Deonne Penke', 'dpenke86@wordpress.org', 0, 5, 240),
(296, 'Tootsie Grooby', 'tgrooby87@51.la', 0, 2, 154),
(297, 'Rianon Timmins', 'rtimmins88@who.int', 0, 3, 385),
(298, 'Cherish Pitceathly', 'cpitceathly89@symantec.com', 0, 2, 301),
(299, 'Pepito Di Pietro', 'pdi8a@i2i.jp', 0, 1, 229),
(300, 'Wileen Spurret', 'wspurret8b@google.com.br', 0, 5, 241),
(301, 'Gustavo Pusey', 'gpusey8c@usatoday.com', 0, 2, 40),
(302, 'Frannie Lehrmann', 'flehrmann8d@yahoo.co.jp', 0, 3, 178),
(303, 'Marcellus Tickel', 'mtickel8e@alexa.com', 0, 3, 311),
(304, 'Klara Ofener', 'kofener8f@fema.gov', 0, 1, 92),
(305, 'Phaidra Stranahan', 'pstranahan8g@blogtalkradio.com', 0, 2, 426),
(306, 'Susann Mycock', 'smycock8h@addtoany.com', 0, 2, 133),
(307, 'Mariel Dagon', 'mdagon8i@furl.net', 0, 5, 237),
(308, 'Roger Sheehan', 'rsheehan8j@macromedia.com', 0, 3, 308),
(309, 'Fiorenze Baythorp', 'fbaythorp8k@salon.com', 0, 4, 438),
(310, 'Dominick Lysons', 'dlysons8l@mashable.com', 0, 4, 262),
(311, 'Tanny Warwicker', 'twarwicker8m@shareasale.com', 0, 3, 402),
(312, 'Linette Lavallie', 'llavallie8n@cocolog-nifty.com', 0, 2, 334),
(313, 'Shawna Rugge', 'srugge8o@newsvine.com', 0, 5, 41),
(314, 'Brendan Graddell', 'bgraddell8p@google.ru', 0, 5, 107),
(315, 'Verne O\'Rourke', 'vorourke8q@twitpic.com', 0, 4, 14),
(316, 'Jo-ann Palluschek', 'jpalluschek8r@blinklist.com', 0, 4, 221),
(317, 'Kristine Jennions', 'kjennions8s@google.it', 0, 2, 329),
(318, 'Rolando Minster', 'rminster8t@phpbb.com', 0, 3, 218),
(319, 'Jose Varey', 'jvarey8u@springer.com', 0, 3, 69),
(320, 'Hew Passmore', 'hpassmore8v@prweb.com', 0, 5, 429),
(321, 'Hunter Snoxell', 'hsnoxell8w@spotify.com', 0, 4, 222),
(322, 'Thomasine Morison', 'tmorison8x@bravesites.com', 0, 1, 417),
(323, 'Gerek Barstock', 'gbarstock8y@mapquest.com', 0, 5, 46),
(324, 'Sashenka Bever', 'sbever8z@clickbank.net', 0, 4, 279),
(325, 'Renaud Hilbourne', 'rhilbourne90@cdc.gov', 0, 4, 499),
(326, 'Webb Effnert', 'weffnert91@upenn.edu', 0, 4, 183),
(327, 'Burnaby Sokill', 'bsokill92@netscape.com', 0, 3, 365),
(328, 'Monah Rymour', 'mrymour93@buzzfeed.com', 0, 3, 14),
(329, 'Gerhardt Gillanders', 'ggillanders94@reuters.com', 0, 3, 177),
(330, 'Efrem Baake', 'ebaake95@delicious.com', 0, 5, 486),
(331, 'Vivien Flook', 'vflook96@imdb.com', 0, 5, 87),
(332, 'Kalie Phetteplace', 'kphetteplace97@soup.io', 0, 5, 150),
(333, 'Arie Pemberton', 'apemberton98@123-reg.co.uk', 0, 3, 333),
(334, 'Elberta Motherwell', 'emotherwell99@networksolutions.com', 0, 3, 11),
(335, 'Addy Alsford', 'aalsford9a@com.com', 0, 1, 134),
(336, 'Clemens Sterricker', 'csterricker9b@howstuffworks.com', 0, 4, 425),
(337, 'Bren Verrechia', 'bverrechia9c@amazon.co.uk', 0, 2, 93),
(338, 'Regine Knock', 'rknock9d@apache.org', 0, 5, 118),
(339, 'Lelah Janczak', 'ljanczak9e@oracle.com', 0, 5, 214),
(340, 'Rickard Keegan', 'rkeegan9f@nymag.com', 0, 1, 82),
(341, 'Alfreda Whytock', 'awhytock9g@economist.com', 0, 2, 137),
(342, 'Sallyann McTurley', 'smcturley9h@usatoday.com', 0, 2, 135),
(343, 'Darline Swannack', 'dswannack9i@icio.us', 0, 3, 481),
(344, 'Jocko Hasard', 'jhasard9j@yahoo.com', 0, 3, 60),
(345, 'Corissa Lofting', 'clofting9k@yale.edu', 0, 5, 333),
(346, 'Olia Rolinson', 'orolinson9l@icio.us', 0, 5, 391),
(347, 'Rudolf McLeish', 'rmcleish9m@ehow.com', 0, 3, 375),
(348, 'Jyoti Lownes', 'jlownes9n@ezinearticles.com', 0, 1, 144),
(349, 'Butch Fairhead', 'bfairhead9o@cornell.edu', 0, 1, 439),
(350, 'Artemis McWhirter', 'amcwhirter9p@digg.com', 0, 5, 228),
(351, 'Ertha Haymes', 'ehaymes9q@networksolutions.com', 0, 5, 400),
(352, 'Mordecai Secret', 'msecret9r@whitehouse.gov', 0, 1, 449),
(353, 'Garvin Crumby', 'gcrumby9s@harvard.edu', 0, 5, 481),
(354, 'Bob Brion', 'bbrion9t@nsw.gov.au', 0, 1, 460),
(355, 'Mirella Winslett', 'mwinslett9u@nymag.com', 0, 2, 98),
(356, 'Todd Sheals', 'tsheals9v@1und1.de', 0, 5, 474),
(357, 'Sherie Suddick', 'ssuddick9w@exblog.jp', 0, 2, 340),
(358, 'Richmond Gethouse', 'rgethouse9x@amazon.co.uk', 0, 1, 251),
(359, 'Eugenia Kellaway', 'ekellaway9y@huffingtonpost.com', 0, 5, 151),
(360, 'Jecho Annett', 'jannett9z@odnoklassniki.ru', 0, 5, 241),
(361, 'Felicdad Gueinn', 'fgueinna0@amazonaws.com', 0, 4, 423),
(362, 'Anderea Ryles', 'arylesa1@soup.io', 0, 1, 465),
(363, 'Martina Goodings', 'mgoodingsa2@wunderground.com', 0, 5, 348),
(364, 'Rikki Huggen', 'rhuggena3@gizmodo.com', 0, 4, 324),
(365, 'Torry Balazot', 'tbalazota4@scribd.com', 0, 5, 302),
(366, 'Michale Stegel', 'mstegela5@about.com', 0, 4, 496),
(367, 'Ailbert Aldgate', 'aaldgatea6@fotki.com', 0, 3, 207),
(368, 'Rickard Jouning', 'rjouninga7@dailymotion.com', 0, 5, 226),
(369, 'Concettina Greguoli', 'cgreguolia8@elpais.com', 0, 3, 392),
(370, 'Harald Linning', 'hlinninga9@t-online.de', 0, 2, 156),
(371, 'Fee Golly', 'fgollyaa@furl.net', 0, 1, 81),
(372, 'Hasty Cunney', 'hcunneyab@woothemes.com', 0, 4, 164),
(373, 'Isis Mepsted', 'imepstedac@apache.org', 0, 4, 280),
(374, 'Hamel MacSweeney', 'hmacsweeneyad@wikia.com', 0, 4, 65),
(375, 'Fidelia Mechell', 'fmechellae@topsy.com', 0, 4, 398),
(376, 'Caty Godbert', 'cgodbertaf@csmonitor.com', 0, 4, 18),
(377, 'Artur Tomanek', 'atomanekag@mediafire.com', 0, 5, 251),
(378, 'Tera Hayth', 'thaythah@youku.com', 0, 3, 404),
(379, 'Noelyn Diplock', 'ndiplockai@boston.com', 0, 1, 330),
(380, 'Cly Cakes', 'ccakesaj@flavors.me', 0, 1, 38),
(381, 'Estevan Cove', 'ecoveak@123-reg.co.uk', 0, 4, 235),
(382, 'Kain Nineham', 'kninehamal@woothemes.com', 0, 5, 99),
(383, 'Philomena Baptie', 'pbaptieam@simplemachines.org', 0, 3, 186),
(384, 'Nichols Swatheridge', 'nswatheridgean@surveymonkey.com', 0, 3, 278),
(385, 'Garreth Fetherston', 'gfetherstonao@last.fm', 0, 4, 85),
(386, 'Kim Shall', 'kshallap@ed.gov', 0, 1, 174),
(387, 'Lancelot Edler', 'ledleraq@wix.com', 0, 1, 375),
(388, 'Gerick Auckland', 'gaucklandar@bigcartel.com', 0, 2, 394),
(389, 'Noelle Pridgeon', 'npridgeonas@diigo.com', 0, 1, 278),
(390, 'Annie Kern', 'akernat@google.nl', 0, 3, 158),
(391, 'Adey Jeannaud', 'ajeannaudau@cpanel.net', 0, 4, 480),
(392, 'Seymour Edelston', 'sedelstonav@photobucket.com', 0, 5, 183),
(393, 'Isidro Fishleigh', 'ifishleighaw@yelp.com', 0, 4, 395),
(394, 'Loria Cashley', 'lcashleyax@miibeian.gov.cn', 0, 5, 257),
(395, 'Riane Gajownik', 'rgajownikay@moonfruit.com', 0, 2, 116),
(396, 'Lanie Marquese', 'lmarqueseaz@aol.com', 0, 3, 61),
(397, 'Davis Rheam', 'drheamb0@microsoft.com', 0, 4, 416),
(398, 'Murial Hattersley', 'mhattersleyb1@discovery.com', 0, 5, 156),
(399, 'Axel Scapelhorn', 'ascapelhornb2@google.com.hk', 0, 3, 276),
(400, 'Norry Pollastrino', 'npollastrinob3@addtoany.com', 0, 4, 487),
(401, 'Cornelle Gladbeck', 'cgladbeckb4@toplist.cz', 0, 4, 468),
(402, 'Malva Tyrrell', 'mtyrrellb5@vistaprint.com', 0, 5, 482),
(403, 'Madelyn Chiplin', 'mchiplinb6@issuu.com', 0, 2, 297),
(404, 'Philbert Duigenan', 'pduigenanb7@zimbio.com', 0, 4, 203),
(405, 'Raynard Blakelock', 'rblakelockb8@facebook.com', 0, 1, 118),
(406, 'Gwyn Slee', 'gsleeb9@elegantthemes.com', 0, 3, 50),
(407, 'Veronike Frensche', 'vfrenscheba@washington.edu', 0, 1, 116),
(408, 'Cacilie Pudding', 'cpuddingbb@booking.com', 0, 4, 433),
(409, 'Jo-anne Olpin', 'jolpinbc@yelp.com', 0, 5, 148),
(410, 'Grenville Dadswell', 'gdadswellbd@mayoclinic.com', 0, 5, 241),
(411, 'Kermit Dybell', 'kdybellbe@fc2.com', 0, 4, 360),
(412, 'Elisabetta Dullard', 'edullardbf@blogspot.com', 0, 2, 375),
(413, 'Genevieve Greated', 'ggreatedbg@umich.edu', 0, 3, 109),
(414, 'Milicent Faltin', 'mfaltinbh@ucsd.edu', 0, 5, 190),
(415, 'Jimmy Garrity', 'jgarritybi@kickstarter.com', 0, 5, 218),
(416, 'Stace Henzley', 'shenzleybj@typepad.com', 0, 2, 489),
(417, 'Annetta Cuberley', 'acuberleybk@parallels.com', 0, 1, 13),
(418, 'Elka Cuppitt', 'ecuppittbl@nasa.gov', 0, 4, 141),
(419, 'Hercules Kynd', 'hkyndbm@ning.com', 0, 3, 428),
(420, 'Bentley Lahive', 'blahivebn@seattletimes.com', 0, 2, 253),
(421, 'Osborne Emer', 'oemerbo@linkedin.com', 0, 4, 94),
(422, 'Fernanda Emburey', 'fembureybp@edublogs.org', 0, 3, 42),
(423, 'Karlik MacCafferky', 'kmaccafferkybq@storify.com', 0, 5, 179),
(424, 'Agna Yourell', 'ayourellbr@globo.com', 0, 4, 298),
(425, 'Deonne Huxtable', 'dhuxtablebs@apple.com', 0, 1, 470),
(426, 'Nikolas Torrisi', 'ntorrisibt@macromedia.com', 0, 5, 299),
(427, 'Casandra Brunn', 'cbrunnbu@elpais.com', 0, 4, 232),
(428, 'Jephthah Kasparski', 'jkasparskibv@state.tx.us', 0, 4, 430),
(429, 'Candide Kynder', 'ckynderbw@oakley.com', 0, 4, 91),
(430, 'Nikos Hilbourne', 'nhilbournebx@wp.com', 0, 2, 67),
(431, 'Kissie Warbrick', 'kwarbrickby@cnn.com', 0, 2, 387),
(432, 'Dev Nelthropp', 'dnelthroppbz@amazon.com', 0, 4, 353),
(433, 'Abagael Kyndred', 'akyndredc0@wikispaces.com', 0, 4, 51),
(434, 'Emilia Wellbank', 'ewellbankc1@cbslocal.com', 0, 2, 352),
(435, 'Babara Orviss', 'borvissc2@etsy.com', 0, 1, 245),
(436, 'Silvana Brand-Hardy', 'sbrandhardyc3@craigslist.org', 0, 1, 197),
(437, 'Candida Bodega', 'cbodegac4@dell.com', 0, 4, 417),
(438, 'Philip Cayser', 'pcayserc5@elpais.com', 0, 5, 70),
(439, 'Shayna Haggata', 'shaggatac6@independent.co.uk', 0, 4, 382),
(440, 'Rorke McNeigh', 'rmcneighc7@altervista.org', 0, 4, 447),
(441, 'Loella Patience', 'lpatiencec8@nhs.uk', 0, 4, 274),
(442, 'Ari Cundey', 'acundeyc9@wufoo.com', 0, 4, 88),
(443, 'Leif Cordero', 'lcorderoca@fotki.com', 0, 5, 124),
(444, 'Willi Landreth', 'wlandrethcb@gizmodo.com', 0, 4, 140),
(445, 'Babbie Rault', 'braultcc@shop-pro.jp', 0, 3, 253),
(446, 'Webb Bulstrode', 'wbulstrodecd@springer.com', 0, 1, 19),
(447, 'Rena Aviss', 'ravissce@tumblr.com', 0, 5, 76),
(448, 'Danya Antonich', 'dantonichcf@gnu.org', 0, 5, 226),
(449, 'Lowell Top', 'ltopcg@amazon.co.jp', 0, 5, 100),
(450, 'Jessalyn Laffin', 'jlaffinch@xing.com', 0, 1, 212),
(451, 'Marci Yewdale', 'myewdaleci@rakuten.co.jp', 0, 2, 190),
(452, 'Gregorio Praten', 'gpratencj@biblegateway.com', 0, 1, 280),
(453, 'Collin Thomazet', 'cthomazetck@arizona.edu', 0, 5, 158),
(454, 'Dru Bartos', 'dbartoscl@cornell.edu', 0, 4, 465),
(455, 'Modestia Pietrzak', 'mpietrzakcm@tumblr.com', 0, 1, 63),
(456, 'Iago Gregoretti', 'igregoretticn@thetimes.co.uk', 0, 4, 74),
(457, 'Abramo Cogin', 'acoginco@hibu.com', 0, 1, 47),
(458, 'Mozes Vasiliu', 'mvasiliucp@networkadvertising.org', 0, 2, 219),
(459, 'Shaine Worsley', 'sworsleycq@hc360.com', 0, 3, 127),
(460, 'Jeanelle Tute', 'jtutecr@harvard.edu', 0, 5, 315),
(461, 'Hannis Eland', 'helandcs@zdnet.com', 0, 4, 297),
(462, 'Lia Pinkerton', 'lpinkertonct@mac.com', 0, 4, 35),
(463, 'Maryl Maymond', 'mmaymondcu@cbslocal.com', 0, 5, 303),
(464, 'Ezri Bettenson', 'ebettensoncv@craigslist.org', 0, 3, 177),
(465, 'Sibelle Petrello', 'spetrellocw@disqus.com', 0, 1, 347),
(466, 'Nerita Crannis', 'ncranniscx@netvibes.com', 0, 1, 406),
(467, 'Veda Helwig', 'vhelwigcy@drupal.org', 0, 2, 258),
(468, 'Dorey Kelemen', 'dkelemencz@parallels.com', 0, 5, 82),
(469, 'Lynne Vassel', 'lvasseld0@google.co.uk', 0, 4, 65),
(470, 'Lavinia Casillis', 'lcasillisd1@sakura.ne.jp', 0, 5, 170),
(471, 'Ced Cassimer', 'ccassimerd2@dion.ne.jp', 0, 4, 234),
(472, 'Alistair Feary', 'afearyd3@instagram.com', 0, 3, 21),
(473, 'Steffane Dain', 'sdaind4@blogtalkradio.com', 0, 5, 162),
(474, 'Shirlee Leither', 'sleitherd5@rediff.com', 0, 2, 244),
(475, 'Bernarr Jindrich', 'bjindrichd6@alexa.com', 0, 5, 336),
(476, 'Correy Alf', 'calfd7@sogou.com', 0, 2, 245),
(477, 'Suellen Ginnelly', 'sginnellyd8@cyberchimps.com', 0, 4, 16),
(478, 'Adela Stampe', 'astamped9@dot.gov', 0, 5, 405),
(479, 'Rufe Baish', 'rbaishda@hc360.com', 0, 3, 153),
(480, 'Adan Anslow', 'aanslowdb@nih.gov', 0, 4, 67),
(481, 'Shannah Matovic', 'smatovicdc@deviantart.com', 0, 4, 270),
(482, 'Vevay M\'Quharg', 'vmquhargdd@xinhuanet.com', 0, 5, 170),
(483, 'Jannelle Osboldstone', 'josboldstonede@about.com', 0, 2, 318),
(484, 'Sheff Flavelle', 'sflavelledf@seesaa.net', 0, 2, 248),
(485, 'Sybil Harhoff', 'sharhoffdg@about.me', 0, 1, 91),
(486, 'Joana Mecozzi', 'jmecozzidh@rambler.ru', 0, 1, 166),
(487, 'Marcel Challenor', 'mchallenordi@woothemes.com', 0, 5, 106),
(488, 'Sella Raspison', 'sraspisondj@netscape.com', 0, 5, 7),
(489, 'Jazmin Cranshaw', 'jcranshawdk@sitemeter.com', 0, 5, 171),
(490, 'Augusto Josselson', 'ajosselsondl@example.com', 0, 2, 226),
(491, 'Mercedes Durdan', 'mdurdandm@hc360.com', 0, 2, 286),
(492, 'Claire Bennison', 'cbennisondn@csmonitor.com', 0, 2, 272),
(493, 'Hersh Ferronier', 'hferronierdo@google.co.uk', 0, 4, 187),
(494, 'Roxi Stockell', 'rstockelldp@aboutads.info', 0, 3, 325),
(495, 'Toiboid Dhenin', 'tdhenindq@cbc.ca', 0, 3, 135),
(496, 'Marley Churms', 'mchurmsdr@dailymotion.com', 0, 3, 103),
(497, 'Nathanial Esposita', 'nespositads@yahoo.com', 0, 3, 301),
(498, 'Lynne Montez', 'lmontezdt@cbslocal.com', 0, 4, 446),
(499, 'Abagail Paley', 'apaleydu@ifeng.com', 0, 1, 85),
(500, 'Grover Tabbitt', 'gtabbittdv@scientificamerican.com', 0, 2, 200),
(501, 'Nissy Baccus', 'nbaccusdw@live.com', 0, 2, 331),
(502, 'Bartholomew Tomsett', 'btomsettdx@squarespace.com', 0, 1, 158),
(503, 'Corrie Vane', 'cvanedy@usatoday.com', 0, 5, 437),
(504, 'Alberik Ulrik', 'aulrikdz@hhs.gov', 0, 3, 454),
(505, 'Dick Belvin', 'dbelvine0@netscape.com', 0, 2, 332),
(506, 'Peggi Baxill', 'pbaxille1@xinhuanet.com', 0, 3, 178),
(507, 'Delbert Castlake', 'dcastlakee2@stumbleupon.com', 0, 4, 465),
(508, 'Denice Artus', 'dartuse3@wired.com', 0, 2, 291),
(509, 'Raine Kettridge', 'rkettridgee4@reverbnation.com', 0, 5, 447),
(510, 'Marillin Snoxill', 'msnoxille5@utexas.edu', 0, 4, 438),
(511, 'Darci Loftus', 'dloftuse6@nih.gov', 0, 4, 75),
(512, 'Hayes Mease', 'hmeasee7@accuweather.com', 0, 3, 459),
(513, 'Idalia Dell \'Orto', 'idelle8@ox.ac.uk', 0, 1, 297),
(514, 'Myrtice Crowson', 'mcrowsone9@domainmarket.com', 0, 1, 177),
(515, 'Filberte Farens', 'ffarensea@webnode.com', 0, 1, 316),
(516, 'Floria Twiddell', 'ftwiddelleb@ebay.com', 0, 3, 185),
(517, 'Antone Haines', 'ahainesec@sakura.ne.jp', 0, 3, 9),
(518, 'Delmar Patching', 'dpatchinged@wix.com', 0, 1, 180),
(519, 'Hugh Pavie', 'hpavieee@imageshack.us', 0, 5, 383),
(520, 'Titus Parkhouse', 'tparkhouseef@upenn.edu', 0, 2, 396),
(521, 'Holli Flower', 'hflowereg@4shared.com', 0, 1, 78),
(522, 'Raviv Aronoff', 'raronoffeh@sphinn.com', 0, 1, 7),
(523, 'Zorina Ellacott', 'zellacottei@behance.net', 0, 5, 143),
(524, 'Koo Loddy', 'kloddyej@goodreads.com', 0, 3, 275),
(525, 'Lanny Gorgl', 'lgorglek@twitpic.com', 0, 4, 16),
(526, 'Elmira Halse', 'ehalseel@icq.com', 0, 2, 399),
(527, 'Greta Stote', 'gstoteem@biglobe.ne.jp', 0, 1, 205),
(528, 'Paulita Lambertini', 'plambertinien@prlog.org', 0, 3, 90),
(529, 'Marline Clough', 'mclougheo@wsj.com', 0, 5, 447),
(530, 'Arturo Henniger', 'ahennigerep@alibaba.com', 0, 1, 475),
(531, 'Bernhard Deverille', 'bdeverilleeq@photobucket.com', 0, 2, 482),
(532, 'Grissel Ivins', 'givinser@intel.com', 0, 5, 75),
(533, 'Elwyn McKeon', 'emckeones@cocolog-nifty.com', 0, 3, 398),
(534, 'Basile Pashe', 'bpasheet@acquirethisname.com', 0, 1, 43),
(535, 'Rowen Sudron', 'rsudroneu@twitpic.com', 0, 2, 20),
(536, 'Drusie Bagg', 'dbaggev@nationalgeographic.com', 0, 1, 100),
(537, 'Starla Matteucci', 'smatteucciew@g.co', 0, 1, 132),
(538, 'Minta Seleway', 'mselewayex@1688.com', 0, 1, 381),
(539, 'Lenci Blazynski', 'lblazynskiey@mac.com', 0, 1, 201),
(540, 'Emmalyn Cuzen', 'ecuzenez@cornell.edu', 0, 1, 247),
(541, 'Neila Whilder', 'nwhilderf0@slate.com', 0, 1, 400),
(542, 'Freida Ceely', 'fceelyf1@joomla.org', 0, 5, 168),
(543, 'Sharon Grigoryov', 'sgrigoryovf2@cbsnews.com', 0, 3, 128),
(544, 'Alberto Vance', 'avancef3@state.gov', 0, 1, 18),
(545, 'Annissa Jewar', 'ajewarf4@theatlantic.com', 0, 3, 324),
(546, 'Marylinda Rosencwaig', 'mrosencwaigf5@nasa.gov', 0, 3, 482),
(547, 'Decca Bage', 'dbagef6@free.fr', 0, 2, 103),
(548, 'Vern Kencott', 'vkencottf7@reuters.com', 0, 1, 184),
(549, 'Letta Fewell', 'lfewellf8@linkedin.com', 0, 2, 409),
(550, 'Rurik Dickin', 'rdickinf9@miibeian.gov.cn', 0, 4, 443),
(551, 'Yehudi Hexum', 'yhexumfa@squarespace.com', 0, 4, 174),
(552, 'Neill Geekie', 'ngeekiefb@sciencedirect.com', 0, 2, 110),
(553, 'Amandy Van der Daal', 'avanfc@chicagotribune.com', 0, 5, 263),
(554, 'Yvon Harler', 'yharlerfd@economist.com', 0, 1, 187),
(555, 'Stewart Bath', 'sbathfe@newyorker.com', 0, 5, 312),
(556, 'Nari Abrams', 'nabramsff@ted.com', 0, 4, 345),
(557, 'Alexia MacLleese', 'amaclleesefg@fda.gov', 0, 4, 134),
(558, 'Clara Darrell', 'cdarrellfh@ucla.edu', 0, 3, 96),
(559, 'Mona Spreag', 'mspreagfi@indiatimes.com', 0, 1, 175),
(560, 'Shaine Stoad', 'sstoadfj@opera.com', 0, 2, 160),
(561, 'Patti Kopta', 'pkoptafk@addthis.com', 0, 5, 450),
(562, 'Amelina Fasse', 'afassefl@ezinearticles.com', 0, 2, 239),
(563, 'Valentin Hadley', 'vhadleyfm@auda.org.au', 0, 2, 70),
(564, 'Melamie Rait', 'mraitfn@merriam-webster.com', 0, 3, 102),
(565, 'Agneta Anscombe', 'aanscombefo@parallels.com', 0, 5, 316),
(566, 'Hendrik Lapere', 'hlaperefp@ustream.tv', 0, 1, 401),
(567, 'Ronnica Fleury', 'rfleuryfq@abc.net.au', 0, 1, 496),
(568, 'Angie Bellenger', 'abellengerfr@slideshare.net', 0, 3, 209),
(569, 'Hodge Hallatt', 'hhallattfs@un.org', 0, 3, 339),
(570, 'Daveen Blainey', 'dblaineyft@de.vu', 0, 5, 486),
(571, 'Barris Rossbrook', 'brossbrookfu@dell.com', 0, 5, 309),
(572, 'Rolfe Galea', 'rgaleafv@bandcamp.com', 0, 5, 227),
(573, 'Terrill Birdall', 'tbirdallfw@de.vu', 0, 5, 170),
(574, 'Niko Davie', 'ndaviefx@a8.net', 0, 5, 391),
(575, 'Currie Bidder', 'cbidderfy@wufoo.com', 0, 1, 196),
(576, 'Armin Roberson', 'arobersonfz@alexa.com', 0, 4, 316),
(577, 'Nataniel Shobrook', 'nshobrookg0@t-online.de', 0, 2, 202),
(578, 'Beitris Burren', 'bburreng1@sfgate.com', 0, 5, 171),
(579, 'Lazarus Reymers', 'lreymersg2@tuttocitta.it', 0, 4, 468),
(580, 'Cordi Lahiff', 'clahiffg3@gov.uk', 0, 2, 225),
(581, 'Lindsay Driffill', 'ldriffillg4@unesco.org', 0, 2, 244),
(582, 'Sunny Janzen', 'sjanzeng5@unesco.org', 0, 3, 182),
(583, 'Fenelia Schwerin', 'fschwering6@goo.ne.jp', 0, 1, 3),
(584, 'Toddy O\' Mahony', 'tog7@webeden.co.uk', 0, 4, 136),
(585, 'Ailee de Leon', 'adeg8@phpbb.com', 0, 2, 320),
(586, 'Rochelle Whinney', 'rwhinneyg9@accuweather.com', 0, 5, 253),
(587, 'Sawyere Chat', 'schatga@kickstarter.com', 0, 5, 342),
(588, 'Nadia Dominique', 'ndominiquegb@cargocollective.com', 0, 4, 404),
(589, 'Caitrin Jesper', 'cjespergc@istockphoto.com', 0, 3, 154),
(590, 'Gerardo Warboys', 'gwarboysgd@buzzfeed.com', 0, 4, 346),
(591, 'Rich Brosius', 'rbrosiusge@woothemes.com', 0, 5, 165),
(592, 'Lane Winks', 'lwinksgf@cloudflare.com', 0, 3, 379),
(593, 'Elden Ferraraccio', 'eferraracciogg@economist.com', 0, 1, 301),
(594, 'Jamaal Trubshawe', 'jtrubshawegh@hao123.com', 0, 4, 244),
(595, 'Brunhilda Christoffersen', 'bchristoffersengi@angelfire.com', 0, 3, 403),
(596, 'Merry Corrao', 'mcorraogj@imgur.com', 0, 1, 186),
(597, 'Evvie Ingleton', 'eingletongk@home.pl', 0, 1, 435),
(598, 'Malissa Rampley', 'mrampleygl@army.mil', 0, 1, 68),
(599, 'Tim Impey', 'timpeygm@feedburner.com', 0, 2, 50),
(600, 'Karina Melly', 'kmellygn@people.com.cn', 0, 3, 42),
(601, 'Cord Maase', 'cmaasego@theglobeandmail.com', 0, 5, 191),
(602, 'Christophorus Featherstonhaugh', 'cfeatherstonhaughgp@jiathis.com', 0, 5, 358),
(603, 'Minny Scargill', 'mscargillgq@shop-pro.jp', 0, 4, 111),
(604, 'Heywood Liles', 'hlilesgr@digg.com', 0, 3, 495),
(605, 'Iggy Shakshaft', 'ishakshaftgs@psu.edu', 0, 2, 432),
(606, 'Rosina Kelsell', 'rkelsellgt@spotify.com', 0, 1, 354),
(607, 'Warden Hazlewood', 'whazlewoodgu@php.net', 0, 4, 424),
(608, 'Orv Berends', 'oberendsgv@hibu.com', 0, 1, 119),
(609, 'Heath Fish', 'hfishgw@dedecms.com', 0, 5, 9),
(610, 'Philippe Fiddyment', 'pfiddymentgx@slate.com', 0, 4, 328),
(611, 'Jeanna Di Ruggero', 'jdigy@google.pl', 0, 1, 477),
(612, 'Ethelyn Titcom', 'etitcomgz@t.co', 0, 5, 329),
(613, 'Egbert Goodfellowe', 'egoodfelloweh0@wunderground.com', 0, 1, 375),
(614, 'Garfield Tzarkov', 'gtzarkovh1@google.com.br', 0, 5, 326),
(615, 'Courtney Devine', 'cdevineh2@thetimes.co.uk', 0, 5, 69),
(616, 'Rodina Grahamslaw', 'rgrahamslawh3@sun.com', 0, 5, 58),
(617, 'Mart Lukock', 'mlukockh4@statcounter.com', 0, 2, 75),
(618, 'Kendre Vaney', 'kvaneyh5@moonfruit.com', 0, 3, 40),
(619, 'Dacie Madill', 'dmadillh6@bandcamp.com', 0, 3, 312),
(620, 'Saxe Spanswick', 'sspanswickh7@netlog.com', 0, 2, 480),
(621, 'Ring Vickarman', 'rvickarmanh8@si.edu', 0, 3, 280),
(622, 'Esteban Rutigliano', 'erutiglianoh9@fotki.com', 0, 5, 42),
(623, 'Eva Wharram', 'ewharramha@yahoo.com', 0, 5, 155),
(624, 'Tybalt Giordano', 'tgiordanohb@storify.com', 0, 1, 449),
(625, 'Lilia Gallyhaock', 'lgallyhaockhc@ezinearticles.com', 0, 5, 28),
(626, 'Ritchie Monni', 'rmonnihd@ted.com', 0, 4, 444),
(627, 'Brenda Haston', 'bhastonhe@walmart.com', 0, 4, 93),
(628, 'Bunni Roloff', 'broloffhf@bravesites.com', 0, 3, 455),
(629, 'Joyous Sancho', 'jsanchohg@pinterest.com', 0, 5, 337),
(630, 'Cordie Foyster', 'cfoysterhh@usda.gov', 0, 5, 312),
(631, 'Sollie Kobu', 'skobuhi@reverbnation.com', 0, 3, 340),
(632, 'Jan Marner', 'jmarnerhj@ibm.com', 0, 2, 259),
(633, 'Pearla Vasyutochkin', 'pvasyutochkinhk@reddit.com', 0, 5, 100),
(634, 'Joelly Fundell', 'jfundellhl@ibm.com', 0, 1, 188),
(635, 'Ivory Frossell', 'ifrossellhm@list-manage.com', 0, 1, 255),
(636, 'Jedd Kilby', 'jkilbyhn@biglobe.ne.jp', 0, 2, 72),
(637, 'Pansie Ferrarini', 'pferrariniho@nhs.uk', 0, 4, 121),
(638, 'Arley Cowap', 'acowaphp@hc360.com', 0, 3, 287),
(639, 'Mariann Buttel', 'mbuttelhq@google.com', 0, 5, 154),
(640, 'Else Abbatt', 'eabbatthr@sphinn.com', 0, 5, 221),
(641, 'Binky Levecque', 'blevecquehs@imageshack.us', 0, 1, 94),
(642, 'Willyt Barbie', 'wbarbieht@jalbum.net', 0, 1, 78),
(643, 'Betsy Copestake', 'bcopestakehu@themeforest.net', 0, 3, 274),
(644, 'Caitrin Tingey', 'ctingeyhv@tinypic.com', 0, 5, 381),
(645, 'Gibb Kowalik', 'gkowalikhw@so-net.ne.jp', 0, 5, 166),
(646, 'Nydia Kegg', 'nkegghx@deliciousdays.com', 0, 3, 394),
(647, 'Nichols Banes', 'nbaneshy@telegraph.co.uk', 0, 5, 426),
(648, 'Templeton Groll', 'tgrollhz@columbia.edu', 0, 1, 222),
(649, 'Ingemar Vicent', 'ivicenti0@comsenz.com', 0, 3, 376),
(650, 'Wilfred Andersen', 'wanderseni1@theatlantic.com', 0, 2, 149),
(651, 'Leigh Dootson', 'ldootsoni2@wikimedia.org', 0, 3, 112),
(652, 'Gilli Eisenberg', 'geisenbergi3@bbc.co.uk', 0, 1, 487),
(653, 'Suzi Grewcock', 'sgrewcocki4@reference.com', 0, 1, 316),
(654, 'Eugenia De Roberto', 'edei5@people.com.cn', 0, 4, 334),
(655, 'Mag Demko', 'mdemkoi6@cornell.edu', 0, 4, 131),
(656, 'Bondon Shobrook', 'bshobrooki7@xinhuanet.com', 0, 3, 11),
(657, 'Axe Crier', 'acrieri8@dell.com', 0, 1, 170),
(658, 'Danny MacAree', 'dmacareei9@cloudflare.com', 0, 5, 72),
(659, 'Suzy Stolberger', 'sstolbergeria@guardian.co.uk', 0, 4, 255),
(660, 'Val Mertel', 'vmertelib@dot.gov', 0, 1, 162),
(661, 'Bernie Hathaway', 'bhathawayic@vkontakte.ru', 0, 2, 77),
(662, 'Wildon Ludman', 'wludmanid@histats.com', 0, 2, 348),
(663, 'Kath Cuttings', 'kcuttingsie@studiopress.com', 0, 1, 345),
(664, 'Jordan Maidens', 'jmaidensif@gnu.org', 0, 1, 213),
(665, 'Neall Gotts', 'ngottsig@noaa.gov', 0, 3, 88),
(666, 'Mable Jessett', 'mjessettih@dailymotion.com', 0, 1, 385),
(667, 'Euell Crichmere', 'ecrichmereii@techcrunch.com', 0, 3, 269),
(668, 'Ermin Wingeatt', 'ewingeattij@nydailynews.com', 0, 5, 408),
(669, 'Andras Fishbie', 'afishbieik@epa.gov', 0, 5, 341),
(670, 'Chickie Hodgins', 'chodginsil@miitbeian.gov.cn', 0, 5, 29),
(671, 'Shayne Di Boldi', 'sdiim@bing.com', 0, 4, 203),
(672, 'Aprilette Todari', 'atodariin@spiegel.de', 0, 1, 396),
(673, 'Giusto Burdekin', 'gburdekinio@jugem.jp', 0, 1, 21),
(674, 'Salvidor Disdel', 'sdisdelip@va.gov', 0, 4, 262),
(675, 'Zolly Rudland', 'zrudlandiq@ow.ly', 0, 5, 309),
(676, 'Aundrea Sneesby', 'asneesbyir@ask.com', 0, 2, 22),
(677, 'Antonio Dore', 'adoreis@youku.com', 0, 3, 276),
(678, 'Bat Edmonstone', 'bedmonstoneit@theguardian.com', 0, 3, 438),
(679, 'Emory Kermit', 'ekermitiu@boston.com', 0, 2, 47),
(680, 'Nelli Mountcastle', 'nmountcastleiv@slashdot.org', 0, 4, 383),
(681, 'Ellis Raubenheimers', 'eraubenheimersiw@pagesperso-orange.fr', 0, 5, 26),
(682, 'Carlie Korting', 'ckortingix@cnbc.com', 0, 5, 50),
(683, 'Euell Sansum', 'esansumiy@bigcartel.com', 0, 2, 478),
(684, 'Krystalle Giraldez', 'kgiraldeziz@360.cn', 0, 5, 21),
(685, 'Gertrudis Niaves', 'gniavesj0@domainmarket.com', 0, 5, 468),
(686, 'Filmore Pacquet', 'fpacquetj1@nytimes.com', 0, 4, 487),
(687, 'Giulietta Cavill', 'gcavillj2@businesswire.com', 0, 1, 274),
(688, 'Opal Mulgrew', 'omulgrewj3@trellian.com', 0, 3, 68),
(689, 'Gwenneth Yanshinov', 'gyanshinovj4@sitemeter.com', 0, 5, 367),
(690, 'Elysia Stelli', 'estellij5@i2i.jp', 0, 1, 381),
(691, 'Sasha Laweles', 'slawelesj6@lycos.com', 0, 5, 315),
(692, 'Emiline Roggers', 'eroggersj7@gov.uk', 0, 5, 370),
(693, 'Jessamine Grundell', 'jgrundellj8@t.co', 0, 4, 267),
(694, 'Doug Santacrole', 'dsantacrolej9@creativecommons.org', 0, 2, 8),
(695, 'Marquita Wrangle', 'mwrangleja@deliciousdays.com', 0, 3, 29),
(696, 'Amitie Aspenlon', 'aaspenlonjb@xinhuanet.com', 0, 5, 10),
(697, 'Piggy Buckles', 'pbucklesjc@cargocollective.com', 0, 4, 311),
(698, 'Catherin Fynan', 'cfynanjd@google.de', 0, 2, 386),
(699, 'Bennie Leatherbarrow', 'bleatherbarrowje@tuttocitta.it', 0, 3, 261),
(700, 'Joelie Deinhardt', 'jdeinhardtjf@wikia.com', 0, 1, 176),
(701, 'Waldon Boeck', 'wboeckjg@livejournal.com', 0, 4, 389),
(702, 'Jase Seth', 'jsethjh@skyrock.com', 0, 4, 295),
(703, 'Tammy Baggalley', 'tbaggalleyji@parallels.com', 0, 2, 428),
(704, 'Willetta Croughan', 'wcroughanjj@wufoo.com', 0, 1, 493),
(705, 'Fianna Benazet', 'fbenazetjk@auda.org.au', 0, 2, 96),
(706, 'Evita Sweeten', 'esweetenjl@zimbio.com', 0, 1, 263),
(707, 'Darline Yousef', 'dyousefjm@thetimes.co.uk', 0, 2, 482),
(708, 'Roderigo Yanshonok', 'ryanshonokjn@gravatar.com', 0, 4, 103),
(709, 'Anita Chicchelli', 'achicchellijo@biglobe.ne.jp', 0, 1, 341),
(710, 'Hashim Norwood', 'hnorwoodjp@homestead.com', 0, 3, 477),
(711, 'Siouxie D\'Ruel', 'sdrueljq@sourceforge.net', 0, 2, 203),
(712, 'Ernaline Amery', 'eameryjr@jimdo.com', 0, 5, 143),
(713, 'Parrnell Pincott', 'ppincottjs@java.com', 0, 2, 141),
(714, 'Red Hounsom', 'rhounsomjt@geocities.com', 0, 4, 336),
(715, 'Rafferty Falkinder', 'rfalkinderju@mlb.com', 0, 4, 336),
(716, 'Giles Bennington', 'gbenningtonjv@sina.com.cn', 0, 1, 68),
(717, 'Sheree Frantzeni', 'sfrantzenijw@tinyurl.com', 0, 3, 331),
(718, 'Jordain Klejin', 'jklejinjx@spotify.com', 0, 1, 475),
(719, 'Brittany Morshead', 'bmorsheadjy@va.gov', 0, 1, 124),
(720, 'Raf Seivertsen', 'rseivertsenjz@163.com', 0, 5, 105),
(721, 'Fabiano Blencoe', 'fblencoek0@unesco.org', 0, 2, 172),
(722, 'Talbot Dunklee', 'tdunkleek1@cyberchimps.com', 0, 5, 179),
(723, 'Erek Vagges', 'evaggesk2@technorati.com', 0, 5, 234),
(724, 'Kellia Rattenberie', 'krattenberiek3@yellowpages.com', 0, 1, 91),
(725, 'Mabelle Featherby', 'mfeatherbyk4@usa.gov', 0, 4, 196),
(726, 'Demott Parradice', 'dparradicek5@hhs.gov', 0, 2, 23),
(727, 'Otto Bingle', 'obinglek6@stumbleupon.com', 0, 3, 412),
(728, 'Hoebart Pelfer', 'hpelferk7@businessweek.com', 0, 2, 67),
(729, 'Billy Derle', 'bderlek8@biglobe.ne.jp', 0, 5, 112),
(730, 'Gregorio Ethersey', 'getherseyk9@fastcompany.com', 0, 2, 234),
(731, 'Nance Prazer', 'nprazerka@go.com', 0, 4, 191),
(732, 'Ginger Arbor', 'garborkb@chron.com', 0, 5, 303),
(733, 'Llewellyn Strike', 'lstrikekc@icio.us', 0, 2, 60),
(734, 'Skylar Wybern', 'swybernkd@so-net.ne.jp', 0, 2, 307),
(735, 'Ber McLay', 'bmclayke@boston.com', 0, 1, 24),
(736, 'Giacinta Bazylets', 'gbazyletskf@nyu.edu', 0, 3, 98),
(737, 'Kessia Beumant', 'kbeumantkg@rambler.ru', 0, 2, 367),
(738, 'Abbey Cranshaw', 'acranshawkh@freewebs.com', 0, 3, 225),
(739, 'Gearalt de Aguirre', 'gdeki@timesonline.co.uk', 0, 5, 156),
(740, 'Margaux Killoran', 'mkillorankj@jugem.jp', 0, 2, 168),
(741, 'Obidiah Lowin', 'olowinkk@independent.co.uk', 0, 2, 104),
(742, 'Adrienne Dittson', 'adittsonkl@cisco.com', 0, 3, 450),
(743, 'Sonnie Weerdenburg', 'sweerdenburgkm@amazonaws.com', 0, 5, 442),
(744, 'Aindrea Danihel', 'adanihelkn@tamu.edu', 0, 1, 266),
(745, 'Casie Higgan', 'chigganko@joomla.org', 0, 5, 180),
(746, 'Hortensia O\'Duane', 'hoduanekp@infoseek.co.jp', 0, 4, 41),
(747, 'Arlina Allinson', 'aallinsonkq@kickstarter.com', 0, 2, 20),
(748, 'Erin Parlor', 'eparlorkr@360.cn', 0, 2, 316),
(749, 'Janice Fendlow', 'jfendlowks@exblog.jp', 0, 2, 496),
(750, 'Cross Schollar', 'cschollarkt@bigcartel.com', 0, 2, 55),
(751, 'Cahra Blowin', 'cblowinku@jigsy.com', 0, 5, 222),
(752, 'Nancy Dillimore', 'ndillimorekv@blogspot.com', 0, 1, 148),
(753, 'Sarena Scyone', 'sscyonekw@cocolog-nifty.com', 0, 1, 20),
(754, 'Jesse Weighell', 'jweighellkx@businessinsider.com', 0, 2, 435),
(755, 'Tasia Ferminger', 'tfermingerky@nytimes.com', 0, 4, 267),
(756, 'Florette Bigby', 'fbigbykz@dailymail.co.uk', 0, 5, 122),
(757, 'Bernie Hubbold', 'bhubboldl0@time.com', 0, 4, 393),
(758, 'Johna Bentame', 'jbentamel1@t.co', 0, 2, 151),
(759, 'Chauncey Kiendl', 'ckiendll2@china.com.cn', 0, 1, 93),
(760, 'Allissa Betonia', 'abetonial3@wired.com', 0, 3, 180),
(761, 'Reggie MacNeill', 'rmacneilll4@noaa.gov', 0, 1, 409),
(762, 'Holt Sindall', 'hsindalll5@homestead.com', 0, 1, 487),
(763, 'Dion Ephson', 'dephsonl6@ask.com', 0, 2, 42),
(764, 'Had Baggally', 'hbaggallyl7@google.fr', 0, 3, 269),
(765, 'Margeaux Coppins', 'mcoppinsl8@g.co', 0, 1, 87),
(766, 'Hillie Cerith', 'hcerithl9@whitehouse.gov', 0, 5, 461),
(767, 'Flo Woolf', 'fwoolfla@nih.gov', 0, 2, 313),
(768, 'Jemmy Thresher', 'jthresherlb@slashdot.org', 0, 2, 119),
(769, 'Margaux Scown', 'mscownlc@example.com', 0, 2, 122),
(770, 'Maddi Tiernan', 'mtiernanld@dion.ne.jp', 0, 5, 436),
(771, 'Pancho Frankel', 'pfrankelle@domainmarket.com', 0, 1, 78),
(772, 'Morna Barbour', 'mbarbourlf@example.com', 0, 1, 10),
(773, 'Ugo Vairow', 'uvairowlg@indiatimes.com', 0, 5, 92),
(774, 'Rebecca Edgett', 'redgettlh@gizmodo.com', 0, 4, 350),
(775, 'Kathy Paulmann', 'kpaulmannli@economist.com', 0, 4, 205),
(776, 'Wang McKimm', 'wmckimmlj@tiny.cc', 0, 2, 354),
(777, 'Fredrick Bishopp', 'fbishopplk@fotki.com', 0, 5, 157),
(778, 'Haroun Mariot', 'hmariotll@ehow.com', 0, 1, 325),
(779, 'Robinet Tubritt', 'rtubrittlm@canalblog.com', 0, 5, 413),
(780, 'Jenifer Ovitts', 'jovittsln@exblog.jp', 0, 1, 453),
(781, 'Germayne Disdel', 'gdisdello@earthlink.net', 0, 5, 324),
(782, 'Lianna McKall', 'lmckalllp@51.la', 0, 1, 48),
(783, 'Esdras Pidwell', 'epidwelllq@google.pl', 0, 1, 176),
(784, 'Dennet Roddam', 'droddamlr@elpais.com', 0, 1, 460),
(785, 'Bidget Steagall', 'bsteagallls@psu.edu', 0, 5, 311),
(786, 'Giffie Ladlow', 'gladlowlt@cam.ac.uk', 0, 1, 336),
(787, 'Dalila Forlonge', 'dforlongelu@bing.com', 0, 1, 430),
(788, 'Nealy Nezey', 'nnezeylv@ftc.gov', 0, 5, 140),
(789, 'Codi Kubecka', 'ckubeckalw@ebay.com', 0, 2, 318),
(790, 'Penni Kennady', 'pkennadylx@i2i.jp', 0, 4, 310),
(791, 'Alena Boni', 'abonily@census.gov', 0, 3, 220),
(792, 'Camille Dundendale', 'cdundendalelz@businessinsider.com', 0, 4, 423),
(793, 'Jedediah Roussell', 'jroussellm0@accuweather.com', 0, 5, 475),
(794, 'Chiquia Reidshaw', 'creidshawm1@ow.ly', 0, 1, 333),
(795, 'Bernardo Colhoun', 'bcolhounm2@imageshack.us', 0, 5, 166),
(796, 'Gabriella Soanes', 'gsoanesm3@altervista.org', 0, 2, 253),
(797, 'Timothee Fahey', 'tfaheym4@example.com', 0, 4, 177),
(798, 'Rayshell Ewart', 'rewartm5@sakura.ne.jp', 0, 3, 487),
(799, 'Bryn Persich', 'bpersichm6@engadget.com', 0, 3, 233),
(800, 'Becca Villaron', 'bvillaronm7@opera.com', 0, 5, 344),
(801, 'Renato Compfort', 'rcompfortm8@bigcartel.com', 0, 1, 6),
(802, 'Korney Bonnyson', 'kbonnysonm9@clickbank.net', 0, 1, 330),
(803, 'Broderick Lathaye', 'blathayema@marketwatch.com', 0, 2, 308),
(804, 'Nikolai Hallatt', 'nhallattmb@hubpages.com', 0, 2, 359),
(805, 'Consolata Stormont', 'cstormontmc@tinypic.com', 0, 2, 372),
(806, 'Web Tiptaft', 'wtiptaftmd@devhub.com', 0, 2, 39),
(807, 'Alfred McNay', 'amcnayme@squarespace.com', 0, 4, 422),
(808, 'Brad Le Grove', 'blemf@wikia.com', 0, 4, 35),
(809, 'Ophelia Pfaffe', 'opfaffemg@wikimedia.org', 0, 2, 169),
(810, 'Nickey Dymott', 'ndymottmh@linkedin.com', 0, 4, 361),
(811, 'Hilliary Blackmuir', 'hblackmuirmi@cbslocal.com', 0, 5, 111),
(812, 'Bibbye Berrey', 'bberreymj@squarespace.com', 0, 3, 362),
(813, 'Leroy Reen', 'lreenmk@opensource.org', 0, 3, 78),
(814, 'Jase Kleinert', 'jkleinertml@live.com', 0, 1, 296),
(815, 'Correy Rene', 'crenemm@icio.us', 0, 4, 46),
(816, 'Sibbie Shimoni', 'sshimonimn@harvard.edu', 0, 5, 415),
(817, 'Gonzalo Espada', 'gespadamo@harvard.edu', 0, 4, 318),
(818, 'Idalina Switland', 'iswitlandmp@google.es', 0, 4, 458),
(819, 'Elyse Reedyhough', 'ereedyhoughmq@quantcast.com', 0, 3, 460),
(820, 'Flory Simonard', 'fsimonardmr@msn.com', 0, 4, 67),
(821, 'Duffy Stenning', 'dstenningms@nasa.gov', 0, 2, 371),
(822, 'Blakelee Lyard', 'blyardmt@adobe.com', 0, 3, 160),
(823, 'Chevalier Bramwich', 'cbramwichmu@geocities.jp', 0, 5, 152),
(824, 'Sheelah Emmet', 'semmetmv@adobe.com', 0, 3, 397),
(825, 'Kinnie Kittow', 'kkittowmw@ted.com', 0, 4, 42),
(826, 'Giovanna Tiner', 'gtinermx@meetup.com', 0, 1, 421),
(827, 'Hyacinthe Perl', 'hperlmy@youtu.be', 0, 3, 383),
(828, 'Roi Swaisland', 'rswaislandmz@skyrock.com', 0, 2, 418),
(829, 'Helli Raubenheimer', 'hraubenheimern0@google.nl', 0, 2, 256),
(830, 'Datha Rodder', 'droddern1@telegraph.co.uk', 0, 3, 68),
(831, 'Ryon Messitt', 'rmessittn2@stanford.edu', 0, 4, 442),
(832, 'Gwendolyn Jenicek', 'gjenicekn3@printfriendly.com', 0, 2, 71),
(833, 'Genny Shoreman', 'gshoremann4@edublogs.org', 0, 4, 158),
(834, 'Kevon Klimochkin', 'kklimochkinn5@studiopress.com', 0, 5, 422),
(835, 'Jasmine Acey', 'jaceyn6@intel.com', 0, 3, 298),
(836, 'Gertrudis Twamley', 'gtwamleyn7@indiegogo.com', 0, 1, 23);
INSERT INTO `users` (`id_user`, `name_user`, `email_user`, `admin_user`, `id_role_type`, `id_localisation`) VALUES
(837, 'Edvard Hoggan', 'ehoggann8@godaddy.com', 0, 1, 166),
(838, 'Pauletta Masseo', 'pmasseon9@samsung.com', 0, 5, 98),
(839, 'Helenka Tompkins', 'htompkinsna@homestead.com', 0, 1, 445),
(840, 'Hendrik Hayen', 'hhayennb@tinypic.com', 0, 5, 463),
(841, 'Flossy Giron', 'fgironnc@desdev.cn', 0, 2, 119),
(842, 'Shalna Kime', 'skimend@bandcamp.com', 0, 5, 439),
(843, 'Desiri Lamas', 'dlamasne@wix.com', 0, 1, 477),
(844, 'Nicolina Marron', 'nmarronnf@elpais.com', 0, 2, 234),
(845, 'Sebastian Tree', 'streeng@gnu.org', 0, 5, 476),
(846, 'Ettie Padbury', 'epadburynh@ow.ly', 0, 5, 174),
(847, 'Linea Jennens', 'ljennensni@purevolume.com', 0, 5, 217),
(848, 'Mariel Hamblen', 'mhamblennj@i2i.jp', 0, 5, 57),
(849, 'Ad Showers', 'ashowersnk@wired.com', 0, 2, 307),
(850, 'Trixi Letterese', 'tletteresenl@bing.com', 0, 4, 327),
(851, 'Artie Gillis', 'agillisnm@hao123.com', 0, 1, 350),
(852, 'Cilka Heasman', 'cheasmannn@qq.com', 0, 1, 381),
(853, 'Ebba Thome', 'ethomeno@facebook.com', 0, 2, 436),
(854, 'Dwight Baugh', 'dbaughnp@t-online.de', 0, 2, 435),
(855, 'Collie Rachuig', 'crachuignq@amazon.co.jp', 0, 3, 79),
(856, 'Nick Tume', 'ntumenr@mac.com', 0, 4, 211),
(857, 'Nani Brookbank', 'nbrookbankns@examiner.com', 0, 4, 491),
(858, 'Creight Eustanch', 'ceustanchnt@sourceforge.net', 0, 4, 29),
(859, 'Meara Gunderson', 'mgundersonnu@google.com.au', 0, 5, 252),
(860, 'Babette Giraux', 'bgirauxnv@alibaba.com', 0, 1, 258),
(861, 'Jillayne Lawrence', 'jlawrencenw@dot.gov', 0, 1, 264),
(862, 'Rube Von Der Empten', 'rvonnx@disqus.com', 0, 1, 136),
(863, 'Gustavo Crowcombe', 'gcrowcombeny@sciencedaily.com', 0, 2, 254),
(864, 'Paulie Earley', 'pearleynz@bluehost.com', 0, 2, 86),
(865, 'Rhianon Hovie', 'rhovieo0@bravesites.com', 0, 5, 500),
(866, 'Flossi Derye-Barrett', 'fderyebarretto1@people.com.cn', 0, 4, 170),
(867, 'Sile Wadwell', 'swadwello2@photobucket.com', 0, 1, 103),
(868, 'Aeriel Phythian', 'aphythiano3@fc2.com', 0, 4, 219),
(869, 'Ryann Scoates', 'rscoateso4@yahoo.co.jp', 0, 5, 386),
(870, 'Alford Fliege', 'afliegeo5@tmall.com', 0, 2, 219),
(871, 'Arnie Whitty', 'awhittyo6@epa.gov', 0, 4, 195),
(872, 'Graeme Arnauduc', 'garnauduco7@histats.com', 0, 5, 168),
(873, 'Martica Tinman', 'mtinmano8@mlb.com', 0, 3, 48),
(874, 'Ivory Odger', 'iodgero9@pen.io', 0, 5, 231),
(875, 'Austen Bluett', 'abluettoa@google.ru', 0, 1, 427),
(876, 'Abagail Louedey', 'alouedeyob@huffingtonpost.com', 0, 5, 34),
(877, 'Ernestine Balnave', 'ebalnaveoc@blinklist.com', 0, 4, 418),
(878, 'Justina Ianiello', 'jianiellood@wikia.com', 0, 4, 142),
(879, 'Alaric Kivits', 'akivitsoe@shinystat.com', 0, 5, 195),
(880, 'Deeyn Corran', 'dcorranof@webs.com', 0, 2, 172),
(881, 'Jessica Szymon', 'jszymonog@sbwire.com', 0, 1, 87),
(882, 'Ange MacKinnon', 'amackinnonoh@sogou.com', 0, 3, 377),
(883, 'Calhoun Gullifant', 'cgullifantoi@blog.com', 0, 5, 296),
(884, 'Torin Mullender', 'tmullenderoj@dion.ne.jp', 0, 1, 470),
(885, 'Fowler Pietz', 'fpietzok@nytimes.com', 0, 2, 172),
(886, 'Tammie Rielly', 'triellyol@hc360.com', 0, 5, 481),
(887, 'Ada Margett', 'amargettom@loc.gov', 0, 3, 378),
(888, 'Marika MacConnel', 'mmacconnelon@yandex.ru', 0, 1, 229),
(889, 'Cyndi Inkpin', 'cinkpinoo@purevolume.com', 0, 5, 364),
(890, 'Benji Yewdale', 'byewdaleop@google.nl', 0, 1, 302),
(891, 'Janine Sibbs', 'jsibbsoq@ca.gov', 0, 4, 29),
(892, 'Bianca Fahy', 'bfahyor@latimes.com', 0, 5, 253),
(893, 'Averil Tendahl', 'atendahlos@ebay.co.uk', 0, 4, 481),
(894, 'Amery Fettis', 'afettisot@barnesandnoble.com', 0, 4, 206),
(895, 'Riva Croker', 'rcrokerou@privacy.gov.au', 0, 3, 59),
(896, 'Philippe Lowensohn', 'plowensohnov@rakuten.co.jp', 0, 3, 262),
(897, 'Siobhan Sandall', 'ssandallow@tuttocitta.it', 0, 3, 365),
(898, 'Sadella Rolfini', 'srolfiniox@wufoo.com', 0, 1, 204),
(899, 'Ainslee Clee', 'acleeoy@squidoo.com', 0, 5, 283),
(900, 'Jobyna Sheldrick', 'jsheldrickoz@infoseek.co.jp', 0, 3, 292),
(901, 'Brynna Haugen', 'bhaugenp0@illinois.edu', 0, 3, 150),
(902, 'Janek Hacaud', 'jhacaudp1@t.co', 0, 5, 437),
(903, 'Lin McPartling', 'lmcpartlingp2@etsy.com', 0, 4, 249),
(904, 'Elsinore Walklett', 'ewalklettp3@goo.ne.jp', 0, 3, 133),
(905, 'Olag Blackesland', 'oblackeslandp4@desdev.cn', 0, 4, 441),
(906, 'Carola Overill', 'coverillp5@washington.edu', 0, 4, 324),
(907, 'Teri Poxton', 'tpoxtonp6@discuz.net', 0, 2, 1),
(908, 'Gardner Fortey', 'gforteyp7@t.co', 0, 2, 209),
(909, 'Aline Benson', 'abensonp8@shinystat.com', 0, 3, 265),
(910, 'Koralle Macro', 'kmacrop9@latimes.com', 0, 4, 246),
(911, 'Leela Glassborow', 'lglassborowpa@java.com', 0, 1, 91),
(912, 'Fransisco Kembrey', 'fkembreypb@nytimes.com', 0, 4, 392),
(913, 'Dunc Crookall', 'dcrookallpc@theatlantic.com', 0, 4, 306),
(914, 'Flinn Welbourn', 'fwelbournpd@1688.com', 0, 4, 42),
(915, 'Shelton Gillings', 'sgillingspe@shop-pro.jp', 0, 4, 493),
(916, 'Laina Channon', 'lchannonpf@twitpic.com', 0, 3, 91),
(917, 'Foster Welland', 'fwellandpg@newsvine.com', 0, 1, 366),
(918, 'Skippie Barniss', 'sbarnissph@nature.com', 0, 1, 17),
(919, 'Christiane Ratcliff', 'cratcliffpi@zdnet.com', 0, 3, 56),
(920, 'Beck Juzek', 'bjuzekpj@bravesites.com', 0, 1, 369),
(921, 'Katrine Howitt', 'khowittpk@etsy.com', 0, 4, 430),
(922, 'Adham Irdale', 'airdalepl@surveymonkey.com', 0, 3, 102),
(923, 'Gerhardt Macrae', 'gmacraepm@behance.net', 0, 4, 104),
(924, 'Malia Collaton', 'mcollatonpn@google.es', 0, 1, 132),
(925, 'Noelani Hein', 'nheinpo@springer.com', 0, 3, 183),
(926, 'Vinnie Rossoni', 'vrossonipp@pcworld.com', 0, 1, 381),
(927, 'Bellanca Cheales', 'bchealespq@buzzfeed.com', 0, 5, 165),
(928, 'Conroy Pauletti', 'cpaulettipr@bizjournals.com', 0, 4, 136),
(929, 'Thurston Parysiak', 'tparysiakps@imdb.com', 0, 3, 102),
(930, 'Bartram Bettison', 'bbettisonpt@nyu.edu', 0, 5, 213),
(931, 'Pandora Gonneau', 'pgonneaupu@wp.com', 0, 5, 91),
(932, 'Hunt Allum', 'hallumpv@fotki.com', 0, 3, 316),
(933, 'Ignacius Mennear', 'imennearpw@google.com.hk', 0, 5, 383),
(934, 'Steward Kollatsch', 'skollatschpx@chicagotribune.com', 0, 3, 229),
(935, 'Egon Cardenas', 'ecardenaspy@archive.org', 0, 2, 279),
(936, 'Hynda Gillmore', 'hgillmorepz@nba.com', 0, 4, 237),
(937, 'Winne Pickford', 'wpickfordq0@yandex.ru', 0, 3, 476),
(938, 'Jannel Markie', 'jmarkieq1@va.gov', 0, 5, 490),
(939, 'Wanda Dedrick', 'wdedrickq2@networksolutions.com', 0, 1, 325),
(940, 'Ronica Ramsbottom', 'rramsbottomq3@opera.com', 0, 1, 167),
(941, 'Brynna McKeefry', 'bmckeefryq4@people.com.cn', 0, 4, 67),
(942, 'Bowie Clemmen', 'bclemmenq5@angelfire.com', 0, 5, 274),
(943, 'Onofredo Keri', 'okeriq6@discovery.com', 0, 1, 36),
(944, 'Leroi Rubert', 'lrubertq7@studiopress.com', 0, 3, 161),
(945, 'Etan Gandar', 'egandarq8@wp.com', 0, 2, 294),
(946, 'Casie d\'Arcy', 'cdarcyq9@gnu.org', 0, 1, 316),
(947, 'Dorri Hafford', 'dhaffordqa@seattletimes.com', 0, 2, 203),
(948, 'Wyatt Maun', 'wmaunqb@archive.org', 0, 5, 60),
(949, 'Gretel Betser', 'gbetserqc@dailymail.co.uk', 0, 5, 25),
(950, 'Chadd Mathouse', 'cmathouseqd@xing.com', 0, 4, 314),
(951, 'Jo-ann Wadelin', 'jwadelinqe@whitehouse.gov', 0, 1, 214),
(952, 'Rosalinde Fance', 'rfanceqf@msn.com', 0, 1, 78),
(953, 'Frederique Beacom', 'fbeacomqg@a8.net', 0, 2, 285),
(954, 'Bee Littledyke', 'blittledykeqh@icq.com', 0, 1, 161),
(955, 'Fabian Laflin', 'flaflinqi@ovh.net', 0, 4, 2),
(956, 'Wilek Darell', 'wdarellqj@cnet.com', 0, 2, 71),
(957, 'Korry Urion', 'kurionqk@cloudflare.com', 0, 3, 424),
(958, 'Valene Pilmoor', 'vpilmoorql@ebay.co.uk', 0, 1, 77),
(959, 'Shelton Daniello', 'sdanielloqm@intel.com', 0, 1, 483),
(960, 'Karel Stirton', 'kstirtonqn@hp.com', 0, 1, 310),
(961, 'Eziechiele Mohammed', 'emohammedqo@xrea.com', 0, 4, 498),
(962, 'Christie Jonk', 'cjonkqp@jigsy.com', 0, 2, 49),
(963, 'Rois Wiz', 'rwizqq@hugedomains.com', 0, 2, 214),
(964, 'Clarke Camerana', 'ccameranaqr@php.net', 0, 4, 456),
(965, 'Vasili Stinchcombe', 'vstinchcombeqs@multiply.com', 0, 5, 473),
(966, 'Oren Philott', 'ophilottqt@a8.net', 0, 5, 446),
(967, 'Yule Gerrels', 'ygerrelsqu@flavors.me', 0, 5, 273),
(968, 'Ursola Secombe', 'usecombeqv@ameblo.jp', 0, 1, 441),
(969, 'Constantino Stedall', 'cstedallqw@mapy.cz', 0, 2, 237),
(970, 'Issie Heers', 'iheersqx@reddit.com', 0, 1, 28),
(971, 'Antonius Fidgin', 'afidginqy@com.com', 0, 4, 200),
(972, 'Sigmund Sturgess', 'ssturgessqz@fastcompany.com', 0, 4, 105),
(973, 'Lezley Reeders', 'lreedersr0@surveymonkey.com', 0, 4, 448),
(974, 'Almire Barca', 'abarcar1@surveymonkey.com', 0, 3, 386),
(975, 'Jakie Stollberg', 'jstollbergr2@youtu.be', 0, 2, 345),
(976, 'Collette Jeune', 'cjeuner3@admin.ch', 0, 2, 100),
(977, 'Donnamarie Escalero', 'descaleror4@diigo.com', 0, 3, 235),
(978, 'Patty Alvarado', 'palvarador5@nsw.gov.au', 0, 5, 260),
(979, 'Mirabella Penzer', 'mpenzerr6@jiathis.com', 0, 3, 63),
(980, 'Lorene Mapletoft', 'lmapletoftr7@twitter.com', 0, 4, 469),
(981, 'Elaine Rizziello', 'erizziellor8@walmart.com', 0, 2, 332),
(982, 'Karilynn Pigne', 'kpigner9@china.com.cn', 0, 3, 6),
(983, 'Stefanie McClure', 'smcclurera@opensource.org', 0, 3, 88),
(984, 'Hester Iredell', 'hiredellrb@godaddy.com', 0, 1, 173),
(985, 'Standford Salatino', 'ssalatinorc@paginegialle.it', 0, 4, 167),
(986, 'Eudora Prazer', 'eprazerrd@blogs.com', 0, 3, 125),
(987, 'Glennie Attwood', 'gattwoodre@dailymotion.com', 0, 2, 412),
(988, 'Kiley Olenchenko', 'kolenchenkorf@wikipedia.org', 0, 2, 433),
(989, 'Wendye Dicty', 'wdictyrg@wikimedia.org', 0, 4, 455),
(990, 'Gaven Klasing', 'gklasingrh@t.co', 0, 1, 448),
(991, 'Herminia Pere', 'hpereri@blog.com', 0, 1, 139),
(992, 'Yehudit Dannett', 'ydannettrj@ucla.edu', 0, 1, 198),
(993, 'Floria Shadfourth', 'fshadfourthrk@nasa.gov', 0, 5, 95),
(994, 'Linus Dupoy', 'ldupoyrl@china.com.cn', 0, 2, 269),
(995, 'Savina Hatherell', 'shatherellrm@123-reg.co.uk', 0, 5, 99),
(996, 'Montgomery Frenchum', 'mfrenchumrn@cam.ac.uk', 0, 5, 411),
(997, 'Gordy Greenroa', 'ggreenroaro@purevolume.com', 0, 2, 209),
(998, 'Emelita Carlow', 'ecarlowrp@microsoft.com', 0, 2, 19),
(999, 'Lockwood Weed', 'lweedrq@ted.com', 0, 3, 187),
(1000, 'Evelyn Loisi', 'eloisirr@e-recht24.de', 0, 2, 132);

--
-- Index pour les tables déchargées
--

--
-- Index pour la table `block`
--
ALTER TABLE `block`
  ADD KEY `id_user` (`id_user`);

--
-- Index pour la table `chat`
--
ALTER TABLE `chat`
  ADD PRIMARY KEY (`id_chat`),
  ADD KEY `id_user` (`id_user`);

--
-- Index pour la table `friend`
--
ALTER TABLE `friend`
  ADD KEY `id_user` (`id_user`);

--
-- Index pour la table `infos`
--
ALTER TABLE `infos`
  ADD PRIMARY KEY (`id_infos`);

--
-- Index pour la table `larp`
--
ALTER TABLE `larp`
  ADD PRIMARY KEY (`id_larp`),
  ADD KEY `id_infos` (`id_infos`),
  ADD KEY `id_universe` (`id_universe`),
  ADD KEY `id_localisation` (`id_localisation`),
  ADD KEY `id_larp_type` (`id_larp_type`);

--
-- Index pour la table `larp_type`
--
ALTER TABLE `larp_type`
  ADD PRIMARY KEY (`id_larp_type`);

--
-- Index pour la table `localisation`
--
ALTER TABLE `localisation`
  ADD PRIMARY KEY (`id_localisation`);

--
-- Index pour la table `party`
--
ALTER TABLE `party`
  ADD PRIMARY KEY (`id_party`),
  ADD KEY `id_infos` (`id_infos`),
  ADD KEY `id_role_type` (`id_role_type`),
  ADD KEY `id_localisation` (`id_localisation`),
  ADD KEY `id_user` (`id_user`),
  ADD KEY `id_universe` (`id_universe`);

--
-- Index pour la table `role_type`
--
ALTER TABLE `role_type`
  ADD PRIMARY KEY (`id_role_type`);

--
-- Index pour la table `selected_universe`
--
ALTER TABLE `selected_universe`
  ADD KEY `id_universe` (`id_universe`),
  ADD KEY `id_user` (`id_user`);

--
-- Index pour la table `universe`
--
ALTER TABLE `universe`
  ADD PRIMARY KEY (`id_universe`),
  ADD KEY `id_universe_genre` (`id_universe_genre`);

--
-- Index pour la table `universe_genre`
--
ALTER TABLE `universe_genre`
  ADD PRIMARY KEY (`id_universe_genre`);

--
-- Index pour la table `users`
--
ALTER TABLE `users`
  ADD PRIMARY KEY (`id_user`),
  ADD KEY `id_role_type` (`id_role_type`),
  ADD KEY `id_localisation` (`id_localisation`);

--
-- AUTO_INCREMENT pour les tables déchargées
--

--
-- AUTO_INCREMENT pour la table `chat`
--
ALTER TABLE `chat`
  MODIFY `id_chat` smallint UNSIGNED NOT NULL AUTO_INCREMENT, AUTO_INCREMENT=1001;

--
-- AUTO_INCREMENT pour la table `infos`
--
ALTER TABLE `infos`
  MODIFY `id_infos` smallint UNSIGNED NOT NULL AUTO_INCREMENT, AUTO_INCREMENT=1001;

--
-- AUTO_INCREMENT pour la table `larp`
--
ALTER TABLE `larp`
  MODIFY `id_larp` smallint UNSIGNED NOT NULL AUTO_INCREMENT, AUTO_INCREMENT=52;

--
-- AUTO_INCREMENT pour la table `larp_type`
--
ALTER TABLE `larp_type`
  MODIFY `id_larp_type` smallint UNSIGNED NOT NULL AUTO_INCREMENT, AUTO_INCREMENT=4;

--
-- AUTO_INCREMENT pour la table `localisation`
--
ALTER TABLE `localisation`
  MODIFY `id_localisation` smallint UNSIGNED NOT NULL AUTO_INCREMENT, AUTO_INCREMENT=1001;

--
-- AUTO_INCREMENT pour la table `party`
--
ALTER TABLE `party`
  MODIFY `id_party` smallint UNSIGNED NOT NULL AUTO_INCREMENT, AUTO_INCREMENT=1001;

--
-- AUTO_INCREMENT pour la table `role_type`
--
ALTER TABLE `role_type`
  MODIFY `id_role_type` smallint UNSIGNED NOT NULL AUTO_INCREMENT, AUTO_INCREMENT=106;

--
-- AUTO_INCREMENT pour la table `universe`
--
ALTER TABLE `universe`
  MODIFY `id_universe` smallint UNSIGNED NOT NULL AUTO_INCREMENT, AUTO_INCREMENT=48;

--
-- AUTO_INCREMENT pour la table `universe_genre`
--
ALTER TABLE `universe_genre`
  MODIFY `id_universe_genre` smallint UNSIGNED NOT NULL AUTO_INCREMENT, AUTO_INCREMENT=18;

--
-- AUTO_INCREMENT pour la table `users`
--
ALTER TABLE `users`
  MODIFY `id_user` smallint UNSIGNED NOT NULL AUTO_INCREMENT, AUTO_INCREMENT=1001;

--
-- Contraintes pour les tables déchargées
--

--
-- Contraintes pour la table `block`
--
ALTER TABLE `block`
  ADD CONSTRAINT `block_ibfk_1` FOREIGN KEY (`id_user`) REFERENCES `users` (`id_user`);

--
-- Contraintes pour la table `chat`
--
ALTER TABLE `chat`
  ADD CONSTRAINT `chat_ibfk_1` FOREIGN KEY (`id_user`) REFERENCES `users` (`id_user`);

--
-- Contraintes pour la table `friend`
--
ALTER TABLE `friend`
  ADD CONSTRAINT `friend_ibfk_1` FOREIGN KEY (`id_user`) REFERENCES `users` (`id_user`);

--
-- Contraintes pour la table `larp`
--
ALTER TABLE `larp`
  ADD CONSTRAINT `larp_ibfk_1` FOREIGN KEY (`id_infos`) REFERENCES `infos` (`id_infos`),
  ADD CONSTRAINT `larp_ibfk_2` FOREIGN KEY (`id_universe`) REFERENCES `universe` (`id_universe`),
  ADD CONSTRAINT `larp_ibfk_3` FOREIGN KEY (`id_localisation`) REFERENCES `localisation` (`id_localisation`),
  ADD CONSTRAINT `larp_ibfk_4` FOREIGN KEY (`id_larp_type`) REFERENCES `larp_type` (`id_larp_type`);

--
-- Contraintes pour la table `party`
--
ALTER TABLE `party`
  ADD CONSTRAINT `party_ibfk_1` FOREIGN KEY (`id_infos`) REFERENCES `infos` (`id_infos`),
  ADD CONSTRAINT `party_ibfk_2` FOREIGN KEY (`id_role_type`) REFERENCES `role_type` (`id_role_type`),
  ADD CONSTRAINT `party_ibfk_3` FOREIGN KEY (`id_localisation`) REFERENCES `localisation` (`id_localisation`),
  ADD CONSTRAINT `party_ibfk_4` FOREIGN KEY (`id_user`) REFERENCES `users` (`id_user`),
  ADD CONSTRAINT `party_ibfk_5` FOREIGN KEY (`id_universe`) REFERENCES `universe` (`id_universe`);

--
-- Contraintes pour la table `selected_universe`
--
ALTER TABLE `selected_universe`
  ADD CONSTRAINT `selected_universe_ibfk_1` FOREIGN KEY (`id_universe`) REFERENCES `universe` (`id_universe`),
  ADD CONSTRAINT `selected_universe_ibfk_2` FOREIGN KEY (`id_user`) REFERENCES `users` (`id_user`);

--
-- Contraintes pour la table `universe`
--
ALTER TABLE `universe`
  ADD CONSTRAINT `universe_ibfk_1` FOREIGN KEY (`id_universe_genre`) REFERENCES `universe_genre` (`id_universe_genre`);

--
-- Contraintes pour la table `users`
--
ALTER TABLE `users`
  ADD CONSTRAINT `users_ibfk_1` FOREIGN KEY (`id_role_type`) REFERENCES `role_type` (`id_role_type`),
  ADD CONSTRAINT `users_ibfk_2` FOREIGN KEY (`id_localisation`) REFERENCES `localisation` (`id_localisation`);
COMMIT;

/*!40101 SET CHARACTER_SET_CLIENT=@OLD_CHARACTER_SET_CLIENT */;
/*!40101 SET CHARACTER_SET_RESULTS=@OLD_CHARACTER_SET_RESULTS */;
/*!40101 SET COLLATION_CONNECTION=@OLD_COLLATION_CONNECTION */;
