-- phpMyAdmin SQL Dump
-- version 5.2.1
-- https://www.phpmyadmin.net/
--
-- Hôte : db
-- Généré le : mer. 24 juil. 2024 à 07:28
-- Version du serveur : 8.0.37
-- Version de PHP : 8.2.8

SET SQL_MODE = "NO_AUTO_VALUE_ON_ZERO";
START TRANSACTION;
SET time_zone = "+00:00";


/*!40101 SET @OLD_CHARACTER_SET_CLIENT=@@CHARACTER_SET_CLIENT */;
/*!40101 SET @OLD_CHARACTER_SET_RESULTS=@@CHARACTER_SET_RESULTS */;
/*!40101 SET @OLD_COLLATION_CONNECTION=@@COLLATION_CONNECTION */;
/*!40101 SET NAMES utf8mb4 */;

--
-- Base de données : `rolist_mingle`
--
CREATE DATABASE IF NOT EXISTS `rolist_mingle` DEFAULT CHARACTER SET utf8mb4 COLLATE utf8mb4_0900_ai_ci;
USE `rolist_mingle`;

-- --------------------------------------------------------

--
-- Structure de la table `block`
--

CREATE TABLE `block` (
  `id_user` smallint UNSIGNED NOT NULL
) ENGINE=InnoDB DEFAULT CHARSET=utf8mb4 COLLATE=utf8mb4_0900_ai_ci;

-- --------------------------------------------------------

--
-- Structure de la table `chat`
--

CREATE TABLE `chat` (
  `id_chat` smallint UNSIGNED NOT NULL,
  `txt_chat` varchar(255) DEFAULT NULL,
  `date_chat` datetime NOT NULL,
  `id_user` smallint UNSIGNED NOT NULL
) ENGINE=InnoDB DEFAULT CHARSET=utf8mb4 COLLATE=utf8mb4_0900_ai_ci;

-- --------------------------------------------------------

--
-- Structure de la table `event`
--

CREATE TABLE `event` (
  `id_event` smallint UNSIGNED NOT NULL,
  `name_event` varchar(100) NOT NULL,
  `description_` varchar(255) NOT NULL,
  `image` varchar(100) CHARACTER SET utf8mb4 COLLATE utf8mb4_0900_ai_ci DEFAULT NULL,
  `id_universe` smallint UNSIGNED NOT NULL,
  `id_place` smallint UNSIGNED NOT NULL
) ENGINE=InnoDB DEFAULT CHARSET=utf8mb4 COLLATE=utf8mb4_0900_ai_ci;

--
-- Déchargement des données de la table `event`
--

INSERT INTO `event` (`id_event`, `name_event`, `description_`, `image`, `id_universe`, `id_place`) VALUES
(1, 'Operative secondary productivity', 'De Vaar', 'https://robohash.org/veritatisculpadicta.jpg?size=50x50&set=set1', 11, 18),
(2, 'Persistent static service-desk', 'Buncombe', 'https://robohash.org/cumqueundeexercitationem.jpg?size=50x50&set=set1', 44, 187),
(3, 'Diverse 3rd generation matrices', 'Marques', 'https://robohash.org/deseruntconsequatureos.jpg?size=50x50&set=set1', 20, 155),
(4, 'Right-sized upward-trending archive', 'Pirouet', 'https://robohash.org/corruptivoluptasconsequatur.jpg?size=50x50&set=set1', 23, 24),
(5, 'Total grid-enabled adapter', 'Greenway', 'https://robohash.org/infugaofficia.jpg?size=50x50&set=set1', 7, 26),
(6, 'Phased transitional methodology', 'Dat', 'https://robohash.org/laboriosamquiquidem.jpg?size=50x50&set=set1', 32, 43),
(7, 'Triple-buffered 3rd generation access', 'Speller', 'https://robohash.org/etquinatus.jpg?size=50x50&set=set1', 31, 73),
(8, 'Synchronised content-based workforce', 'Fried', 'https://robohash.org/istenobisnon.jpg?size=50x50&set=set1', 43, 182),
(9, 'Multi-layered even-keeled implementation', 'Darracott', 'https://robohash.org/eaomnisab.jpg?size=50x50&set=set1', 17, 1),
(10, 'User-centric optimal archive', 'Giovannardi', 'https://robohash.org/corporisnisilibero.jpg?size=50x50&set=set1', 9, 18),
(11, 'Secured background data-warehouse', 'Chree', 'https://robohash.org/quialiquidmagni.jpg?size=50x50&set=set1', 31, 113),
(12, 'Future-proofed next generation capability', 'Ozanne', 'https://robohash.org/autexpeditafacilis.jpg?size=50x50&set=set1', 22, 33),
(13, 'Multi-channelled hybrid installation', 'Peace', 'https://robohash.org/quidemetcommodi.jpg?size=50x50&set=set1', 23, 146),
(14, 'Team-oriented bandwidth-monitored circuit', 'Brookz', 'https://robohash.org/estconsequuntursimilique.jpg?size=50x50&set=set1', 25, 132),
(15, 'Ergonomic eco-centric ability', 'Risso', 'https://robohash.org/nullatotamvoluptatem.jpg?size=50x50&set=set1', 32, 85),
(16, 'Distributed tangible system engine', 'Petkovic', 'https://robohash.org/nonautmaiores.jpg?size=50x50&set=set1', 10, 154),
(17, 'Proactive actuating leverage', 'McCome', 'https://robohash.org/etsitsequi.jpg?size=50x50&set=set1', 33, 192),
(18, 'Realigned high-level pricing structure', 'Jelly', 'https://robohash.org/aliquidsapientequis.jpg?size=50x50&set=set1', 4, 174),
(19, 'Adaptive dedicated local area network', 'Messiter', 'https://robohash.org/quisquamesseminima.jpg?size=50x50&set=set1', 3, 142),
(20, 'Adaptive homogeneous focus group', 'Saice', 'https://robohash.org/estducimusodio.jpg?size=50x50&set=set1', 42, 196),
(21, 'Optional human-resource ability', 'Fetherston', 'https://robohash.org/ametomnisperspiciatis.jpg?size=50x50&set=set1', 6, 159),
(22, 'Synchronised actuating infrastructure', 'Sporrij', 'https://robohash.org/temporibusofficiaconsequatur.jpg?size=50x50&set=set1', 6, 67),
(23, 'Decentralized reciprocal application', 'Kornousek', 'https://robohash.org/autemconsequaturet.jpg?size=50x50&set=set1', 38, 20),
(24, 'Horizontal needs-based benchmark', 'Garriock', 'https://robohash.org/quiilloexplicabo.jpg?size=50x50&set=set1', 20, 135),
(25, 'Polarised grid-enabled implementation', 'Urion', 'https://robohash.org/utettempora.jpg?size=50x50&set=set1', 15, 73),
(26, 'Right-sized human-resource initiative', 'Donahue', 'https://robohash.org/nisinatusconsectetur.jpg?size=50x50&set=set1', 22, 114),
(27, 'Re-contextualized next generation utilisation', 'McCandie', 'https://robohash.org/nemoaliasnobis.jpg?size=50x50&set=set1', 8, 171),
(28, 'User-friendly fresh-thinking productivity', 'Linnemann', 'https://robohash.org/corruptitemporibusmaiores.jpg?size=50x50&set=set1', 29, 77),
(29, 'Reverse-engineered contextually-based structure', 'Topley', 'https://robohash.org/incidunteteveniet.jpg?size=50x50&set=set1', 31, 185),
(30, 'Distributed contextually-based adapter', 'Dearell', 'https://robohash.org/utsintprovident.jpg?size=50x50&set=set1', 27, 29),
(31, 'Focused executive open system', 'Bristo', 'https://robohash.org/enimisteconsequuntur.jpg?size=50x50&set=set1', 12, 111),
(32, 'Customizable 6th generation system engine', 'Stendall', 'https://robohash.org/consequatureumadipisci.jpg?size=50x50&set=set1', 2, 2),
(33, 'User-friendly web-enabled system engine', 'Torrisi', 'https://robohash.org/autmaximeassumenda.jpg?size=50x50&set=set1', 32, 93),
(34, 'Face to face content-based concept', 'Shepeard', 'https://robohash.org/aspernaturcommodicupiditate.jpg?size=50x50&set=set1', 45, 83),
(35, 'Quality-focused bi-directional architecture', 'Allsobrook', 'https://robohash.org/cumlaboreveniam.jpg?size=50x50&set=set1', 44, 28),
(36, 'Switchable object-oriented functionalities', 'Colquit', 'https://robohash.org/etnostrumut.jpg?size=50x50&set=set1', 15, 145),
(37, 'Total grid-enabled info-mediaries', 'Hulson', 'https://robohash.org/consequaturinporro.jpg?size=50x50&set=set1', 25, 180),
(38, 'User-centric mission-critical service-desk', 'Bridgement', 'https://robohash.org/quiadipisciiusto.jpg?size=50x50&set=set1', 24, 31),
(39, 'Advanced impactful moderator', 'Lee', 'https://robohash.org/ducimusminusenim.jpg?size=50x50&set=set1', 42, 192),
(40, 'Cross-group full-range access', 'Matessian', 'https://robohash.org/doloresautexplicabo.jpg?size=50x50&set=set1', 26, 90),
(41, 'Multi-channelled bifurcated array', 'Chislett', 'https://robohash.org/etquiquam.jpg?size=50x50&set=set1', 17, 48),
(42, 'Fully-configurable dedicated toolset', 'Dryburgh', 'https://robohash.org/quiadolorestempore.jpg?size=50x50&set=set1', 41, 84),
(43, 'Down-sized interactive benchmark', 'Diggles', 'https://robohash.org/voluptatibusdelectusmolestiae.jpg?size=50x50&set=set1', 32, 78),
(44, 'Digitized foreground alliance', 'Winterton', 'https://robohash.org/autrerumsunt.jpg?size=50x50&set=set1', 19, 82),
(45, 'Universal needs-based challenge', 'Arbon', 'https://robohash.org/illummagnamaut.jpg?size=50x50&set=set1', 8, 98),
(46, 'Face to face upward-trending parallelism', 'Stafford', 'https://robohash.org/consequaturestet.jpg?size=50x50&set=set1', 20, 157),
(47, 'Enterprise-wide content-based superstructure', 'Myner', 'https://robohash.org/voluptasinullam.jpg?size=50x50&set=set1', 17, 139),
(48, 'Pre-emptive analyzing neural-net', 'Witherby', 'https://robohash.org/aliasnobisillo.jpg?size=50x50&set=set1', 3, 131),
(49, 'Switchable local workforce', 'Friman', 'https://robohash.org/saepeducimuspraesentium.jpg?size=50x50&set=set1', 9, 107),
(50, 'Enhanced well-modulated productivity', 'Clendennen', 'https://robohash.org/eoscorruptisimilique.jpg?size=50x50&set=set1', 26, 198),
(51, 'Configurable full-range parallelism', 'Cancellor', 'https://robohash.org/consequaturexplicaboquas.jpg?size=50x50&set=set1', 41, 66),
(52, 'Optional static approach', 'Madeley', 'https://robohash.org/voluptasadlibero.jpg?size=50x50&set=set1', 14, 163),
(53, 'Multi-tiered attitude-oriented approach', 'Sarch', 'https://robohash.org/quasiconsequaturmolestiae.jpg?size=50x50&set=set1', 11, 82),
(54, 'Business-focused foreground capacity', 'Cuseck', 'https://robohash.org/nullacorruptia.jpg?size=50x50&set=set1', 3, 154),
(55, 'Intuitive human-resource challenge', 'Forre', 'https://robohash.org/dolorquoet.jpg?size=50x50&set=set1', 33, 143),
(56, 'Configurable value-added definition', 'Orhtmann', 'https://robohash.org/autdictaveritatis.jpg?size=50x50&set=set1', 38, 63),
(57, 'Front-line bottom-line capacity', 'Hobden', 'https://robohash.org/officiisimpeditet.jpg?size=50x50&set=set1', 44, 77),
(58, 'Robust upward-trending knowledge user', 'Gough', 'https://robohash.org/eaassumendacum.jpg?size=50x50&set=set1', 9, 185),
(59, 'Object-based demand-driven orchestration', 'Gooble', 'https://robohash.org/beataeautemconsectetur.jpg?size=50x50&set=set1', 43, 187),
(60, 'Object-based methodical database', 'Soars', 'https://robohash.org/eaqueducimusrepudiandae.jpg?size=50x50&set=set1', 5, 181),
(61, 'Multi-tiered multi-state open system', 'Francom', 'https://robohash.org/laborumfacilistempora.jpg?size=50x50&set=set1', 28, 20),
(62, 'Down-sized homogeneous challenge', 'Kemmish', 'https://robohash.org/etnostrumadipisci.jpg?size=50x50&set=set1', 33, 2),
(63, 'Open-architected global success', 'Reightley', 'https://robohash.org/istenobisvelit.jpg?size=50x50&set=set1', 8, 133),
(64, 'Face to face didactic workforce', 'Bayfield', 'https://robohash.org/harumdictaculpa.jpg?size=50x50&set=set1', 23, 91),
(65, 'Total 3rd generation attitude', 'Simister', 'https://robohash.org/temporedistinctiodolorem.jpg?size=50x50&set=set1', 16, 37),
(66, 'Enhanced exuding synergy', 'Youens', 'https://robohash.org/temporaveritatisqui.jpg?size=50x50&set=set1', 13, 41),
(67, 'Progressive asynchronous throughput', 'Mapplebeck', 'https://robohash.org/utrepellatut.jpg?size=50x50&set=set1', 6, 38),
(68, 'Automated systematic initiative', 'Snelman', 'https://robohash.org/voluptateducimusut.jpg?size=50x50&set=set1', 34, 187),
(69, 'Inverse multimedia local area network', 'Grabb', 'https://robohash.org/etsitet.jpg?size=50x50&set=set1', 3, 79),
(70, 'Proactive modular superstructure', 'D\'Alessandro', 'https://robohash.org/repudiandaeaccusantiumvoluptatibus.jpg?size=50x50&set=set1', 22, 54),
(71, 'Polarised demand-driven internet solution', 'Whalley', 'https://robohash.org/ipsanatusminima.jpg?size=50x50&set=set1', 38, 156),
(72, 'Function-based bottom-line challenge', 'Briatt', 'https://robohash.org/doloremquequiavoluptatibus.jpg?size=50x50&set=set1', 39, 89),
(73, 'Ergonomic uniform utilisation', 'Torrent', 'https://robohash.org/voluptatemminimaperspiciatis.jpg?size=50x50&set=set1', 22, 185),
(74, 'Reverse-engineered directional implementation', 'Eyeington', 'https://robohash.org/numquamimpeditbeatae.jpg?size=50x50&set=set1', 20, 36),
(75, 'Programmable directional time-frame', 'Astill', 'https://robohash.org/perspiciatissitquasi.jpg?size=50x50&set=set1', 25, 157),
(76, 'Managed real-time structure', 'Nickols', 'https://robohash.org/officiissitaut.jpg?size=50x50&set=set1', 22, 35),
(77, 'Monitored executive matrix', 'Kamen', 'https://robohash.org/doloremquieveniet.jpg?size=50x50&set=set1', 32, 159),
(78, 'Diverse secondary product', 'Cardozo', 'https://robohash.org/utipsamet.jpg?size=50x50&set=set1', 28, 60),
(79, 'Reactive fault-tolerant migration', 'Woolbrook', 'https://robohash.org/cumliberovero.jpg?size=50x50&set=set1', 12, 110),
(80, 'Ergonomic actuating encoding', 'Kalf', 'https://robohash.org/beataeipsammolestias.jpg?size=50x50&set=set1', 2, 190),
(81, 'Multi-tiered executive archive', 'Cornejo', 'https://robohash.org/quamminimaad.jpg?size=50x50&set=set1', 8, 80),
(82, 'Polarised hybrid workforce', 'Gillingwater', 'https://robohash.org/repellatautconsequatur.jpg?size=50x50&set=set1', 44, 59),
(83, 'Fully-configurable intangible matrix', 'Bentzen', 'https://robohash.org/ametquimagni.jpg?size=50x50&set=set1', 15, 7),
(84, 'Self-enabling bottom-line structure', 'Haquin', 'https://robohash.org/etautsaepe.jpg?size=50x50&set=set1', 42, 182),
(85, 'Cross-platform demand-driven groupware', 'Feather', 'https://robohash.org/erroromnisrerum.jpg?size=50x50&set=set1', 37, 51),
(86, 'Optional disintermediate secured line', 'Mersey', 'https://robohash.org/repellateasunt.jpg?size=50x50&set=set1', 8, 81),
(87, 'Managed next generation synergy', 'Tarbet', 'https://robohash.org/voluptatemofficiisbeatae.jpg?size=50x50&set=set1', 28, 24),
(88, 'Multi-layered impactful software', 'Tettley', 'https://robohash.org/possimusfugiatexercitationem.jpg?size=50x50&set=set1', 29, 17),
(89, 'Multi-lateral solution-oriented info-mediaries', 'Milton', 'https://robohash.org/eumperspiciatissimilique.jpg?size=50x50&set=set1', 29, 122),
(90, 'Monitored clear-thinking attitude', 'Dannell', 'https://robohash.org/veritatisquienim.jpg?size=50x50&set=set1', 34, 173),
(91, 'Adaptive zero defect parallelism', 'Wellstead', 'https://robohash.org/enimdignissimosat.jpg?size=50x50&set=set1', 26, 179),
(92, 'Synergistic homogeneous installation', 'Courtier', 'https://robohash.org/consecteturidut.jpg?size=50x50&set=set1', 17, 71),
(93, 'User-friendly asynchronous moratorium', 'Demer', 'https://robohash.org/illumrecusandaeut.jpg?size=50x50&set=set1', 32, 72),
(94, 'Fundamental mission-critical initiative', 'Bransom', 'https://robohash.org/veladquod.jpg?size=50x50&set=set1', 12, 155),
(95, 'Upgradable value-added firmware', 'Gallaher', 'https://robohash.org/nonquiaatque.jpg?size=50x50&set=set1', 42, 66),
(96, 'Synergistic contextually-based complexity', 'Grenter', 'https://robohash.org/aliquametdeserunt.jpg?size=50x50&set=set1', 13, 60),
(97, 'Enhanced tertiary model', 'O\'Bradane', 'https://robohash.org/earumvelitdeleniti.jpg?size=50x50&set=set1', 24, 108),
(98, 'Visionary tertiary toolset', 'Yakobovitz', 'https://robohash.org/nobiscommodiodit.jpg?size=50x50&set=set1', 30, 48),
(99, 'Open-source human-resource access', 'Filmer', 'https://robohash.org/liberovelitfuga.jpg?size=50x50&set=set1', 19, 159),
(100, 'Monitored grid-enabled firmware', 'Gulvin', 'https://robohash.org/exercitationemadipiscialiquid.jpg?size=50x50&set=set1', 6, 21);

-- --------------------------------------------------------

--
-- Structure de la table `friend`
--

CREATE TABLE `friend` (
  `id_user` smallint UNSIGNED NOT NULL
) ENGINE=InnoDB DEFAULT CHARSET=utf8mb4 COLLATE=utf8mb4_0900_ai_ci;

-- --------------------------------------------------------

--
-- Structure de la table `larp`
--

CREATE TABLE `larp` (
  `id_event` smallint UNSIGNED NOT NULL,
  `date_start` date NOT NULL,
  `date_end` date NOT NULL,
  `id_larp_type` smallint UNSIGNED NOT NULL
) ENGINE=InnoDB DEFAULT CHARSET=utf8mb4 COLLATE=utf8mb4_0900_ai_ci;

--
-- Déchargement des données de la table `larp`
--

INSERT INTO `larp` (`id_event`, `date_start`, `date_end`, `id_larp_type`) VALUES
(81, '2024-05-13', '2024-03-17', 1),
(82, '2025-12-21', '2024-10-12', 1),
(83, '2025-12-24', '2024-02-05', 2),
(84, '2025-05-24', '2024-07-04', 1),
(85, '2024-11-27', '2025-08-27', 3),
(86, '2024-08-01', '2025-07-01', 3),
(87, '2024-09-23', '2024-11-10', 2),
(88, '2025-03-07', '2024-10-09', 3),
(89, '2025-03-04', '2025-12-18', 1),
(90, '2024-07-05', '2025-07-07', 3),
(91, '2024-07-24', '2023-08-01', 1),
(92, '2024-12-08', '2024-11-20', 2),
(93, '2023-11-05', '2025-03-13', 3),
(94, '2023-11-02', '2024-05-16', 3),
(95, '2023-08-29', '2024-11-22', 2),
(96, '2025-09-17', '2025-09-13', 1),
(97, '2024-08-26', '2023-07-28', 1),
(98, '2025-08-26', '2023-10-03', 1),
(99, '2024-10-03', '2023-10-15', 2),
(100, '2025-11-23', '2025-01-15', 1);

-- --------------------------------------------------------

--
-- Structure de la table `larp_type`
--

CREATE TABLE `larp_type` (
  `id_larp_type` smallint UNSIGNED NOT NULL,
  `name_larp_type` varchar(50) NOT NULL
) ENGINE=InnoDB DEFAULT CHARSET=utf8mb4 COLLATE=utf8mb4_0900_ai_ci;

--
-- Déchargement des données de la table `larp_type`
--

INSERT INTO `larp_type` (`id_larp_type`, `name_larp_type`) VALUES
(1, 'Mass LARP'),
(2, 'Small LARP'),
(3, 'Private LARP');

-- --------------------------------------------------------

--
-- Structure de la table `party`
--

CREATE TABLE `party` (
  `id_event` smallint UNSIGNED NOT NULL,
  `number_players` smallint UNSIGNED NOT NULL,
  `id_role_type` smallint UNSIGNED NOT NULL,
  `id_user_master` smallint UNSIGNED NOT NULL
) ENGINE=InnoDB DEFAULT CHARSET=utf8mb4 COLLATE=utf8mb4_0900_ai_ci;

--
-- Déchargement des données de la table `party`
--

INSERT INTO `party` (`id_event`, `number_players`, `id_role_type`, `id_user_master`) VALUES
(1, 3, 2, 337),
(2, 3, 4, 735),
(3, 6, 2, 863),
(5, 6, 4, 63),
(6, 4, 2, 311),
(8, 3, 3, 581),
(9, 4, 3, 362),
(11, 6, 2, 452),
(12, 5, 5, 346),
(13, 5, 2, 161),
(14, 3, 5, 25),
(15, 6, 4, 143),
(18, 2, 5, 897),
(25, 2, 3, 513),
(29, 4, 5, 754),
(30, 3, 2, 22),
(32, 2, 2, 776),
(35, 6, 2, 39),
(37, 4, 2, 771),
(38, 2, 2, 702),
(39, 2, 2, 380),
(44, 6, 2, 487),
(45, 6, 5, 792),
(48, 5, 5, 628),
(52, 3, 3, 106),
(53, 3, 4, 82),
(55, 6, 5, 973),
(57, 5, 5, 238),
(63, 6, 4, 439),
(66, 6, 3, 144),
(67, 6, 2, 255),
(68, 2, 2, 207),
(69, 3, 3, 145),
(70, 4, 3, 707),
(72, 6, 4, 899),
(74, 2, 3, 16),
(75, 3, 4, 737),
(76, 5, 3, 139),
(79, 4, 5, 137),
(80, 6, 5, 904);

-- --------------------------------------------------------

--
-- Structure de la table `party_users`
--

CREATE TABLE `party_users` (
  `id_event` smallint UNSIGNED NOT NULL,
  `id_user` smallint UNSIGNED NOT NULL,
  `game_master` tinyint(1) DEFAULT '0'
) ENGINE=InnoDB DEFAULT CHARSET=utf8mb4 COLLATE=utf8mb4_0900_ai_ci;

--
-- Déchargement des données de la table `party_users`
--

INSERT INTO `party_users` (`id_event`, `id_user`, `game_master`) VALUES
(1, 8, 1),
(1, 210, 0),
(1, 523, 0),
(1, 594, 0),
(1, 667, 0),
(1, 829, 0),
(2, 404, 1),
(2, 551, 0),
(2, 558, 0),
(2, 948, 0),
(3, 26, 1),
(3, 194, 0),
(3, 282, 0),
(3, 346, 0),
(3, 449, 0),
(3, 553, 0),
(3, 667, 0),
(3, 724, 0),
(3, 896, 0),
(4, 329, 1),
(4, 404, 0),
(4, 449, 0),
(4, 536, 0),
(4, 559, 0),
(4, 681, 0),
(4, 686, 0),
(4, 762, 0),
(5, 109, 1),
(5, 279, 0),
(5, 413, 0),
(5, 447, 0),
(5, 501, 0),
(5, 558, 0),
(5, 572, 0),
(5, 585, 0),
(5, 735, 0),
(5, 779, 0),
(5, 834, 0),
(5, 903, 0),
(5, 960, 0),
(5, 985, 0),
(6, 173, 1),
(6, 223, 0),
(6, 535, 0),
(6, 563, 0),
(6, 931, 0),
(7, 7, 1),
(7, 231, 0),
(7, 288, 0),
(7, 326, 0),
(7, 423, 0),
(7, 507, 0),
(7, 549, 0),
(7, 712, 0),
(7, 848, 0),
(7, 888, 0),
(7, 901, 0),
(7, 975, 0),
(8, 93, 1),
(8, 456, 0),
(8, 477, 0),
(8, 485, 0),
(8, 604, 0),
(8, 633, 0),
(9, 254, 1),
(9, 258, 0),
(9, 405, 0),
(9, 409, 0),
(9, 453, 0),
(9, 578, 0),
(9, 904, 0),
(9, 959, 0),
(10, 164, 1),
(10, 354, 0),
(10, 595, 0),
(10, 715, 0),
(10, 727, 0),
(10, 739, 0),
(10, 984, 0),
(11, 68, 1),
(11, 156, 0),
(11, 217, 0),
(11, 266, 0),
(11, 465, 0),
(11, 539, 0),
(11, 739, 0),
(11, 841, 0),
(12, 303, 1),
(12, 435, 0),
(12, 813, 0),
(12, 894, 0),
(13, 10, 1),
(13, 252, 0),
(13, 605, 0),
(13, 906, 0),
(13, 1000, 0),
(14, 361, 1),
(14, 522, 0),
(14, 587, 0),
(14, 799, 0),
(14, 830, 0),
(14, 848, 0),
(14, 972, 0),
(15, 39, 1),
(15, 98, 0),
(15, 159, 0),
(15, 285, 0),
(15, 574, 0),
(15, 614, 0),
(15, 722, 0),
(16, 158, 1),
(16, 187, 0),
(16, 193, 0),
(16, 284, 0),
(16, 640, 0),
(16, 734, 0),
(16, 844, 0),
(16, 952, 0),
(16, 956, 0),
(16, 975, 0),
(17, 66, 1),
(17, 188, 0),
(17, 296, 0),
(17, 374, 0),
(17, 436, 0),
(17, 642, 0),
(17, 744, 0),
(17, 898, 0),
(17, 953, 0),
(17, 970, 0),
(17, 974, 0),
(17, 982, 0),
(18, 379, 1),
(18, 535, 0),
(18, 585, 0),
(18, 592, 0),
(18, 699, 0),
(18, 793, 0),
(18, 794, 0),
(19, 185, 1),
(19, 406, 0),
(19, 523, 0),
(19, 961, 0),
(20, 461, 1),
(20, 531, 0),
(20, 572, 0),
(20, 622, 0),
(20, 653, 0),
(20, 931, 0),
(21, 188, 1),
(21, 287, 0),
(21, 523, 0),
(21, 552, 0),
(21, 571, 0),
(21, 613, 0),
(21, 710, 0),
(21, 835, 0),
(21, 979, 0),
(21, 996, 0),
(22, 1, 1),
(22, 7, 0),
(22, 153, 0),
(22, 189, 0),
(22, 255, 0),
(22, 568, 0),
(22, 596, 0),
(22, 730, 0),
(22, 801, 0),
(22, 940, 0),
(23, 70, 1),
(23, 137, 0),
(23, 319, 0),
(23, 352, 0),
(23, 530, 0),
(23, 549, 0),
(23, 626, 0),
(23, 631, 0),
(23, 701, 0),
(23, 765, 0),
(23, 809, 0),
(23, 825, 0),
(23, 856, 0),
(23, 954, 0),
(24, 753, 1),
(24, 816, 0),
(25, 42, 1),
(25, 142, 0),
(25, 160, 0),
(25, 381, 0),
(25, 439, 0),
(25, 617, 0),
(25, 995, 0),
(26, 708, 1),
(26, 812, 0),
(26, 859, 0),
(26, 909, 0),
(26, 964, 0),
(26, 970, 0),
(26, 972, 0),
(27, 46, 1),
(27, 259, 0),
(27, 386, 0),
(27, 500, 0),
(27, 515, 0),
(27, 806, 0),
(27, 848, 0),
(27, 930, 0),
(28, 71, 1),
(28, 107, 0),
(28, 211, 0),
(28, 236, 0),
(28, 355, 0),
(28, 371, 0),
(28, 407, 0),
(28, 585, 0),
(28, 719, 0),
(28, 744, 0),
(28, 934, 0),
(29, 46, 1),
(29, 100, 0),
(29, 236, 0),
(29, 243, 0),
(29, 480, 0),
(29, 552, 0),
(29, 566, 0),
(29, 637, 0),
(29, 704, 0),
(29, 764, 0),
(29, 766, 0),
(29, 803, 0),
(30, 83, 1),
(30, 448, 0),
(30, 720, 0),
(30, 996, 0),
(31, 215, 1),
(31, 280, 0),
(31, 337, 0),
(31, 585, 0),
(31, 751, 0),
(31, 790, 0),
(31, 897, 0),
(31, 930, 0),
(32, 50, 1),
(32, 146, 0),
(32, 271, 0),
(32, 413, 0),
(32, 842, 0),
(32, 884, 0),
(32, 988, 0),
(33, 208, 1),
(33, 226, 0),
(33, 394, 0),
(33, 632, 0),
(33, 726, 0),
(34, 101, 1),
(34, 165, 0),
(34, 207, 0),
(34, 458, 0),
(34, 599, 0),
(35, 28, 1),
(35, 157, 0),
(35, 178, 0),
(35, 245, 0),
(35, 381, 0),
(35, 440, 0),
(35, 764, 0),
(35, 891, 0),
(36, 251, 1),
(36, 320, 0),
(36, 583, 0),
(36, 693, 0),
(36, 718, 0),
(36, 943, 0),
(37, 658, 1),
(37, 725, 0),
(38, 127, 1),
(38, 984, 0),
(39, 106, 0),
(39, 283, 1),
(39, 303, 0),
(39, 978, 0),
(39, 992, 0),
(40, 100, 0),
(40, 188, 0),
(40, 316, 1),
(40, 751, 0),
(40, 944, 0),
(41, 178, 0),
(41, 188, 0),
(41, 340, 0),
(41, 454, 1),
(41, 501, 0),
(41, 574, 0),
(41, 613, 0),
(42, 8, 0),
(42, 352, 0),
(42, 534, 0),
(42, 718, 1),
(42, 777, 0),
(42, 811, 0),
(42, 882, 0),
(42, 884, 0),
(43, 7, 0),
(43, 17, 1),
(43, 469, 0),
(43, 571, 0),
(43, 706, 0),
(43, 722, 0),
(43, 771, 0),
(43, 917, 0),
(44, 21, 1),
(44, 124, 0),
(44, 126, 0),
(44, 129, 0),
(44, 199, 0),
(44, 222, 0),
(44, 637, 0),
(44, 650, 0),
(44, 703, 0),
(44, 750, 0),
(44, 880, 0),
(45, 411, 0),
(45, 497, 0),
(45, 651, 1),
(45, 703, 0),
(46, 416, 0),
(46, 731, 1),
(46, 842, 0),
(47, 28, 0),
(47, 191, 1),
(47, 199, 0),
(47, 475, 0),
(47, 598, 0),
(47, 666, 0),
(47, 701, 0),
(47, 706, 0),
(47, 859, 0),
(47, 900, 0),
(48, 55, 0),
(48, 250, 1),
(48, 456, 0),
(48, 587, 0),
(48, 739, 0),
(48, 800, 0),
(48, 805, 0),
(48, 855, 0),
(48, 904, 0),
(49, 62, 0),
(49, 138, 1),
(49, 308, 0),
(49, 336, 0),
(49, 364, 0),
(49, 551, 0),
(49, 850, 0),
(49, 946, 0),
(50, 32, 1),
(50, 52, 0),
(50, 257, 0),
(50, 333, 0),
(50, 338, 0),
(50, 440, 0),
(50, 516, 0),
(50, 839, 0),
(50, 866, 0),
(50, 909, 0),
(51, 178, 1),
(51, 186, 0),
(51, 267, 0),
(51, 322, 0),
(51, 351, 0),
(51, 596, 0),
(51, 606, 0),
(51, 951, 0),
(52, 56, 1),
(52, 355, 0),
(52, 489, 0),
(52, 493, 0),
(52, 564, 0),
(52, 630, 0),
(52, 721, 0),
(52, 844, 0),
(52, 853, 0),
(52, 959, 0),
(53, 129, 1),
(53, 287, 0),
(53, 330, 0),
(53, 418, 0),
(53, 592, 0),
(53, 680, 0),
(53, 798, 0),
(54, 479, 1),
(54, 531, 0),
(54, 547, 0),
(54, 646, 0),
(54, 669, 0),
(54, 672, 0),
(54, 673, 0),
(55, 192, 0),
(55, 206, 1),
(55, 225, 0),
(55, 275, 0),
(55, 457, 0),
(55, 530, 0),
(55, 613, 0),
(55, 653, 0),
(55, 743, 0),
(55, 838, 0),
(55, 839, 0),
(55, 903, 0),
(56, 59, 0),
(56, 110, 0),
(56, 136, 1),
(56, 256, 0),
(56, 283, 0),
(56, 287, 0),
(56, 541, 0),
(56, 644, 0),
(56, 958, 0),
(57, 135, 0),
(57, 213, 1),
(57, 303, 0),
(57, 326, 0),
(57, 327, 0),
(57, 668, 0),
(57, 868, 0),
(58, 63, 0),
(58, 125, 0),
(58, 327, 1),
(58, 372, 0),
(58, 385, 0),
(58, 428, 0),
(58, 521, 0),
(58, 532, 0),
(58, 586, 0),
(58, 590, 0),
(59, 166, 0),
(59, 311, 0),
(59, 938, 1),
(60, 24, 0),
(60, 65, 0),
(60, 410, 0),
(60, 448, 1),
(60, 613, 0),
(60, 800, 0),
(60, 881, 0),
(61, 2, 0),
(61, 441, 1),
(61, 786, 0),
(61, 871, 0),
(61, 907, 0),
(61, 974, 0),
(62, 449, 1),
(62, 475, 0),
(62, 513, 0),
(62, 820, 0),
(62, 971, 0),
(62, 981, 0),
(63, 25, 0),
(63, 37, 1),
(63, 40, 0),
(63, 282, 0),
(63, 635, 0),
(63, 682, 0),
(63, 905, 0),
(64, 99, 1),
(64, 177, 0),
(64, 236, 0),
(64, 245, 0),
(64, 264, 0),
(64, 426, 0),
(64, 540, 0),
(64, 610, 0),
(64, 617, 0),
(64, 796, 0),
(65, 51, 1),
(65, 113, 0),
(65, 152, 0),
(65, 267, 0),
(65, 938, 0),
(65, 1000, 0),
(66, 17, 0),
(66, 34, 1),
(66, 110, 0),
(66, 204, 0),
(66, 242, 0),
(66, 622, 0),
(66, 654, 0),
(66, 659, 0),
(66, 714, 0),
(66, 881, 0),
(66, 914, 0),
(67, 56, 0),
(67, 205, 0),
(67, 252, 0),
(67, 318, 1),
(67, 843, 0),
(67, 845, 0),
(67, 913, 0),
(67, 934, 0),
(68, 217, 1),
(68, 344, 0),
(68, 404, 0),
(68, 592, 0),
(69, 350, 0),
(69, 566, 1),
(69, 619, 0),
(69, 657, 0),
(69, 729, 0),
(69, 749, 0),
(69, 779, 0),
(69, 863, 0),
(70, 268, 0),
(70, 299, 0),
(70, 493, 1),
(70, 871, 0),
(70, 942, 0),
(71, 15, 0),
(71, 47, 0),
(71, 64, 1),
(71, 693, 0),
(72, 5, 0),
(72, 94, 0),
(72, 296, 0),
(72, 463, 1),
(72, 476, 0),
(72, 605, 0),
(72, 776, 0),
(72, 862, 0),
(72, 903, 0),
(72, 933, 0),
(72, 984, 0),
(73, 119, 1),
(73, 195, 0),
(73, 436, 0),
(73, 645, 0),
(73, 886, 0),
(73, 954, 0),
(73, 959, 0),
(73, 969, 0),
(74, 65, 0),
(74, 94, 0),
(74, 129, 1),
(74, 165, 0),
(74, 378, 0),
(74, 675, 0),
(74, 753, 0),
(75, 44, 0),
(75, 156, 1),
(75, 526, 0),
(75, 632, 0),
(75, 753, 0),
(75, 781, 0),
(75, 849, 0),
(75, 981, 0),
(76, 28, 0),
(76, 53, 0),
(76, 105, 1),
(76, 178, 0),
(76, 327, 0),
(76, 341, 0),
(76, 386, 0),
(76, 511, 0),
(76, 605, 0),
(76, 766, 0),
(76, 866, 0),
(76, 969, 0),
(76, 991, 0),
(77, 126, 0),
(77, 180, 0),
(77, 318, 0),
(77, 552, 1),
(77, 624, 0),
(77, 708, 0),
(77, 722, 0),
(78, 188, 1),
(78, 440, 0),
(78, 602, 0),
(78, 623, 0),
(78, 687, 0),
(78, 754, 0),
(78, 769, 0),
(78, 830, 0),
(78, 888, 0),
(78, 977, 0),
(79, 103, 0),
(79, 171, 1),
(79, 194, 0),
(79, 448, 0),
(79, 809, 0),
(79, 877, 0),
(79, 882, 0),
(79, 928, 0),
(79, 993, 0),
(80, 28, 0),
(80, 138, 0),
(80, 141, 0),
(80, 185, 1),
(80, 223, 0);

-- --------------------------------------------------------

--
-- Structure de la table `place`
--

CREATE TABLE `place` (
  `id_place` smallint UNSIGNED NOT NULL,
  `name_place` varchar(100) NOT NULL,
  `id_region` smallint UNSIGNED DEFAULT NULL
) ENGINE=InnoDB DEFAULT CHARSET=utf8mb4 COLLATE=utf8mb4_0900_ai_ci;

--
-- Déchargement des données de la table `place`
--

INSERT INTO `place` (`id_place`, `name_place`, `id_region`) VALUES
(1, 'Caen', NULL),
(2, 'Hérouville Saint Clair', NULL),
(3, 'Mondeville', NULL),
(4, 'Paris', NULL),
(5, 'Lyon', NULL),
(6, 'Marseille', NULL),
(7, 'Bordeaux', NULL),
(8, 'Nantes', NULL),
(9, 'Lille', NULL),
(10, 'Lens', NULL),
(11, 'Reims', NULL),
(12, 'Bourges', NULL),
(13, 'Nevers', NULL),
(14, 'Arras', NULL),
(15, 'Rouen', NULL),
(16, 'Rennes', NULL),
(17, 'Quimper', NULL),
(18, 'Brest', NULL),
(19, 'Saint Lo', NULL),
(20, 'Saint Malo', NULL),
(21, 'Jacareí', NULL),
(22, 'Serra de Santa Marinha', NULL),
(23, 'Hujirt', NULL),
(24, 'Nancy', NULL),
(25, 'Monte Alto', NULL),
(26, 'Primero de Mayo', NULL),
(27, 'Donggou', NULL),
(28, 'Silao', NULL),
(29, 'Sindang', NULL),
(30, 'Wangqu', NULL),
(31, 'Rashaant', NULL),
(32, 'Pestovo', NULL),
(33, 'Takokak', NULL),
(34, 'Matiguás', NULL),
(35, 'Al ‘Awjah', NULL),
(36, 'Tashla', NULL),
(37, 'Jiangdianzi', NULL),
(38, 'Sudzha', NULL),
(39, 'Alofi', NULL),
(40, 'Palermo', NULL),
(41, 'Tafí del Valle', NULL),
(42, 'Khōshī', NULL),
(43, 'Lattes', NULL),
(44, 'Heqiao', NULL),
(45, 'Hema', NULL),
(46, 'Bangshipu', NULL),
(47, 'Trąbki', NULL),
(48, 'Petrovsk', NULL),
(49, 'Piracuruca', NULL),
(50, 'Prachuap Khiri Khan', NULL),
(51, 'Svobody', NULL),
(52, 'Simnas', NULL),
(53, 'Calapan', NULL),
(54, 'Lukou', NULL),
(55, 'Miaotang', NULL),
(56, 'Wedoro', NULL),
(57, 'Sidomulyo', NULL),
(58, 'Maticmatic', NULL),
(59, 'Tangchijie', NULL),
(60, 'Urdaneta', NULL),
(61, 'Pavlovskiy Posad', NULL),
(62, 'Ponte', NULL),
(63, 'Zaki Biam', NULL),
(64, 'Dongfeng', NULL),
(65, 'Maanas', NULL),
(66, 'Afaahiti', NULL),
(67, 'Añelo', NULL),
(68, 'Flushing', NULL),
(69, 'Skänninge', NULL),
(70, 'Sonsón', NULL),
(71, 'Kamárai', NULL),
(72, 'Đồi Ngô', NULL),
(73, 'São Pedro', NULL),
(74, 'Lodja', NULL),
(75, 'Lufang', NULL),
(76, 'Zhifudao', NULL),
(77, 'Klinan', NULL),
(78, 'Peyima', NULL),
(79, 'Sambirejo', NULL),
(80, 'Horní Štěpánov', NULL),
(81, 'Morteros', NULL),
(82, 'Strellc i Epërm', NULL),
(83, 'Ostashkov', NULL),
(84, 'Guishan', NULL),
(85, 'Smiltene', NULL),
(86, 'Colonia Nicolich', NULL),
(87, 'Beylagan', NULL),
(88, 'Maharagama', NULL),
(89, 'Liujia', NULL),
(90, 'Xinshichang', NULL),
(91, 'Edéa', NULL),
(92, 'Alpedrinha', NULL),
(93, 'Paris 14', NULL),
(94, 'Dul’durga', NULL),
(95, 'Lanta Timur', NULL),
(96, 'Flor da Rosa', NULL),
(97, 'Jiuxian', NULL),
(98, 'Mashan', NULL),
(99, 'Halat', NULL),
(100, 'Yuto', NULL),
(101, 'Chichaoua', NULL),
(102, 'Zhangjiawo', NULL),
(103, 'Puttalam', NULL),
(104, 'Puncaksari', NULL),
(105, 'Argasari', NULL),
(106, 'Kallíthiron', NULL),
(107, 'Peso da Régua', NULL),
(108, 'Borova', NULL),
(109, 'Aganan', NULL),
(110, 'Yanggu', NULL),
(111, 'Gunungpeundeuy', NULL),
(112, 'Karangasem Laok', NULL),
(113, 'Santa Lucía Cotzumalguapa', NULL),
(114, 'Ipameri', NULL),
(115, 'Athlone', NULL),
(116, 'Leteki', NULL),
(117, 'Lingbeizhou', NULL),
(118, 'Geneng', NULL),
(119, 'Laixi', NULL),
(120, 'Krajan Dua Patempuran', NULL),
(121, 'Skolkovo', NULL),
(122, 'Ampanihy', NULL),
(123, 'Neuquén', NULL),
(124, 'Corrego Grande', NULL),
(125, 'Noyakert', NULL),
(126, 'Utarapasar', NULL),
(127, 'Maliang', NULL),
(128, 'Fengcheng', NULL),
(129, 'Malya', NULL),
(130, 'Oslo', NULL),
(131, 'Wenshao', NULL),
(132, 'Baru', NULL),
(133, 'Mortka', NULL),
(134, 'Patos de Minas', NULL),
(135, 'Angra dos Reis', NULL),
(136, 'Ordzhonikidzevskaya', NULL),
(137, 'Xikou', NULL),
(138, 'Belleville', NULL),
(139, 'Uničov', NULL),
(140, 'Tubalan', NULL),
(141, 'Wuli', NULL),
(142, 'Zhengmo', NULL),
(143, 'Shuangxi', NULL),
(144, 'Khóra', NULL),
(145, 'Horad Pinsk', NULL),
(146, 'Arhust', NULL),
(147, 'Moppo', NULL),
(148, 'Santa Maria', NULL),
(149, 'Nowa Góra', NULL),
(150, 'Gaoliang', NULL),
(151, 'Gornorechenskiy', NULL),
(152, 'Praia do Ribatejo', NULL),
(153, 'Kudang', NULL),
(154, 'Limanowa', NULL),
(155, 'Barrouallie', NULL),
(156, 'Kifrī', NULL),
(157, 'Esmeralda', NULL),
(158, 'Yelizovo', NULL),
(159, 'Yangsan', NULL),
(160, 'Kovel’', NULL),
(161, 'Al Qārah', NULL),
(162, 'Aserrío de Gariché', NULL),
(163, 'Krasnaya Polyana', NULL),
(164, 'Lingkou', NULL),
(165, 'Gaotan', NULL),
(166, 'Zheleznodorozhnyy', NULL),
(167, 'Taiping', NULL),
(168, 'Chucatamani', NULL),
(169, 'Banjar Batuaji Kaja', NULL),
(170, 'Gweedore', NULL),
(171, 'Rancakuya', NULL),
(172, 'Markog', NULL),
(173, 'Ungsang', NULL),
(174, 'Jiangtun', NULL),
(175, 'Vale da Bajouca', NULL),
(176, 'Vincennes', NULL),
(177, 'Heilbronn', NULL),
(178, 'Huangsha', NULL),
(179, 'Mbongawani', NULL),
(180, 'Boychinovtsi', NULL),
(181, 'Mazamet', NULL),
(182, 'Topi', NULL),
(183, 'Vicente Guerrero', NULL),
(184, 'Conselheiro Lafaiete', NULL),
(185, 'Nysa', NULL),
(186, 'Vykhino-Zhulebino', NULL),
(187, 'Mino', NULL),
(188, 'Huangyang', NULL),
(189, 'Delvinë', NULL),
(190, 'Xinwo', NULL),
(191, 'Watuka', NULL),
(192, 'Tottori', NULL),
(193, 'Aghada', NULL),
(194, 'Xigou', NULL),
(195, 'Bąków', NULL),
(196, 'Shiye', NULL),
(197, 'Barreiros', NULL),
(198, 'Leran Kulon', NULL),
(199, 'Limeiras', NULL),
(200, 'Mesiméri', NULL),
(201, 'Mulleriyawa', NULL),
(202, 'Drogomyśl', NULL),
(203, 'Huangjiabu', NULL),
(204, 'Novopokrovka', NULL),
(205, 'Gabès', NULL),
(206, 'Galapa', NULL),
(207, 'Penedo', NULL),
(208, 'Talok', NULL),
(209, 'Tsybulevka', NULL),
(210, 'Stronie', NULL),
(211, 'Wang Sombun', NULL),
(212, 'Thị Trấn Mường Khương', NULL),
(213, 'Cluny', NULL),
(214, 'Stanovoye', NULL),
(215, 'Kuching', NULL),
(216, 'Sośnie', NULL),
(217, 'Stalís', NULL),
(218, 'Shizuoka-shi', NULL),
(219, 'Bendo', NULL),
(220, 'Beishan', NULL),
(221, 'Patos', NULL),
(222, 'Arjawinangun', NULL),
(223, 'Saint-Bruno-de-Montarville', NULL),
(224, 'Sevilla', NULL),
(225, 'Cibitung', NULL),
(226, 'Nagoya-shi', NULL),
(227, 'Kebili', NULL),
(228, 'Frösön', NULL),
(229, 'Kwangyang', NULL),
(230, 'Palauig', NULL),
(231, 'Cikole', NULL),
(232, 'Cajamar', NULL),
(233, 'Armenia', NULL),
(234, 'Leeds', NULL),
(235, 'Đống Đa', NULL),
(236, 'San Rafael Petzal', NULL),
(237, 'Mobara', NULL),
(238, 'Fulong', NULL),
(239, 'Segezha', NULL),
(240, 'Musan-ŭp', NULL),
(241, 'Curug', NULL),
(242, 'Zhuyang', NULL),
(243, 'Trinidad', NULL),
(244, 'Pregradnaya', NULL),
(245, 'Pringu', NULL),
(246, 'Ban Khok', NULL),
(247, 'Daqian', NULL),
(248, 'Leworook', NULL),
(249, 'Oljoq', NULL),
(250, 'Tianyu', NULL),
(251, 'Hrib-Loški Potok', NULL),
(252, 'Karlstad', NULL),
(253, 'Jinghong', NULL),
(254, 'Kaabong', NULL),
(255, 'Sukabumi', NULL),
(256, 'Lanas', NULL),
(257, 'Gumuk Tengah', NULL),
(258, 'Aveiras de Cima', NULL),
(259, 'Māmūnīyeh', NULL),
(260, 'Huangcun', NULL),
(261, 'Ampanihy', NULL),
(262, 'Aḑ Ḑil‘', NULL),
(263, 'Susuman', NULL),
(264, 'Buket Teukuh', NULL),
(265, 'Ketapang', NULL),
(266, 'Mellieħa', NULL),
(267, 'Mỹ Tho', NULL),
(268, 'Santa Luzia', NULL),
(269, 'Karangasem', NULL),
(270, 'Ballsh', NULL),
(271, 'Ngrambitan', NULL),
(272, 'Jiangcun', NULL),
(273, 'Nioumamilima', NULL),
(274, 'Muñoz East', NULL),
(275, 'Itamarandiba', NULL),
(276, 'Parikkala', NULL),
(277, 'Kiruna', NULL),
(278, 'Svetlograd', NULL),
(279, 'Meget', NULL),
(280, 'Cahors', NULL),
(281, 'Zhangguanying', NULL),
(282, 'Baozi', NULL),
(283, 'Straldzha', NULL),
(284, 'Betioky', NULL),
(285, 'Kilkenny', NULL),
(286, 'Santana', NULL),
(287, 'Santa Luzia', NULL),
(288, 'Xianghe', NULL),
(289, 'Terawas', NULL),
(290, 'Palaihari', NULL),
(291, 'Nong Bun Nak', NULL),
(292, 'Aurora', NULL),
(293, 'Xiaolan', NULL),
(294, 'Carcavelos', NULL),
(295, 'Timbiras', NULL),
(296, 'Tigaon', NULL),
(297, 'Carmo do Paranaíba', NULL),
(298, 'Matumadua', NULL),
(299, 'Nagrak', NULL),
(300, 'København', NULL),
(301, 'Hanji', NULL),
(302, 'Thorpe', NULL),
(303, 'Ciomas', NULL),
(304, 'Albany', NULL),
(305, 'Sukaratu', NULL),
(306, 'Tembisa', NULL),
(307, 'Bangassou', NULL),
(308, 'Dýšina', NULL),
(309, 'Ōyama', NULL),
(310, 'Klerksdorp', NULL),
(311, 'Puerto Castilla', NULL),
(312, 'Firavitoba', NULL),
(313, 'Uvarovo', NULL),
(314, 'Takāb', NULL),
(315, 'Santa Cruz de El Seibo', NULL),
(316, 'Qianqiao', NULL),
(317, 'Ancenis', NULL),
(318, 'Pale', NULL),
(319, 'Gengcheng', NULL),
(320, 'Banjar Petak', NULL),
(321, 'Yŏng-dong', NULL),
(322, 'Sanchang', NULL),
(323, 'San Francisco', NULL),
(324, 'San Isidro', NULL),
(325, 'Newmarket', NULL),
(326, 'Kiambu', NULL),
(327, 'Taza', NULL),
(328, 'Falun', NULL),
(329, 'Al Badārī', NULL),
(330, 'Farafangana', NULL),
(331, 'Al Wuday‘', NULL),
(332, 'Qixingtai', NULL),
(333, 'Salavan', NULL),
(334, 'Manzanillo', NULL),
(335, 'El Águila', NULL),
(336, 'Padangguci', NULL),
(337, 'Beaverton', NULL),
(338, 'Asopía', NULL),
(339, 'Zhongping', NULL),
(340, 'Ibung', NULL),
(341, 'Claremont', NULL),
(342, 'Hexi', NULL),
(343, 'At Tāj', NULL),
(344, 'Zernograd', NULL),
(345, 'Yinla', NULL),
(346, 'Xiehu', NULL),
(347, 'Dongle', NULL),
(348, 'Staraya Ladoga', NULL),
(349, 'Carolina', NULL),
(350, 'Phak Hai', NULL),
(351, 'Kiel', NULL),
(352, 'Huayuan', NULL),
(353, 'Kỳ Anh', NULL),
(354, 'Potou', NULL),
(355, 'Goya', NULL),
(356, 'Svetlyy Yar', NULL),
(357, 'Houxixi', NULL),
(358, 'Boulogne-Billancourt', NULL),
(359, 'Nanguzhuang', NULL),
(360, 'Buenavista', NULL),
(361, 'Longju', NULL),
(362, 'Independencia', NULL),
(363, 'Kamionka', NULL),
(364, 'Bressuire', NULL),
(365, 'Ngawi', NULL),
(366, 'Lahat', NULL),
(367, 'Songqiao', NULL),
(368, 'Ipala', NULL),
(369, 'Martapura', NULL),
(370, 'Jargalant', NULL),
(371, 'San Bernardino', NULL),
(372, 'Tagbilaran City', NULL),
(373, 'Manogay', NULL),
(374, 'Pyhäntä', NULL),
(375, 'Dayu', NULL),
(376, 'Qiubin', NULL),
(377, 'Zhaodong', NULL),
(378, 'Lebedyan’', NULL),
(379, 'Karney Shomron', NULL),
(380, 'Kampen (Overijssel)', NULL),
(381, 'Krasnodar', NULL),
(382, 'Ormož', NULL),
(383, 'Sundsvall', NULL),
(384, 'Palaiochóri', NULL),
(385, 'Dalazi', NULL),
(386, 'Bílovice', NULL),
(387, 'Komoro', NULL),
(388, 'Salamina', NULL),
(389, 'Mehrān', NULL),
(390, 'Linxi', NULL),
(391, 'Brodokalmak', NULL),
(392, 'Vurğun', NULL),
(393, 'Hutou', NULL),
(394, 'Isyangulovo', NULL),
(395, 'Itapicuru', NULL),
(396, 'Oslo', NULL),
(397, 'Qimeng', NULL),
(398, 'Longhua', NULL),
(399, 'Maurisu', NULL),
(400, 'Jīwani', NULL),
(401, 'Otaru', NULL),
(402, 'Mukhen', NULL),
(403, 'Votkinsk', NULL),
(404, 'Somovo', NULL),
(405, 'Tamorong', NULL),
(406, 'La Plaine-Saint-Denis', NULL),
(407, 'Shangyong', NULL),
(408, 'Ryazhsk', NULL),
(409, 'Bambari', NULL),
(410, 'Severskaya', NULL),
(411, 'Conner', NULL),
(412, 'Štítina', NULL),
(413, 'Rumelange', NULL),
(414, 'Datar', NULL),
(415, 'Armenta', NULL),
(416, 'Krajan', NULL),
(417, 'Beloeil', NULL),
(418, 'Non Sung', NULL),
(419, 'Minneapolis', NULL),
(420, 'Shiraoi', NULL),
(421, 'Österbybruk', NULL),
(422, 'Simi Valley', NULL),
(423, 'Moravská Třebová', NULL),
(424, 'Paris 05', NULL),
(425, 'Tuopu', NULL),
(426, 'Zhangdiyingzi', NULL),
(427, 'Huacheng', NULL),
(428, 'Villaguay', NULL),
(429, 'Bierawa', NULL),
(430, 'Šardice', NULL),
(431, 'Montor Timur', NULL),
(432, 'Cikaras', NULL),
(433, 'Algés', NULL),
(434, 'Regnów', NULL),
(435, 'Bunawan', NULL),
(436, 'Bromma', NULL),
(437, 'Kizel', NULL),
(438, 'Pagaden', NULL),
(439, 'Villa del Carmen', NULL),
(440, 'Galveias', NULL),
(441, 'Tuanchengshan', NULL),
(442, 'Sandgerði', NULL),
(443, 'Wenwucao', NULL),
(444, 'Andrijevica', NULL),
(445, 'Myronivka', NULL),
(446, 'Khlong Toei', NULL),
(447, 'Bulawayo', NULL),
(448, 'Puubheto', NULL),
(449, 'Staryye Atagi', NULL),
(450, 'Yajiwa', NULL),
(451, 'Guadalupe', NULL),
(452, 'San Gil', NULL),
(453, 'Dawu', NULL),
(454, 'Mompós', NULL),
(455, 'Krajan Siki', NULL),
(456, 'Lysá nad Labem', NULL),
(457, 'Kungälv', NULL),
(458, 'Pacapausa', NULL),
(459, 'Jimaguayú', NULL),
(460, 'Qingxi', NULL),
(461, 'Cipinang', NULL),
(462, 'Vroutek', NULL),
(463, 'Trbovlje', NULL),
(464, 'Dashiju', NULL),
(465, 'Daxing', NULL),
(466, 'Tupambaé', NULL),
(467, 'Ziketan', NULL),
(468, 'Rivas', NULL),
(469, 'Liliana', NULL),
(470, 'Farsta', NULL),
(471, 'Sarandi', NULL),
(472, 'San Juan de Limay', NULL),
(473, 'Staraya Ladoga', NULL),
(474, 'Staré Hradiště', NULL),
(475, 'Capalonga', NULL),
(476, 'Cikondang', NULL),
(477, 'Néa Vrasná', NULL),
(478, 'Andop', NULL),
(479, 'Stockholm', NULL),
(480, 'Shigou', NULL),
(481, 'Hetou', NULL),
(482, 'Chepo', NULL),
(483, 'Vacaria', NULL),
(484, 'Anápolis', NULL),
(485, 'Bajingzi', NULL),
(486, 'Araras', NULL),
(487, 'Tuchola', NULL),
(488, 'Bangbayang', NULL),
(489, 'Les Clayes-sous-Bois', NULL),
(490, 'Shapa', NULL),
(491, 'Tapan', NULL),
(492, 'Jianyi', NULL),
(493, 'Antwerpen', NULL),
(494, 'Erdaocha', NULL),
(495, 'Selemadeg Kelod', NULL),
(496, 'Tarczyn', NULL),
(497, 'Ordzhonikidzevskiy', NULL),
(498, 'Zheshan', NULL),
(499, 'Stráž nad Nisou', NULL),
(500, 'Ronggo', NULL),
(501, 'Miandrivazo', NULL),
(502, 'Casa Nova', NULL),
(503, 'Ranambeling', NULL),
(504, 'Picton', NULL),
(505, 'Brits', NULL),
(506, 'Youyun', NULL),
(507, 'Kugesi', NULL),
(508, 'Ya’ngan', NULL),
(509, 'Kaji', NULL),
(510, 'Qaffīn', NULL),
(511, 'Aqtoghay', NULL),
(512, 'Brzeźnica', NULL),
(513, 'Chapayeve', NULL),
(514, 'Szolnok', NULL),
(515, 'Shōbu', NULL),
(516, 'Anto', NULL),
(517, 'Huangjiabu', NULL),
(518, 'Šibenik', NULL),
(519, 'Naranjal', NULL),
(520, 'Shalizhai', NULL),
(521, 'New York City', NULL),
(522, 'Yuanjue', NULL),
(523, 'Kanshan', NULL),
(524, 'Tomislavgrad', NULL),
(525, 'Tsukumiura', NULL),
(526, 'Monywa', NULL),
(527, 'Cagayan', NULL),
(528, 'Preston', NULL),
(529, 'Jedlnia-Letnisko', NULL),
(530, 'Lewokluok', NULL),
(531, 'Lyeskawka', NULL),
(532, 'Emplak', NULL),
(533, 'Wuluhan', NULL),
(534, 'Borås', NULL),
(535, 'Tekeli', NULL),
(536, 'Paraiso', NULL),
(537, 'Oskarshamn', NULL),
(538, 'Nogueira', NULL),
(539, 'Bipolo', NULL),
(540, 'Eirado', NULL),
(541, 'Jelsa', NULL),
(542, 'Szemud', NULL),
(543, 'Lom Sak', NULL),
(544, 'Alibunan', NULL),
(545, 'Spas-Klepiki', NULL),
(546, 'Vorob’yovo', NULL),
(547, 'Salaza', NULL),
(548, 'Kuangshan', NULL),
(549, 'Sumberkindagan', NULL),
(550, 'Shcherbinka', NULL),
(551, 'Longwood', NULL),
(552, 'Caucagüito', NULL),
(553, 'Biguaçu', NULL),
(554, 'Ciomas', NULL),
(555, 'Padangpanjang', NULL),
(556, 'Longshan', NULL),
(557, 'Yanai', NULL),
(558, 'Pyrgetós', NULL),
(559, 'Shaoha', NULL),
(560, 'Karangtengah Lor', NULL),
(561, 'Imbituva', NULL),
(562, 'Yemva', NULL),
(563, 'Chumphon', NULL),
(564, 'Templeogue', NULL),
(565, 'Vera', NULL),
(566, 'Wuxue Shi', NULL),
(567, 'Clermont-Ferrand', NULL),
(568, 'Gaosheng', NULL),
(569, 'Ängelholm', NULL),
(570, 'Dongping', NULL),
(571, 'Manadhoo', NULL),
(572, 'Lethem', NULL),
(573, 'Mykonos', NULL),
(574, 'Troyan', NULL),
(575, 'Huarong', NULL),
(576, 'Dū Qal‘ah', NULL),
(577, 'Tegalsari', NULL),
(578, 'Novogurovskiy', NULL),
(579, 'Dulangan', NULL),
(580, 'Ash Shuqayrah', NULL),
(581, 'Xinminxiang', NULL),
(582, 'Paris 12', NULL),
(583, 'Fatufaun', NULL),
(584, 'Kadukaung', NULL),
(585, 'Krajanjugosari', NULL),
(586, 'Parakanhonje Wetan', NULL),
(587, 'Pateros', NULL),
(588, 'Chadong', NULL),
(589, 'Askim', NULL),
(590, 'Yaodu', NULL),
(591, 'Xiahan', NULL),
(592, 'Durham', NULL),
(593, 'Jialu', NULL),
(594, 'Qianying', NULL),
(595, 'Rusocice', NULL),
(596, 'Godziszów Pierwszy', NULL),
(597, 'Dazhongzhuang', NULL),
(598, 'Líbano', NULL),
(599, 'Prilep', NULL),
(600, 'Ryczywół', NULL),
(601, 'Vinces', NULL),
(602, 'Belém', NULL),
(603, 'Santiago do Cacém', NULL),
(604, 'Vetlanda', NULL),
(605, 'Xinying', NULL),
(606, 'Krasnovishersk', NULL),
(607, 'Leeuwarden', NULL),
(608, 'Santos Dumont', NULL),
(609, 'Caraguatatuba', NULL),
(610, 'Jahrom', NULL),
(611, 'Kwekwe', NULL),
(612, 'Gushan', NULL),
(613, 'Heku', NULL),
(614, 'San Ignacio de Tupile', NULL),
(615, 'Tonekābon', NULL),
(616, 'Örebro', NULL),
(617, 'Colca', NULL),
(618, 'Dateng', NULL),
(619, 'Wenling', NULL),
(620, 'Sindangjawa', NULL),
(621, 'Montasik', NULL),
(622, 'Lukou', NULL),
(623, 'San Francisco', NULL),
(624, 'Santa Monica', NULL),
(625, 'Horní Štěpánov', NULL),
(626, 'Huyuan', NULL),
(627, 'Bagumbayan', NULL),
(628, 'San Juan de Mata', NULL),
(629, 'Mengla', NULL),
(630, 'Luleå', NULL),
(631, 'Aloja', NULL),
(632, 'Wangcao', NULL),
(633, 'Benito Juarez', NULL),
(634, 'Petaling Jaya', NULL),
(635, 'Anopog', NULL),
(636, 'Szelków', NULL),
(637, 'Azurduy', NULL),
(638, 'Donggaocun', NULL),
(639, 'New Washington', NULL),
(640, 'Sukoanyar', NULL),
(641, 'Denver', NULL),
(642, 'Sukhirin', NULL),
(643, 'Padej', NULL),
(644, 'Esmeraldas', NULL),
(645, 'Hadyach', NULL),
(646, 'Kentau', NULL),
(647, 'Kuala Lumpur', NULL),
(648, 'Tolbazy', NULL),
(649, 'Varennes', NULL),
(650, 'Laolong', NULL),
(651, 'Waru', NULL),
(652, 'Na\'ale', NULL),
(653, 'Ozurgeti', NULL),
(654, 'Huangzhuang', NULL),
(655, 'Araxá', NULL),
(656, 'Santa Maria', NULL),
(657, 'Popovi', NULL),
(658, 'Xingren', NULL),
(659, 'Ylöjärvi', NULL),
(660, 'Baoping', NULL),
(661, 'Bella Vista', NULL),
(662, 'Dongdong', NULL),
(663, 'Jiangxiangzhen', NULL),
(664, 'Pechora', NULL),
(665, 'Majennang', NULL),
(666, 'Dawa-Dawa', NULL),
(667, 'Baiquesi', NULL),
(668, 'Kalugmanan', NULL),
(669, 'Lere', NULL),
(670, 'Rennes', NULL),
(671, 'Aparecida do Taboado', NULL),
(672, 'Dongshan', NULL),
(673, 'Taganak', NULL),
(674, 'Aylmer', NULL),
(675, 'Erjiegou', NULL),
(676, 'West Palm Beach', NULL),
(677, 'Tuchlovice', NULL),
(678, 'Carvalho', NULL),
(679, 'Kapiri Mposhi', NULL),
(680, 'Firenze', NULL),
(681, 'Druju', NULL),
(682, 'Maomiaoji', NULL),
(683, 'Avignon', NULL),
(684, 'Yunxi', NULL),
(685, 'Fristad', NULL),
(686, 'Leone', NULL),
(687, 'Puerto Barrios', NULL),
(688, 'Umm Ruwaba', NULL),
(689, 'Gongnong', NULL),
(690, 'Dorowa Mining Lease', NULL),
(691, 'Kristiansand S', NULL),
(692, 'Zhaojia', NULL),
(693, 'Dalakovo', NULL),
(694, 'Bryan', NULL),
(695, 'Tiztoutine', NULL),
(696, 'Kuczbork-Osada', NULL),
(697, 'Rymättylä', NULL),
(698, 'Casa Quemada', NULL),
(699, 'Mattaldi', NULL),
(700, 'Mamara', NULL),
(701, 'Dzięgielów', NULL),
(702, 'Fteliá', NULL),
(703, 'Sumurnanjung', NULL),
(704, 'San Julian', NULL),
(705, 'Wangqu', NULL),
(706, 'Yeping', NULL),
(707, 'Tanashichō', NULL),
(708, 'Kaliningrad', NULL),
(709, 'Chantal', NULL),
(710, 'Eksjö', NULL),
(711, 'Meziměstí', NULL),
(712, 'Biryukove', NULL),
(713, 'Nariño', NULL),
(714, 'Nice', NULL),
(715, 'Muktāgācha', NULL),
(716, 'Kaset Sombun', NULL),
(717, 'Brikama Nding', NULL),
(718, 'Siparia', NULL),
(719, 'Norrahammar', NULL),
(720, 'Vakhtan', NULL),
(721, 'San Jose', NULL),
(722, 'Tiantai Chengguanzhen', NULL),
(723, 'Shahumyan', NULL),
(724, 'Al Jīb', NULL),
(725, 'Wangjiachang', NULL),
(726, 'Daxinshao', NULL),
(727, 'Virovitica', NULL),
(728, 'Zhalinghu', NULL),
(729, 'Erdenet', NULL),
(730, 'Guilhabreu', NULL),
(731, 'Dunaivtsi', NULL),
(732, 'Maraial', NULL),
(733, 'Jiaocun', NULL),
(734, 'Harjavalta', NULL),
(735, 'Eenhana', NULL),
(736, 'Erandique', NULL),
(737, 'Norberg', NULL),
(738, 'Beo', NULL),
(739, 'Bangan-Oda', NULL),
(740, 'Ruixi', NULL),
(741, 'São Francisco do Conde', NULL),
(742, 'Longxi', NULL),
(743, 'Sarukhan', NULL),
(744, 'Fengdian', NULL),
(745, 'Yanas', NULL),
(746, 'Nanlu', NULL),
(747, 'Caraballeda', NULL),
(748, 'Subusub', NULL),
(749, 'Pingtan', NULL),
(750, 'Saint John’s', NULL),
(751, 'Tungoo', NULL),
(752, 'Crateús', NULL),
(753, 'Pedra Furada', NULL),
(754, 'Quinjalca', NULL),
(755, 'Wuxing', NULL),
(756, 'Bantengan', NULL),
(757, 'Daxin', NULL),
(758, 'Karangsari', NULL),
(759, 'Alaghsas', NULL),
(760, 'Micheng', NULL),
(761, 'Niort', NULL),
(762, 'Entre Rios', NULL),
(763, 'Xinying', NULL),
(764, 'Mingyihe', NULL),
(765, 'Chilecito', NULL),
(766, 'Wielgie', NULL),
(767, 'Brloh', NULL),
(768, 'Diapaga', NULL),
(769, 'Saint-Brieuc', NULL),
(770, 'Lisui', NULL),
(771, 'Chattanooga', NULL),
(772, 'Marka', NULL),
(773, 'Nangka', NULL),
(774, 'Bobolice', NULL),
(775, 'Sambonggede', NULL),
(776, 'Gradishtë', NULL),
(777, 'Pukekohe East', NULL),
(778, 'Paltashaco', NULL),
(779, 'Maastricht', NULL),
(780, 'Amagi', NULL),
(781, 'Jastrzębia Góra', NULL),
(782, 'Mufumbwe', NULL),
(783, 'Banjar Bias', NULL),
(784, 'Fleury-les-Aubrais', NULL),
(785, 'Lodan Wetan', NULL),
(786, 'Maintirano', NULL),
(787, 'Weiyanggong', NULL),
(788, 'Shancheng', NULL),
(789, 'Caparrapí', NULL),
(790, 'Huangban', NULL),
(791, 'Funabashi', NULL),
(792, 'Kitahama', NULL),
(793, 'Gōtsuchō', NULL),
(794, 'Xiangba', NULL),
(795, 'Kylmäkoski', NULL),
(796, 'Ishqoshim', NULL),
(797, 'Rendeng', NULL),
(798, 'Zwolle', NULL),
(799, 'Al Matūn', NULL),
(800, 'Georgetown', NULL),
(801, 'Dedenëvo', NULL),
(802, 'Kurashiki', NULL),
(803, 'Zarqa', NULL),
(804, 'Iles', NULL),
(805, 'Ambat', NULL),
(806, 'Nangahale', NULL),
(807, 'Tracal', NULL),
(808, 'Annan', NULL),
(809, 'Dukuhmencek Lor', NULL),
(810, 'Verkhniy Yasenov', NULL),
(811, 'Taloy', NULL),
(812, 'San Isidro', NULL),
(813, 'Sandviken', NULL),
(814, 'Almere Haven', NULL),
(815, 'Alès', NULL),
(816, 'Luopu', NULL),
(817, 'Władysławowo', NULL),
(818, 'Xi’an', NULL),
(819, 'Gizo', NULL),
(820, 'Cama Juan', NULL),
(821, 'Qiqian', NULL),
(822, 'Citeguh', NULL),
(823, 'San Justo', NULL),
(824, 'Widorokandang', NULL),
(825, 'Tagnanan', NULL),
(826, 'Jing’an', NULL),
(827, 'Tobias Barreto', NULL),
(828, 'Gocoton', NULL),
(829, 'Skelivka', NULL),
(830, 'Verkhnyachka', NULL),
(831, 'Kuusjoki', NULL),
(832, 'Bagahanlad', NULL),
(833, 'Gaotaizi', NULL),
(834, 'Lashio', NULL),
(835, 'Zapolyarnyy', NULL),
(836, 'Patalan', NULL),
(837, 'Jingyu', NULL),
(838, 'Vostok', NULL),
(839, 'Stockholm', NULL),
(840, 'Znamenskoye', NULL),
(841, 'Shangping', NULL),
(842, 'Fernandópolis', NULL),
(843, 'Columbia', NULL),
(844, 'Ed', NULL),
(845, 'Houston', NULL),
(846, 'Yên Lạc', NULL),
(847, 'Changwon', NULL),
(848, 'Dve Mogili', NULL),
(849, 'Oujiangcha', NULL),
(850, 'Sangalhos', NULL),
(851, 'Milton', NULL),
(852, 'Baiguo', NULL),
(853, 'Daohe', NULL),
(854, 'Ulricehamn', NULL),
(855, 'Mīāndoāb', NULL),
(856, 'Xiniqi', NULL),
(857, 'Zhaotong', NULL),
(858, 'Lac du Bonnet', NULL),
(859, 'Duantan', NULL),
(860, 'Beishan', NULL),
(861, 'Kořenov', NULL),
(862, 'Wates', NULL),
(863, 'Borzechów', NULL),
(864, 'Lebak Timur', NULL),
(865, 'Jiashi', NULL),
(866, 'Cawayan', NULL),
(867, 'Uppsala', NULL),
(868, 'Amsterdam Oud Zuid en Rivierenbuurt', NULL),
(869, 'Dolany', NULL),
(870, 'Harstad', NULL),
(871, 'Xundian', NULL),
(872, 'Zambrów', NULL),
(873, 'Lengkongjaya', NULL),
(874, 'Tanjungrejo Lor', NULL),
(875, 'Divjakë', NULL),
(876, 'Quinipot', NULL),
(877, 'Xin’an', NULL),
(878, 'Nezhinka', NULL),
(879, 'Igoumenítsa', NULL),
(880, 'Perechyn', NULL),
(881, 'Orahovica', NULL),
(882, 'Itambé', NULL),
(883, 'Le Havre', NULL),
(884, 'Jemielno', NULL),
(885, 'Rizó', NULL),
(886, 'Goascorán', NULL),
(887, 'Al Qūşīyah', NULL),
(888, 'Javhlant', NULL),
(889, 'Cool űrhajó', NULL),
(890, 'İsmayıllı', NULL),
(891, 'Shishan', NULL),
(892, 'Anastácio', NULL),
(893, 'Bistrica ob Sotli', NULL),
(894, 'Zhonghuopu', NULL),
(895, 'Śródmieście', NULL),
(896, 'Gorobinci', NULL),
(897, 'Niort', NULL),
(898, 'Arras', NULL),
(899, 'Finzes', NULL),
(900, 'Hamilton', NULL),
(901, 'Kirkuk', NULL),
(902, 'Laveiras', NULL),
(903, 'Željezno Polje', NULL),
(904, 'West Palm Beach', NULL),
(905, 'Nizhniy Tagil', NULL),
(906, 'Fuxi', NULL),
(907, 'Świlcza', NULL),
(908, 'Kuala Lumpur', NULL),
(909, 'Tercena', NULL),
(910, 'Delft', NULL),
(911, 'Curuan', NULL),
(912, 'Ban Dung', NULL),
(913, 'Krajan', NULL),
(914, 'Uglich', NULL),
(915, 'Bordeaux', NULL),
(916, 'Paccho', NULL),
(917, 'Nagu', NULL),
(918, 'Tianqian', NULL),
(919, 'Narol', NULL),
(920, 'Torrijos', NULL),
(921, 'Lennec', NULL),
(922, 'Trebisht-Muçinë', NULL),
(923, 'Riit', NULL),
(924, 'Cumba', NULL),
(925, 'Buchou', NULL),
(926, 'Bekasi', NULL),
(927, 'Cihideung Satu', NULL),
(928, 'Voznesenskoye', NULL),
(929, 'Fiães', NULL),
(930, 'Yangzi Jianglu', NULL),
(931, 'Rîşcani', NULL),
(932, 'Kowŏn-ŭp', NULL),
(933, 'San Isidro', NULL),
(934, 'Dajabón', NULL),
(935, 'Nabunturan', NULL),
(936, 'Ruma', NULL),
(937, 'Kuala Pilah', NULL),
(938, 'Kuala Lumpur', NULL),
(939, 'Senggapi', NULL),
(940, 'Hongmiao', NULL),
(941, 'Monze', NULL),
(942, 'Atipuluhan', NULL),
(943, 'Mugi', NULL),
(944, 'Crnilište', NULL),
(945, 'Sindangpanji', NULL),
(946, 'Khelyulya', NULL),
(947, 'Belo Oriente', NULL),
(948, 'Baitang', NULL),
(949, 'Hämeenkoski', NULL),
(950, 'Thành Phố Ninh Bình', NULL),
(951, 'Calgary', NULL),
(952, 'Qiujima', NULL),
(953, 'Yug', NULL),
(954, 'Nong Kung Si', NULL),
(955, 'The Valley', NULL),
(956, 'Da’anshan', NULL),
(957, 'Krajan Craken', NULL),
(958, 'Kardítsa', NULL),
(959, 'Erling', NULL),
(960, 'Gambaru', NULL),
(961, 'Parikkala', NULL),
(962, 'Bunisari', NULL),
(963, 'Shanjiao', NULL),
(964, 'Krajan Alastengah', NULL),
(965, 'Clondalkin', NULL),
(966, 'Criuleni', NULL),
(967, 'Boxholm', NULL),
(968, 'Rabat', NULL),
(969, 'Kirkland Lake', NULL),
(970, 'Al Ḩammāmāt', NULL),
(971, 'Guajiasi', NULL),
(972, 'Dorp Tera Kora', NULL),
(973, 'Cabanbanan', NULL),
(974, 'Fengcheng', NULL),
(975, 'Vespasiano', NULL),
(976, 'Setono', NULL),
(977, 'Đắk Glei', NULL),
(978, 'Jequitinhonha', NULL),
(979, 'Żelistrzewo', NULL),
(980, 'Krajan Gebangan', NULL),
(981, 'Miatli', NULL),
(982, 'Jinchang', NULL),
(983, 'Tan Sum', NULL),
(984, 'Fudian', NULL),
(985, 'Kolomak', NULL),
(986, 'Pickering', NULL),
(987, 'Cikalang', NULL),
(988, 'Stockholm', NULL),
(989, 'São João da Boa Vista', NULL),
(990, 'Labrador City', NULL),
(991, 'Danyang', NULL),
(992, 'Pavlovka', NULL),
(993, 'Zhangcun', NULL),
(994, 'Cibeureum', NULL),
(995, 'Pagangan', NULL),
(996, 'Fontainebleau', NULL),
(997, 'Des Moines', NULL),
(998, 'Gandra', NULL),
(999, 'Bogorejo', NULL),
(1000, 'Liopétri', NULL);

-- --------------------------------------------------------

--
-- Structure de la table `region`
--

CREATE TABLE `region` (
  `id_region` smallint UNSIGNED NOT NULL,
  `region_name` varchar(100) NOT NULL
) ENGINE=InnoDB DEFAULT CHARSET=utf8mb4 COLLATE=utf8mb4_0900_ai_ci;

--
-- Déchargement des données de la table `region`
--

INSERT INTO `region` (`id_region`, `region_name`) VALUES
(1, 'Ain'),
(2, 'Aisne'),
(3, 'Allier'),
(4, 'Hautes-Alpes'),
(5, 'Alpes-de-Haute-Provence'),
(6, 'Alpes-Maritimes'),
(7, 'Ardèche'),
(8, 'Ardennes'),
(9, 'Ariège'),
(10, 'Aube'),
(11, 'Aude'),
(12, 'Aveyron'),
(13, 'Bouches-du-Rhône'),
(14, 'Calvados'),
(15, 'Cantal'),
(16, 'Charente'),
(17, 'Charente-Maritime'),
(18, 'Cher'),
(19, 'Corrèze'),
(20, 'Corse-du-sud'),
(21, 'Haute-corse'),
(22, 'Côte-d\'or'),
(23, 'Côtes-d\'armor'),
(24, 'Creuse'),
(25, 'Dordogne'),
(26, 'Doubs'),
(27, 'Drôme'),
(28, 'Eure'),
(29, 'Eure-et-Loir'),
(30, 'Finistère'),
(31, 'Gard'),
(32, 'Haute-Garonne'),
(33, 'Gers'),
(34, 'Gironde'),
(35, 'Hérault'),
(36, 'Ile-et-Vilaine'),
(37, 'Indre'),
(38, 'Indre-et-Loire'),
(39, 'Isère'),
(40, 'Jura'),
(41, 'Landes'),
(42, 'Loir-et-Cher'),
(43, 'Loire'),
(44, 'Haute-Loire'),
(45, 'Loire-Atlantique'),
(46, 'Loiret'),
(47, 'Lot'),
(48, 'Lot-et-Garonne'),
(49, 'Lozère'),
(50, 'Maine-et-Loire'),
(51, 'Manche'),
(52, 'Marne'),
(53, 'Haute-Marne'),
(54, 'Mayenne'),
(55, 'Meurthe-et-Moselle'),
(56, 'Meuse'),
(57, 'Morbihan'),
(58, 'Moselle'),
(59, 'Nièvre'),
(60, 'Nord'),
(61, 'Oise'),
(62, 'Orne'),
(63, 'Pas-de-Calais'),
(64, 'Puy-de-Dôme'),
(65, 'Pyrénées-Atlantiques'),
(66, 'Hautes-Pyrénées'),
(67, 'Pyrénées-Orientales'),
(68, 'Bas-Rhin'),
(69, 'Haut-Rhin'),
(70, 'Rhône'),
(71, 'Haute-Saône'),
(72, 'Saône-et-Loire'),
(73, 'Sarthe'),
(74, 'Savoie'),
(75, 'Haute-Savoie'),
(76, 'Paris'),
(77, 'Seine-Maritime'),
(78, 'Seine-et-Marne'),
(79, 'Yvelines'),
(80, 'Deux-Sèvres'),
(81, 'Somme'),
(82, 'Tarn'),
(83, 'Tarn-et-Garonne'),
(84, 'Var'),
(85, 'Vaucluse'),
(86, 'Vendée'),
(87, 'Vienne'),
(88, 'Haute-Vienne'),
(89, 'Vosges'),
(90, 'Yonne'),
(91, 'Territoire de Belfort'),
(92, 'Essonne'),
(93, 'Hauts-de-Seine'),
(94, 'Seine-Saint-Denis'),
(95, 'Val-de-Marne'),
(96, 'Val-d\'Oise'),
(97, 'Mayotte'),
(98, 'Guadeloupe'),
(99, 'Guyane'),
(100, 'Martinique'),
(101, 'Réunion');

-- --------------------------------------------------------

--
-- Structure de la table `role_type`
--

CREATE TABLE `role_type` (
  `id_role_type` smallint UNSIGNED NOT NULL,
  `name_role` varchar(50) NOT NULL,
  `icon_URL` varchar(50) NOT NULL
) ENGINE=InnoDB DEFAULT CHARSET=utf8mb4 COLLATE=utf8mb4_0900_ai_ci;

--
-- Déchargement des données de la table `role_type`
--

INSERT INTO `role_type` (`id_role_type`, `name_role`, `icon_URL`) VALUES
(1, 'MAÎTRE DU JEU | Dé 100', 'icones/dice100-50x50.svg'),
(2, 'SÉRIEUX | Dé 20', 'icones/dice20-50x50.svg'),
(3, 'RÉGULIER | Dé 12', 'icones/dice12-50x50.svg'),
(4, 'AFFINITÉ | Dé 8', 'icones/dice8-50x50.svg'),
(5, 'ONE-SHOT | Dé 4', 'icones/dice4-50x50.svg');

-- --------------------------------------------------------

--
-- Structure de la table `selected_universe`
--

CREATE TABLE `selected_universe` (
  `id_universe` smallint UNSIGNED NOT NULL,
  `id_user` smallint UNSIGNED NOT NULL
) ENGINE=InnoDB DEFAULT CHARSET=utf8mb4 COLLATE=utf8mb4_0900_ai_ci;

--
-- Déchargement des données de la table `selected_universe`
--

INSERT INTO `selected_universe` (`id_universe`, `id_user`) VALUES
(2, 97),
(28, 291),
(19, 378),
(32, 261),
(41, 630),
(17, 944),
(15, 955),
(18, 488),
(27, 101),
(33, 544),
(27, 270),
(24, 3),
(42, 649),
(16, 985),
(40, 305),
(39, 134),
(38, 315),
(33, 31),
(27, 506),
(37, 846),
(28, 963),
(31, 859),
(45, 410),
(34, 528),
(39, 111),
(33, 130),
(10, 130),
(17, 467),
(1, 321),
(21, 723),
(25, 511),
(29, 345),
(35, 259),
(23, 301),
(27, 791),
(45, 663),
(28, 223),
(29, 70),
(30, 326),
(12, 627),
(22, 528),
(39, 432),
(24, 683),
(45, 293),
(20, 135),
(11, 298),
(9, 898),
(37, 816),
(21, 455),
(25, 10),
(16, 78),
(7, 156),
(39, 487),
(16, 890),
(33, 938),
(14, 920),
(38, 492),
(1, 349),
(11, 826),
(2, 277),
(43, 351),
(9, 698),
(40, 607),
(31, 434),
(43, 285),
(5, 828),
(35, 608),
(16, 72),
(27, 52),
(15, 561),
(3, 923),
(10, 726),
(32, 513),
(27, 374),
(30, 498),
(9, 340),
(8, 266),
(5, 372),
(24, 649),
(31, 754),
(10, 460),
(29, 895),
(38, 368),
(8, 188),
(3, 117),
(7, 897),
(13, 466),
(28, 609),
(33, 432),
(28, 410),
(24, 63),
(2, 698),
(1, 242),
(30, 914),
(2, 587),
(35, 345),
(30, 564),
(7, 116),
(45, 615),
(36, 819),
(8, 888),
(13, 33),
(39, 105),
(39, 828),
(1, 608),
(3, 999),
(36, 848),
(19, 932),
(3, 11),
(2, 906),
(23, 849),
(30, 518),
(41, 169),
(38, 962),
(11, 767),
(11, 313),
(1, 534),
(8, 189),
(38, 180),
(41, 661),
(10, 717),
(39, 913),
(32, 900),
(8, 737),
(35, 163),
(34, 589),
(16, 950),
(34, 941),
(10, 186),
(28, 761),
(42, 832),
(9, 991),
(3, 213),
(18, 327),
(29, 161),
(37, 9),
(17, 850),
(33, 789),
(44, 863),
(19, 813),
(1, 355),
(39, 401),
(37, 362),
(18, 925),
(45, 567),
(25, 875),
(42, 547),
(21, 896),
(41, 956),
(18, 107),
(34, 545),
(5, 12),
(39, 853),
(31, 176),
(13, 294),
(1, 960),
(39, 607),
(38, 152),
(15, 416),
(27, 217),
(12, 657),
(45, 837),
(5, 912),
(45, 190),
(33, 627),
(29, 776),
(18, 391),
(43, 527),
(20, 453),
(5, 957),
(37, 641),
(39, 388),
(39, 350),
(26, 662),
(7, 569),
(24, 67),
(4, 662),
(27, 538),
(10, 549),
(26, 821),
(3, 651),
(43, 312),
(11, 929),
(39, 577),
(22, 421),
(16, 676),
(31, 862),
(3, 213),
(15, 984),
(25, 98),
(19, 58),
(24, 539),
(26, 541),
(9, 696),
(38, 215),
(10, 209),
(11, 23),
(16, 720),
(18, 364),
(15, 660),
(20, 870),
(20, 329),
(7, 243),
(7, 652),
(32, 99),
(18, 928),
(24, 609),
(12, 960),
(45, 322),
(37, 356),
(11, 886),
(40, 927),
(14, 653),
(26, 338),
(37, 114),
(20, 708),
(45, 752),
(6, 329),
(30, 19),
(5, 978),
(39, 34),
(45, 586),
(44, 693),
(1, 800),
(1, 73),
(21, 185),
(24, 418),
(16, 8),
(13, 304),
(37, 517),
(15, 898),
(23, 828),
(1, 913),
(35, 59),
(26, 226),
(15, 874),
(11, 583),
(26, 760),
(20, 484),
(28, 659),
(16, 215),
(26, 701),
(22, 697),
(15, 373),
(45, 669),
(30, 287),
(15, 924),
(45, 267),
(37, 93),
(22, 217),
(15, 870),
(21, 680),
(11, 202),
(30, 305),
(24, 137),
(39, 162),
(44, 68),
(19, 709),
(19, 121),
(18, 766),
(32, 40),
(25, 456),
(3, 804),
(11, 606),
(30, 154),
(17, 705),
(10, 168),
(3, 813),
(45, 114),
(25, 682),
(15, 521),
(35, 103),
(12, 262),
(35, 759),
(23, 756),
(35, 104),
(16, 24),
(41, 48),
(42, 854),
(31, 972),
(8, 447),
(28, 170),
(6, 475),
(24, 311),
(28, 100),
(26, 848),
(30, 797),
(32, 799),
(12, 778),
(1, 518),
(14, 621),
(43, 52),
(17, 833),
(4, 351),
(9, 357),
(10, 135),
(27, 947),
(17, 794),
(14, 717),
(6, 956),
(18, 833),
(16, 995),
(11, 411),
(30, 117),
(35, 68),
(8, 396),
(6, 264),
(26, 127),
(35, 650),
(2, 251),
(27, 192),
(43, 245),
(15, 253),
(6, 981),
(1, 897),
(33, 778),
(5, 854),
(3, 520),
(15, 219),
(19, 795),
(22, 156),
(25, 632),
(22, 880),
(10, 257),
(42, 506),
(20, 835),
(4, 262),
(1, 494),
(4, 832),
(27, 665),
(6, 172),
(41, 399),
(7, 408),
(40, 954),
(3, 994),
(11, 923),
(34, 464),
(17, 359),
(34, 36),
(2, 800),
(27, 17),
(33, 521),
(2, 298),
(42, 742),
(7, 894),
(3, 861),
(42, 913),
(33, 149),
(15, 732),
(11, 695),
(18, 643),
(39, 802),
(45, 357),
(1, 98),
(41, 613),
(13, 299),
(35, 844),
(10, 392),
(38, 680),
(2, 617),
(13, 958),
(6, 619),
(27, 668),
(12, 758),
(6, 593),
(18, 500),
(13, 356),
(8, 325),
(29, 159),
(21, 875),
(21, 243),
(1, 272),
(12, 146),
(26, 278),
(6, 895),
(30, 773),
(23, 923),
(37, 670),
(2, 521),
(40, 529),
(25, 674),
(12, 688),
(14, 133),
(1, 245),
(18, 604),
(5, 878),
(28, 651),
(5, 463),
(6, 292),
(45, 999),
(28, 193),
(27, 82),
(1, 101),
(29, 959),
(15, 266),
(2, 89),
(39, 221),
(15, 774),
(14, 773),
(38, 957),
(39, 729),
(7, 16),
(30, 511),
(20, 64),
(13, 354),
(45, 805),
(18, 267),
(33, 409),
(20, 658),
(29, 668),
(26, 311),
(35, 561),
(1, 927),
(24, 160),
(44, 258),
(4, 367),
(36, 73),
(36, 933),
(17, 939),
(6, 43),
(25, 882),
(18, 783),
(24, 462),
(21, 819),
(40, 841),
(27, 640),
(5, 503),
(28, 513),
(14, 626),
(11, 140),
(18, 108),
(12, 559),
(33, 949),
(10, 402),
(18, 997),
(16, 12),
(5, 712),
(16, 936),
(34, 846),
(41, 52),
(30, 898),
(38, 910),
(35, 218),
(1, 33),
(29, 744),
(42, 337),
(13, 472),
(23, 515),
(38, 580),
(12, 204),
(3, 520),
(7, 166),
(24, 67),
(2, 712),
(23, 586),
(33, 211),
(23, 812),
(15, 13),
(11, 265),
(4, 275),
(4, 626),
(2, 726),
(23, 216),
(26, 427),
(1, 309),
(24, 893),
(41, 900),
(32, 322),
(27, 226),
(30, 551),
(8, 584),
(16, 190),
(15, 532),
(34, 10),
(39, 842),
(14, 498),
(27, 730),
(37, 318),
(19, 624),
(33, 663),
(15, 6),
(40, 47),
(19, 539),
(27, 818),
(39, 347),
(9, 895),
(1, 122),
(1, 1),
(32, 662),
(8, 99),
(14, 334),
(40, 963),
(39, 555),
(22, 203),
(5, 890),
(45, 609),
(23, 992),
(8, 510),
(36, 51),
(43, 620),
(2, 849),
(40, 781),
(33, 838),
(13, 701),
(17, 753),
(26, 505),
(33, 504),
(23, 663),
(13, 47),
(31, 525),
(45, 450),
(35, 534),
(30, 870),
(24, 359),
(29, 147),
(14, 205),
(39, 654),
(18, 683),
(27, 111),
(9, 772),
(30, 695),
(17, 332),
(44, 423),
(22, 291),
(28, 610),
(45, 941),
(20, 360),
(14, 146),
(15, 410),
(18, 213),
(11, 621),
(18, 740),
(3, 155),
(43, 66),
(37, 398),
(11, 203),
(30, 789),
(29, 459),
(16, 643),
(2, 450),
(12, 313),
(45, 227),
(24, 493),
(1, 675),
(33, 288),
(22, 952),
(12, 62),
(1, 993),
(19, 53),
(16, 965),
(5, 271),
(38, 385),
(24, 477),
(32, 586),
(6, 58),
(36, 979),
(4, 865),
(9, 1000),
(30, 945),
(2, 702),
(35, 972),
(21, 198),
(26, 597),
(2, 239),
(7, 55),
(8, 591),
(13, 961),
(6, 210),
(20, 961),
(25, 440),
(21, 562),
(23, 771),
(45, 696),
(38, 648),
(12, 226),
(10, 76),
(28, 375),
(28, 393),
(4, 571),
(44, 912),
(14, 623),
(16, 687),
(17, 544),
(45, 474),
(39, 914),
(10, 913),
(9, 953),
(30, 855),
(36, 322),
(25, 654),
(24, 243),
(8, 67),
(22, 380),
(14, 457),
(24, 579),
(28, 328),
(18, 210),
(2, 549),
(39, 210),
(6, 979),
(19, 825),
(3, 41),
(10, 464),
(35, 136),
(41, 769),
(3, 862),
(28, 466),
(31, 591),
(20, 825),
(38, 260),
(22, 468),
(24, 120),
(18, 518),
(6, 189),
(27, 435),
(27, 91),
(28, 285),
(11, 486),
(25, 857),
(35, 378),
(8, 306),
(15, 490),
(24, 182),
(18, 230),
(35, 114),
(14, 312),
(38, 594),
(32, 336),
(38, 856),
(6, 988),
(9, 494),
(38, 551),
(9, 506),
(34, 535),
(8, 19),
(35, 38),
(4, 595),
(41, 286),
(38, 379),
(17, 462),
(38, 574),
(13, 950),
(2, 555),
(44, 974),
(20, 595),
(37, 105),
(20, 515),
(2, 116),
(37, 589),
(19, 733),
(37, 820),
(37, 946),
(38, 623),
(20, 295),
(45, 989),
(9, 75),
(16, 409),
(44, 508),
(24, 421),
(32, 335),
(30, 119),
(1, 667),
(6, 5),
(7, 409),
(16, 77),
(36, 887),
(27, 459),
(19, 906),
(33, 827),
(12, 608),
(13, 860),
(42, 295),
(40, 504),
(9, 212),
(43, 663),
(13, 735),
(45, 623),
(24, 70),
(3, 759),
(18, 392),
(9, 202),
(18, 287),
(11, 610),
(22, 218),
(29, 7),
(13, 379),
(26, 774),
(40, 605),
(13, 827),
(16, 551),
(10, 7),
(26, 990),
(44, 872),
(15, 990),
(43, 791),
(23, 864),
(15, 850),
(39, 545),
(29, 963),
(13, 756),
(45, 871),
(4, 632),
(8, 990),
(28, 418),
(25, 544),
(14, 803),
(32, 10),
(40, 502),
(10, 539),
(4, 952),
(38, 970),
(17, 102),
(20, 415),
(25, 620),
(1, 912),
(28, 671),
(15, 552),
(18, 751),
(20, 430),
(9, 380),
(7, 840),
(44, 363),
(15, 615),
(30, 609),
(1, 676),
(7, 619),
(8, 53),
(8, 301),
(4, 487),
(42, 303),
(25, 651),
(10, 279),
(22, 559),
(10, 460),
(22, 421),
(18, 314),
(18, 701),
(22, 334),
(40, 501),
(28, 145),
(44, 855),
(38, 621),
(42, 302),
(34, 933),
(40, 306),
(15, 154),
(36, 558),
(12, 270),
(19, 553),
(9, 715),
(8, 322),
(18, 319),
(37, 904),
(6, 279),
(28, 706),
(30, 362),
(43, 28),
(8, 681),
(18, 421),
(30, 973),
(31, 965),
(41, 552),
(18, 228),
(10, 527),
(27, 147),
(2, 169),
(15, 838),
(45, 321),
(41, 859),
(11, 380),
(28, 118),
(41, 385),
(35, 319),
(8, 582),
(45, 254),
(23, 661),
(1, 285),
(37, 570),
(42, 191),
(27, 820),
(3, 211),
(44, 39),
(9, 152),
(2, 804),
(27, 475),
(39, 261),
(31, 632),
(19, 906),
(29, 609),
(17, 587),
(3, 124),
(38, 580),
(26, 33),
(38, 862),
(27, 916),
(1, 786),
(35, 929),
(40, 832),
(4, 411),
(29, 682),
(31, 362),
(45, 172),
(10, 958),
(25, 939),
(2, 443),
(32, 510),
(16, 769),
(30, 897),
(9, 449),
(19, 676),
(29, 408),
(14, 820),
(40, 348),
(44, 830),
(18, 965),
(1, 802),
(26, 59),
(17, 776),
(20, 951),
(40, 489),
(19, 316),
(35, 287),
(40, 580),
(19, 640),
(5, 559),
(25, 417),
(26, 759),
(44, 310),
(19, 109),
(24, 595),
(23, 868),
(39, 519),
(40, 443),
(25, 891),
(3, 337),
(3, 951),
(43, 428),
(9, 568),
(10, 137),
(39, 242),
(36, 673),
(24, 854),
(44, 322),
(25, 43),
(44, 289),
(41, 266),
(4, 526),
(9, 368),
(11, 737),
(12, 185),
(1, 185),
(28, 738),
(35, 248),
(35, 646),
(38, 734),
(14, 742),
(16, 798),
(14, 440),
(36, 677),
(6, 218),
(11, 687),
(30, 859),
(2, 566),
(10, 738),
(12, 769),
(43, 942),
(1, 554),
(9, 171),
(31, 323),
(43, 956),
(10, 705),
(13, 464),
(36, 417),
(15, 109),
(28, 19),
(43, 32),
(21, 634),
(36, 942),
(45, 485),
(33, 503),
(42, 740),
(1, 947),
(31, 310),
(9, 392),
(14, 710),
(24, 767),
(14, 521),
(25, 143),
(9, 945),
(42, 4),
(29, 481),
(3, 602),
(9, 521),
(40, 585),
(36, 336),
(6, 678),
(18, 632),
(34, 392),
(40, 422),
(45, 17),
(25, 361),
(17, 453),
(42, 831),
(17, 298),
(18, 152),
(40, 480),
(8, 532),
(21, 983),
(44, 784),
(15, 744),
(38, 546),
(33, 985),
(27, 80),
(42, 152),
(36, 683),
(38, 199),
(37, 78),
(10, 664),
(38, 126),
(37, 935),
(20, 843),
(29, 528),
(9, 912),
(26, 311),
(44, 822),
(34, 569),
(11, 678),
(10, 983),
(34, 132),
(24, 193),
(19, 765),
(27, 53),
(13, 230),
(7, 465),
(26, 489),
(30, 356),
(32, 449),
(36, 363),
(33, 77),
(33, 260),
(10, 563),
(28, 331),
(41, 192),
(11, 289),
(25, 682),
(15, 40),
(11, 994),
(17, 533),
(1, 253),
(32, 457),
(18, 158),
(41, 194),
(11, 334),
(9, 574),
(38, 984),
(11, 955),
(28, 286),
(37, 983),
(24, 605),
(30, 507),
(36, 987),
(35, 365),
(37, 903),
(19, 402),
(7, 549),
(12, 523),
(22, 180),
(19, 442),
(44, 592),
(44, 465),
(43, 593),
(8, 665),
(36, 996),
(37, 345),
(12, 470),
(40, 89),
(5, 120),
(38, 421),
(29, 32),
(45, 746),
(15, 611),
(30, 342),
(21, 416),
(5, 965),
(33, 287),
(9, 646),
(4, 93),
(14, 687),
(22, 383),
(3, 865),
(36, 237),
(24, 556),
(44, 664),
(26, 144),
(15, 523),
(7, 961),
(42, 95),
(39, 754),
(41, 726),
(18, 312);

-- --------------------------------------------------------

--
-- Structure de la table `universe`
--

CREATE TABLE `universe` (
  `id_universe` smallint UNSIGNED NOT NULL,
  `name_universe` varchar(100) NOT NULL,
  `id_universe_genre` smallint UNSIGNED NOT NULL
) ENGINE=InnoDB DEFAULT CHARSET=utf8mb4 COLLATE=utf8mb4_0900_ai_ci;

--
-- Déchargement des données de la table `universe`
--

INSERT INTO `universe` (`id_universe`, `name_universe`, `id_universe_genre`) VALUES
(1, 'Medieval Fantasy', 1),
(2, 'Post-Apocalyptique', 2),
(3, 'Horreur', 3),
(4, 'Western', 4),
(5, 'Science-Fiction', 5),
(6, 'Space Opera', 6),
(7, 'Steampunk', 7),
(8, 'Historique', 8),
(9, 'Mythologique', 9),
(10, 'L\'Oeil noir, le livre des règles', 1),
(11, 'Donjons et Dragons 1', 1),
(12, 'Donjons et Dragons 2', 1),
(13, 'Donjons et Dragons 3', 1),
(14, 'Donjons et Dragons 4', 1),
(15, 'Donjons et Dragons 5', 1),
(16, 'JDR personnalisé', 1),
(17, 'Star Wars D6', 5),
(18, 'Star Wars D20', 5),
(19, 'Star Wars FFG', 5),
(20, 'Star Wars aux confins de l\'empire', 5),
(21, 'Runequest', 1),
(22, 'L\'Appel de Cthulhu : 6ème Édition', 3),
(23, 'Achtung! Cthulhu: le guide de l\'investigateur', 3),
(24, 'In Nomine Satanis / Magna Veritas - 3ème Édition', 10),
(25, 'Shadowrun', 11),
(26, 'Warhammer', 1),
(27, 'Warhammer 40K', 5),
(28, 'Paranoïa', 5),
(29, 'Pendragon (1985)', 12),
(30, 'Vampire : La Mascarade', 13),
(31, 'Stormbringer (1981)', 1),
(32, 'C.O.P.S.', 11),
(33, 'Rêve de Dragon', 1),
(34, 'Pavillon Noir : La Révolte', 14),
(35, 'Animonde', 1),
(36, 'Ars Magica', 1),
(37, 'Château Falkenstein', 7),
(38, 'Château Bitume', 2),
(39, 'Feng Shui', 15),
(40, 'Dark Heresy', 5),
(41, 'Ambre', 1),
(42, 'La méthode du docteur Chestel', 16),
(43, 'Maléfices', 17),
(44, 'Cyberpunk 2020', 11),
(45, 'Terres du Milieu', 1);

-- --------------------------------------------------------

--
-- Structure de la table `universe_genre`
--

CREATE TABLE `universe_genre` (
  `id_universe_genre` smallint UNSIGNED NOT NULL,
  `genre` varchar(50) NOT NULL
) ENGINE=InnoDB DEFAULT CHARSET=utf8mb4 COLLATE=utf8mb4_0900_ai_ci;

--
-- Déchargement des données de la table `universe_genre`
--

INSERT INTO `universe_genre` (`id_universe_genre`, `genre`) VALUES
(1, 'Medieval Fantasy'),
(2, 'Post-Apocalyptique'),
(3, 'Horreur'),
(4, 'Western'),
(5, 'Science-Fiction'),
(6, 'Space Opera'),
(7, 'Steampunk'),
(8, 'Historique'),
(9, 'Mythologique'),
(10, 'Humoristique'),
(11, 'Cyberpunk'),
(12, 'Historique/Fantastique'),
(13, 'Gothique/punk'),
(14, 'Pirate'),
(15, 'Action'),
(16, 'Absurde'),
(17, 'Historico-fantastique');

-- --------------------------------------------------------

--
-- Structure de la table `users`
--

CREATE TABLE `users` (
  `id_user` smallint UNSIGNED NOT NULL,
  `username` varchar(30) NOT NULL,
  `email` varchar(50) NOT NULL,
  `password` varchar(255) NOT NULL,
  `avatar` varchar(100) CHARACTER SET utf8mb4 COLLATE utf8mb4_0900_ai_ci DEFAULT 'https://robohash.org/eaquesitveritatis.png?size=50x50&set=set1',
  `admin` tinyint(1) DEFAULT NULL,
  `id_role_type` smallint UNSIGNED NOT NULL,
  `id_place` smallint UNSIGNED NOT NULL,
  `bio` varchar(255) DEFAULT NULL
) ENGINE=InnoDB DEFAULT CHARSET=utf8mb4 COLLATE=utf8mb4_0900_ai_ci;

--
-- Déchargement des données de la table `users`
--

INSERT INTO `users` (`id_user`, `username`, `email`, `password`, `avatar`, `admin`, `id_role_type`, `id_place`, `bio`) VALUES
(1, 'SeonPrim', 'mpynner0@bloomberg.com', '$2a$04$Hk2nRYpGywkDgX0K50rjv.TIFsu2kEIevmhDalBX.XGamlrMYUq6G', 'avatar-seon.svg', 1, 2, 1, NULL),
(2, 'Sunshine', 'slummus1@mtv.com', '$2a$04$Q.x05A.lYEKvimLNNze/lu45GPwTdXEZU2UO0mawvI1t3M8MzyGOa', 'https://robohash.org/aliassuntdignissimos.png?size=50x50&set=set1', 0, 2, 38, NULL),
(3, 'Kalinda', 'kbowery2@pcworld.com', '$2a$04$ugqM2.00w1Ng1XCl.j2KH.f1dJVfdfCyvR5MZUYt8ikQ6G1Ysda82', 'https://robohash.org/aspernaturvoluptatemlabore.png?size=50x50&set=set1', 0, 3, 177, NULL),
(4, 'Zenia', 'zmcdermottrow3@arizona.edu', '$2a$04$b2r.wDaOsG9tP2XpU.gr6.5uvxzFp2B/mtycMpvyBSthhZhq3xjUK', 'https://robohash.org/suntadipisciest.png?size=50x50&set=set1', 0, 1, 172, NULL),
(5, 'Merlina', 'mveljes4@godaddy.com', '$2a$04$T/hCNagoiaAznS1cRzT2VOHe9p3OQuXtgRYvGBVAvUpsgsoJLCOW.', 'https://robohash.org/illumquiadoloribus.png?size=50x50&set=set1', 0, 5, 12, NULL),
(6, 'Frannie', 'fgoldin5@dropbox.com', '$2a$04$VaLPMOIVQsjA8d/SVxLcw.W4RSvXIw5xd90XAc/1YbjtWo9bIf92W', 'https://robohash.org/fugiateumquis.png?size=50x50&set=set1', 0, 3, 30, NULL),
(7, 'Bob', 'bhuguenet6@yolasite.com', '$2a$04$ktNncfH5NAiBs2TUQmg98OTUx5a.h6EqeyZxh1n255GgK6p27Y/B6', 'https://robohash.org/eaquesitveritatis.png?size=50x50&set=set1', 0, 4, 139, NULL),
(8, 'Charlie', 'charthorne@netscape.com', '$2y$10$jtKO97ULhlIWEZmokR4oJOfb9hUvyiU9XcDuCw9qbm12KKfmSN9qK', 'https://robohash.org/Charlie\n\n', 0, 3, 46, NULL),
(9, 'Donal', 'damanger8@vkontakte.ru', '$2a$04$pm8lfSaxFh5YW85E54uWtOmK2mKorXuTWnZ6WoORhpUrgJBq/achW', 'https://robohash.org/impeditrerumcupiditate.png?size=50x50&set=set1', 0, 3, 47, NULL),
(10, 'Vinnie', 'vedwardson9@360.cn', '$2a$04$J8Ft7Qta8rJIeVOLk4Oj2uBLz.vIu.GElOdT.1dqzh9/YD49F4yMW', 'https://robohash.org/praesentiumeumvelit.png?size=50x50&set=set1', 0, 2, 110, NULL),
(11, 'Barnie', 'bmccarneya@dailymail.co.uk', '$2a$04$Te5ZJYSaasJjq0x7jZiBKO3GP4/6.FOXbfT/Si3DQ5gSDbIM.S60u', 'https://robohash.org/aperiametdelectus.png?size=50x50&set=set1', 0, 2, 124, NULL),
(12, 'Yurik', 'ydumphriesb@surveymonkey.com', '$2a$04$.3G23WPSe5Du8haNhZGyQOXaKHkMutp2LcN83/VF8wfXCiiwpI99O', 'https://robohash.org/remrationerepellat.png?size=50x50&set=set1', 0, 4, 14, NULL),
(13, 'Charyl', 'chunnawillc@imgur.com', '$2a$04$ULqnrY42CSRRD2nOyWbvY.yRhLUooruwTa7GUDDAtP2qhrpNo0BP2', 'https://robohash.org/cumquesuscipitquasi.png?size=50x50&set=set1', 0, 1, 172, NULL),
(14, 'Winny', 'wclimod@goodreads.com', '$2a$04$bF2dgFd0clCcvZ3RngQkOOeRJKD.zj3I5Nj3fDJS7fpPd91b783RK', 'https://robohash.org/aliasconsequunturnesciunt.png?size=50x50&set=set1', 0, 1, 138, NULL),
(15, 'Shannon', 'sblowne@amazonaws.com', '$2a$04$ndkn41x6EuHLZuw0IPtnvO.SD9qWfaQC0a.rW/wQK34VX2Hv0l/Bi', 'https://robohash.org/voluptasutet.png?size=50x50&set=set1', 0, 2, 85, NULL),
(16, 'Carolina', 'cforsterf@liveinternet.ru', '$2a$04$y8OOGWOTz8wnMtnBcvh6xuzGTn7wIhjD9kZRgrSA/OyKP.tE4WIFC', 'https://robohash.org/asperiorespossimusperferendis.png?size=50x50&set=set1', 0, 3, 53, NULL),
(17, 'Steward', 'sscraneyg@theglobeandmail.com', '$2a$04$HoLg33o5OqYhLdjPp18JFu1eQiVKJV7pcnGfhG05Gilap.OqunEIq', 'https://robohash.org/praesentiumsintconsequatur.png?size=50x50&set=set1', 0, 4, 103, NULL),
(18, 'Gabie', 'ggollinh@illinois.edu', '$2a$04$xsCqHq4ZG/0lqzgCZdPWweL9FFh3pkAMpg.pdsgMsg5EMAkd5KwlC', 'https://robohash.org/iureundeeos.png?size=50x50&set=set1', 0, 4, 130, NULL),
(19, 'Aime', 'apaddemorei@altervista.org', '$2a$04$8140RlOBAEaOf8ALtVw2OeEHHRwIJYqBRhB.asIZIhqjnPLBJIkli', 'https://robohash.org/utducimuspariatur.png?size=50x50&set=set1', 0, 5, 139, NULL),
(20, 'Purcell', 'ptriggelj@bigcartel.com', '$2a$04$pwxQ5Ooe.5/gQJga829CFuM8/HWIuAaUNhAhd97RjvdXzxWjfutYi', 'https://robohash.org/laborummaximesapiente.png?size=50x50&set=set1', 0, 5, 79, NULL),
(21, 'Corby', 'cbotfieldk@wikimedia.org', '$2a$04$LNW1dpx6V2WAQe7W9sYYpe9T1eT1JFadg.Zb1Vi7RST15dWVmTsl.', 'https://robohash.org/utsaepeplaceat.png?size=50x50&set=set1', 0, 1, 166, NULL),
(22, 'Whitney', 'wgraddelll@ft.com', '$2a$04$XXP9t/AGr0KW.u8Aj/s.GuVLqOyvKzKn9kD1g1j6o4I4TTyo6.zwO', 'https://robohash.org/idrecusandaeut.png?size=50x50&set=set1', 0, 2, 175, NULL),
(23, 'Lorrayne', 'liuoriom@pinterest.com', '$2a$04$5Tz.ZmBE1Uu.StDoHTdfweFrFdxmIR6YtDi.OV3Sx9U1DmUqw5amu', 'https://robohash.org/occaecatiadipiscireiciendis.png?size=50x50&set=set1', 0, 4, 50, NULL),
(24, 'Garrard', 'gpirreyn@shinystat.com', '$2a$04$/.AzCIhjCOH06LNqDGLFVumfjTtJ0PynbtCYtuFprW9Y3hivCcr7W', 'https://robohash.org/fugitetblanditiis.png?size=50x50&set=set1', 0, 5, 43, NULL),
(25, 'Oona', 'onecoldso@globo.com', '$2a$04$c4DdYjGcnbRtVm4Amnmkze6..1EBOX.dL0lkwEA/Vme3PTcJ88E8S', 'https://robohash.org/numquamlaudantiumbeatae.png?size=50x50&set=set1', 0, 1, 7, NULL),
(26, 'Gaylene', 'gostp@utexas.edu', '$2a$04$cjzY/VBtcAYix1Hhg0zQb.Cxk2Dlq7RhzLWnuF0bXHQqDRGyQpK3a', 'https://robohash.org/nobistemporaet.png?size=50x50&set=set1', 0, 5, 1, NULL),
(27, 'Bengt', 'bbardillq@biglobe.ne.jp', '$2a$04$nwgD4sISZcIapWKvNMcDtu1ZMaIbkgV524y.iaB.PVlAcCbDj9U0e', 'https://robohash.org/laborenonquis.png?size=50x50&set=set1', 0, 1, 140, NULL),
(28, 'Layne', 'lcrittalr@europa.eu', '$2a$04$AC5xQmVJuYQ2PPTV/6uhaub3MVUeyybY.Tu0KP/BDJ/d64kLKz.rm', 'https://robohash.org/nobisquamminima.png?size=50x50&set=set1', 0, 1, 83, NULL),
(29, 'Maud', 'memmas@webmd.com', '$2a$04$HA7MfiCxk6eN2ZHxx8SpZuWJOKF56buSVWJaxgZNHlp0ZbU9IGs5u', 'https://robohash.org/nostrumvoluptatemin.png?size=50x50&set=set1', 0, 5, 171, NULL),
(30, 'Vincent', 'vgandyt@qq.com', '$2a$04$4Ab7ykKfWoG0iwsUcpuEDei6DyjaP.hrAS5GAtGKp7ZhyQQDfmagW', 'https://robohash.org/molestiaeetperspiciatis.png?size=50x50&set=set1', 0, 4, 191, NULL),
(31, 'Pincus', 'pwhiteselu@shinystat.com', '$2a$04$7wAfJaolw28fOdBb1LAE9uWdiz.Zit6zpOfE5j.NUL0zMr.rCUZpG', 'https://robohash.org/nobissimiliquequis.png?size=50x50&set=set1', 0, 4, 81, NULL),
(32, 'Annalee', 'aboothjarvisv@tripod.com', '$2a$04$ZfeobQYQbDDd1nheE.tzyONXQhAvDrCL9cHvwoy5DMqxBKtVSGwMC', 'https://robohash.org/corporisaccusamusqui.png?size=50x50&set=set1', 0, 3, 141, NULL),
(33, 'Neddy', 'nbealsw@ftc.gov', '$2a$04$jh.PsJbHpy9mXKvqQjzJduR8vK2zAwME33RyDBVzHvN8qePLxuI.y', 'https://robohash.org/similiquepraesentiuma.png?size=50x50&set=set1', 0, 1, 102, NULL),
(34, 'Marta', 'mcarmox@gmpg.org', '$2a$04$us6I4PlxysQzze89RkcjEuoCE63AXEYoKwKoBbCZDn5IxrJYQaCNC', 'https://robohash.org/asperioresplaceataperiam.png?size=50x50&set=set1', 0, 4, 38, NULL),
(35, 'Clem', 'csetterthwaity@usa.gov', '$2a$04$wzi0xqjVxDJjOP7NwkhZ7Oo1IH5ouDjh2jgG2.CLjmg7iwKnKYPZ6', 'https://robohash.org/aperiamnatuset.png?size=50x50&set=set1', 0, 1, 61, NULL),
(36, 'Lauraine', 'lnucciottiz@g.co', '$2a$04$GTFieMA5Nz1txP6SZyu4mO9nJO/N.m4GksrZqmbz9DMcEZwIAg2AW', 'https://robohash.org/delenitiestlaudantium.png?size=50x50&set=set1', 0, 5, 199, NULL),
(37, 'Wildon', 'wvirgin10@themeforest.net', '$2a$04$CNscQDZOswHYonhxNP0kee9sqUXo5G7HLw1jTOahCj2t3QxybiqTS', 'https://robohash.org/quiapraesentiumpariatur.png?size=50x50&set=set1', 0, 5, 190, NULL),
(38, 'Patton', 'pjarrett11@mapy.cz', '$2a$04$kigkXheY8FETGbQJkj0iPuckKmQU74EhkkHYdWsRFje1xWAifJrtK', 'https://robohash.org/consequaturquaearchitecto.png?size=50x50&set=set1', 0, 4, 27, NULL),
(39, 'Morgun', 'mwickerson12@wikimedia.org', '$2a$04$i0n5WywOwtRvG66K.5SNRO4t4dI0a7d/Do7gWWS3YGAtbD8UI0pHG', 'https://robohash.org/recusandaeinaccusamus.png?size=50x50&set=set1', 0, 4, 100, NULL),
(40, 'Ravid', 'rrehn13@histats.com', '$2a$04$GKBaOjlPPSj7vQhObegkAuwBafAvOOPE.xiUgQJ/c5Mj82k7WC/rG', 'https://robohash.org/quisestiusto.png?size=50x50&set=set1', 0, 4, 45, NULL),
(41, 'Bette-ann', 'boluwatoyin14@senate.gov', '$2a$04$Whg7t8YqVXLFowqxa.UFX.SvmcsLwkGcsuWtfnYHzISGuh.fS4Z22', 'https://robohash.org/aututvoluptatem.png?size=50x50&set=set1', 0, 3, 8, NULL),
(42, 'Elane', 'ecash15@multiply.com', '$2a$04$YnxepIbtBJM9YtzHuat.deQRRhuG9m/FrbT3G6fTXMSZP2oD2vZgS', 'https://robohash.org/odioenimsed.png?size=50x50&set=set1', 0, 5, 70, NULL),
(43, 'Carmel', 'cartrick16@geocities.jp', '$2a$04$laSOt6PJvcDJ/fz7ifcjseBiuUheezIlUc6XnUCyQ5u0yZOGCKR.u', 'https://robohash.org/quamutquia.png?size=50x50&set=set1', 0, 4, 89, NULL),
(44, 'Sharia', 'sranking17@vimeo.com', '$2a$04$XhuB6M4TIRcVSfkcgZCChOSHdA4EJlxAn8H9UzmceE0mPEp/w.XOy', 'https://robohash.org/etutrerum.png?size=50x50&set=set1', 0, 4, 25, NULL),
(45, 'Randene', 'rneissen18@guardian.co.uk', '$2a$04$NzvwMUDSyWp9dRBBiLCulejeRg3.Jv0A9VyeZ63vKmrfTpgEIb5rO', 'https://robohash.org/veniamsuntquis.png?size=50x50&set=set1', 0, 2, 93, NULL),
(46, 'Valaria', 'vpyser19@pinterest.com', '$2a$04$Yeuigo03naHR3aFZoe60/OrIazGK/rC24qsVHXe22zkObR5i3At/6', 'https://robohash.org/utrationeanimi.png?size=50x50&set=set1', 0, 5, 30, NULL),
(47, 'Leone', 'lwordsworth1a@google.com', '$2a$04$Bv5lsJj.c3F3DseWmsRFD.DH775FMyXO4fOT0EjXy/PZ.AWyNW65q', 'https://robohash.org/voluptasetmaxime.png?size=50x50&set=set1', 0, 5, 46, NULL),
(48, 'Jimmie', 'jmarjanovic1b@liveinternet.ru', '$2a$04$IfOaQR1hd2583Q86YKPwieAnnOk02Pc/clpDEOAZsf0XagK5GmfhG', 'https://robohash.org/sedmodiillo.png?size=50x50&set=set1', 0, 2, 121, NULL),
(49, 'Rowan', 'ryeskov1c@house.gov', '$2a$04$KeOSDXyh7tUpnfOHxCx6oOFWVbyejqbKHceYNL2rTSOBtTR3SvhA.', 'https://robohash.org/commodiaspernaturtempora.png?size=50x50&set=set1', 0, 2, 148, NULL),
(50, 'Paton', 'pbaraja1d@bizjournals.com', '$2a$04$nLeuoPWuANB0st5oXxRrpu7V7yjoB3dl1u40K4zGnAnDRhTkHlT16', 'https://robohash.org/eumpossimusex.png?size=50x50&set=set1', 0, 5, 156, NULL),
(51, 'Karissa', 'kdashper1e@youku.com', '$2a$04$zWWW7LE.rmDsy6RX3chOMeEGWDppeVioHk39/CKul.ZNfD4Dj4HZa', 'https://robohash.org/ipsamexitaque.png?size=50x50&set=set1', 0, 3, 37, NULL),
(52, 'Grover', 'gcashell1f@cbc.ca', '$2a$04$/yTeXmIEQDPybfWJ5PFWVuxM2YwC/9SUiOx7wFBdTmSy/Mvg9VnYe', 'https://robohash.org/undeanimirepellat.png?size=50x50&set=set1', 0, 3, 38, NULL),
(53, 'Rabbi', 'rhartshorn1g@meetup.com', '$2a$04$U8fHP3Lm85AAqbhJzHRET.G7T99p42GoUATe24r2YHBWP9OvZM616', 'https://robohash.org/liberovoluptasconsequatur.png?size=50x50&set=set1', 0, 5, 43, NULL),
(54, 'Waite', 'wmesnard1h@tuttocitta.it', '$2a$04$aWZFHTKb7UTVKTf/mqaXDOA2JE00cg/bcyP0fqoxYkrRZGviMSAyy', 'https://robohash.org/voluptaseiusautem.png?size=50x50&set=set1', 0, 3, 72, NULL),
(55, 'Moll', 'mkharchinski1i@homestead.com', '$2a$04$TknWipik4GSnOr1ViH7SFOfUebP7T0rzGM.7HtsZnqjhEYT2Oc5Mi', 'https://robohash.org/inestqui.png?size=50x50&set=set1', 0, 5, 37, NULL),
(56, 'Gabriellia', 'gmarkie1j@cnbc.com', '$2a$04$h9Dh3GzHEAzbPPKyuP7Gr.jO6cbtVSw7Z7o1PVIFkQzf/MCjVR8Ua', 'https://robohash.org/minimatemporeest.png?size=50x50&set=set1', 0, 1, 110, NULL),
(57, 'Connie', 'ccaine1k@nymag.com', '$2a$04$Zy6PhxIODQ088Rcq5C5XE.MZxXPCl5kFUp2.7J4lxcVhxeNSgs1SO', 'https://robohash.org/placeatipsumex.png?size=50x50&set=set1', 0, 2, 66, NULL),
(58, 'Mildred', 'mjorez1l@gov.uk', '$2a$04$9NtB.8QYTJS6sKxDIrjpc.uKt.q2A/eKBRulmQJBIBZvDNM7iE596', 'https://robohash.org/velitautet.png?size=50x50&set=set1', 0, 5, 185, NULL),
(59, 'Boris', 'bmonkton1m@fotki.com', '$2a$04$BRVfTQUR3RzWrjmIQjZpRu3kObxw3JoSNLvFQmdRl2u0bx4ziB6za', 'https://robohash.org/culpaeaquo.png?size=50x50&set=set1', 0, 5, 95, NULL),
(60, 'Cleve', 'clongford1n@webmd.com', '$2a$04$RqI.8cXe7HCKtm3t3r4hWO27eqS0MnRNe6D9k3pWi06caNnNGXI5q', 'https://robohash.org/utvelcorrupti.png?size=50x50&set=set1', 0, 2, 41, NULL),
(61, 'Dolly', 'ddaw1o@soup.io', '$2a$04$e68xpNwpdpZ6Uq0f1QOg2uFXr6alGqEy/Rx2DTHy3UybJYl1nnvPC', 'https://robohash.org/liberoremdelectus.png?size=50x50&set=set1', 0, 1, 48, NULL),
(62, 'Gabriello', 'gsurgeoner1p@bloglines.com', '$2a$04$cWscc09sYSzWDdu8rmirSOT4juM8npYmg8uIb/Qe4YAF086f.ZoeO', 'https://robohash.org/quamsitfugit.png?size=50x50&set=set1', 0, 1, 105, NULL),
(63, 'Arney', 'ajunes1q@mit.edu', '$2a$04$uL.mCgR30.X.M8TON79maOczwJ0xkLpGYwrfjkZP9KpX8gVXU08TG', 'https://robohash.org/pariaturconsequaturet.png?size=50x50&set=set1', 0, 4, 166, NULL),
(64, 'Birgitta', 'bhigbin1r@ca.gov', '$2a$04$drFiiCRylbi3S7o4oQNHseX7dP2ANyrFlYqjmchao2zjDWbIaW/BK', 'https://robohash.org/utquisquamvoluptas.png?size=50x50&set=set1', 0, 2, 14, NULL),
(65, 'Louise', 'lhirtzmann1s@yelp.com', '$2a$04$LWqfvNUDE0fE1FMbtQytmez4UYvU9nH2yQcBNemVzcHPMzVvAUNne', 'https://robohash.org/quostemporibussuscipit.png?size=50x50&set=set1', 0, 5, 37, NULL),
(66, 'Standford', 'schastand1t@scientificamerican.com', '$2a$04$HCMMe5k0RkweLX5YsXhoEu18EpPXxRu.oAKjuLC8eDKSGRlimsLOq', 'https://robohash.org/voluptatemsitfuga.png?size=50x50&set=set1', 0, 2, 128, NULL),
(67, 'Mella', 'mburberow1u@google.ru', '$2a$04$5WjdptTfm.G.eLz9QonnLuVFLrNRBnTNLcc97mhGtW/ONCEMIQFKG', 'https://robohash.org/suntquiaquibusdam.png?size=50x50&set=set1', 0, 2, 192, NULL),
(68, 'Anthe', 'agodbald1v@hhs.gov', '$2a$04$2zEsHvON6uRoxNpwqRk4lOkEKw1OFOPy6H/NngMBqUkhNhuczfloO', 'https://robohash.org/consequaturvoluptatumdolores.png?size=50x50&set=set1', 0, 3, 32, NULL),
(69, 'Hinze', 'hwhettleton1w@phoca.cz', '$2a$04$li/3MoGkTFadoAO5zNBrTO8Jq43OFroACABKBoGtQ0BrZyUO5EoRa', 'https://robohash.org/eaindistinctio.png?size=50x50&set=set1', 0, 4, 163, NULL),
(70, 'Stesha', 'sgodden1x@free.fr', '$2a$04$0/SQ7anTaNWttTwLfXL97e6STaHziq9pSjolkMfYLOn1q9oalD9Vq', 'https://robohash.org/quifugitnihil.png?size=50x50&set=set1', 0, 4, 5, NULL),
(71, 'Bar', 'bkensy1y@usa.gov', '$2a$04$p1obAa1fZuWXe59OIyOZvuH6BuNcqBAET4l1n1iG8tjZZmkr8eA0C', 'https://robohash.org/commodialiquidfuga.png?size=50x50&set=set1', 0, 3, 107, NULL),
(72, 'Kristien', 'kloyd1z@dropbox.com', '$2a$04$AXiczfNiQjrbArPzAuI3QOSJ2Eci8bl921joAA1f7hBK2ygueMW8m', 'https://robohash.org/quiavoluptasmaiores.png?size=50x50&set=set1', 0, 1, 90, NULL),
(73, 'Shawn', 'sgage20@pen.io', '$2a$04$jlgs75xBivfC6dmms9QxU.VTSmX.gEv2oU3fevudi9Suu7ZuUPyUy', 'https://robohash.org/quascorporiscorrupti.png?size=50x50&set=set1', 0, 1, 110, NULL),
(74, 'Denney', 'dmactrustam21@umich.edu', '$2a$04$VlXgRTSaV0Ai/t95vxaBe.3oPGi0A22gL64mcdr2OkCQTN7GwyaWm', 'https://robohash.org/numquamsimiliquequaerat.png?size=50x50&set=set1', 0, 1, 39, NULL),
(75, 'Jocelin', 'jshoreson22@scientificamerican.com', '$2a$04$rzrOaJcgmqrQqowKuRkP.uJKtwUnc..Ruf9niaJui.XIyU6AC8k5O', 'https://robohash.org/oditmodieius.png?size=50x50&set=set1', 0, 4, 111, NULL),
(76, 'Gretna', 'gjobern23@about.com', '$2a$04$GwLPU4de0STIUH0ob1CYueY97OrPCi7axIbFxSVv/0L2yAElFJcKK', 'https://robohash.org/quasvoluptatemnesciunt.png?size=50x50&set=set1', 0, 4, 15, NULL),
(77, 'Juliette', 'jtroy24@ed.gov', '$2a$04$8Pp5I0IVVQGp/e/HNTgNeO.6U8ZytYV/rGJ6AAd8Xk0fnFYhr3oSa', 'https://robohash.org/voluptatemipsamnon.png?size=50x50&set=set1', 0, 3, 12, NULL),
(78, 'Olag', 'obanishevitz25@stumbleupon.com', '$2a$04$l.fA2EC95YR..MDLR1cuC.d2pf84JTXnFn8QXuZjhpSsL9CoVQMzu', 'https://robohash.org/sedquiasuscipit.png?size=50x50&set=set1', 0, 3, 69, NULL),
(79, 'Bettine', 'bgully26@about.com', '$2a$04$9GbFduxGbrFsKnLFbAD9uOYLza6Iu.L8ttlUjX1GA5T6BfqiHTEry', 'https://robohash.org/magnitemporamolestiae.png?size=50x50&set=set1', 0, 2, 49, NULL),
(80, 'Reinaldos', 'rcoleford27@quantcast.com', '$2a$04$Ov0s8HIKeSY/i.wimWYJpeo3sHaG9yH59RBu6p0ZJ79he86t1rO1e', 'https://robohash.org/omnisvoluptatesadipisci.png?size=50x50&set=set1', 0, 1, 32, NULL),
(81, 'Madalena', 'mchurchley28@linkedin.com', '$2a$04$T9HyA99/qFd5bQFrDvh/6uK6Q3XqJ6ZBFT98l0zf/6XniVCQ49g6.', 'https://robohash.org/quaenecessitatibusnatus.png?size=50x50&set=set1', 0, 2, 144, NULL),
(82, 'Gertrude', 'gjennick29@over-blog.com', '$2a$04$K8.YZdDb0R19Xrvi7678peAGpXNzgAMDV/j3ZzoIs5DsZl2yPU0ZK', 'https://robohash.org/dolorperferendisnon.png?size=50x50&set=set1', 0, 4, 15, NULL),
(83, 'Ash', 'anannetti2a@who.int', '$2a$04$KR3kcCHzDOfDBAq8Qdskwu3/FqE665EuPESEPBaqeAUVrKhLP1F1q', 'https://robohash.org/autmaximesapiente.png?size=50x50&set=set1', 0, 2, 16, NULL),
(84, 'Roda', 'rcrust2b@hatena.ne.jp', '$2a$04$247BXrEFjLbXhZt.V/sSW.WXkqtFSvNoT.MRhoSVsDoGWM5Df50UO', 'https://robohash.org/delectusfacilisinventore.png?size=50x50&set=set1', 0, 2, 127, NULL),
(85, 'Jerrine', 'jnewarte2c@about.com', '$2a$04$idZXn4VxzGJodfCPALU/EuqyJsWkmPNQl9gwNo9nCPBfeW4OgP5o2', 'https://robohash.org/magnametducimus.png?size=50x50&set=set1', 0, 3, 188, NULL),
(86, 'Crista', 'cchattell2d@jimdo.com', '$2a$04$iUxxvFvQlMG3c73K/IzqLeoBSTwXZBBT13wWe.QvGJEfFpl4pLij2', 'https://robohash.org/illumexvoluptatem.png?size=50x50&set=set1', 0, 3, 161, NULL),
(87, 'Corella', 'celwood2e@princeton.edu', '$2a$04$dNOGMX.eSrATVi.TB23FCey.WxH44APGOe.41/nqxx/.CHom4tn8.', 'https://robohash.org/aquaeratfacere.png?size=50x50&set=set1', 0, 3, 122, NULL),
(88, 'Clarabelle', 'cbiaggioli2f@goodreads.com', '$2a$04$FvxSA/9v5ytC/RoU5b57vOFMmq6IKbccVSCuBt2R3g1yv1fZSNnt2', 'https://robohash.org/repellendusaperiamvoluptatem.png?size=50x50&set=set1', 0, 5, 91, NULL),
(89, 'Magdalene', 'mharrow2g@yale.edu', '$2a$04$9nI6yG1pp.9QVs/05lbEfOY8LkBHFV5arKKnvo1tL6YuAmiSCOx8.', 'https://robohash.org/dolornostrumqui.png?size=50x50&set=set1', 0, 1, 103, NULL),
(90, 'Gaby', 'gbartkowiak2h@ustream.tv', '$2a$04$rYHxrmnspUINNCSnTAqzf.Dg6qxUKEs6yKU45njle8W2FI.ab.Hbu', 'https://robohash.org/suntquidistinctio.png?size=50x50&set=set1', 0, 1, 53, NULL),
(91, 'Chaunce', 'cbremmell2i@rakuten.co.jp', '$2a$04$MLVYZchjvH9frXVr/FXv8eflLXL8LhjJpRTy1Ax2rwVPXJGVeovlu', 'https://robohash.org/totamquiconsequuntur.png?size=50x50&set=set1', 0, 3, 101, NULL),
(92, 'Munroe', 'mcharlin2j@free.fr', '$2a$04$xDZPX4F2fVxQozL4FEv7reVzgN.z9Uw1gZKi9o.puhw9C0.ZyDW0G', 'https://robohash.org/aperiamaccusamusmagnam.png?size=50x50&set=set1', 0, 4, 198, NULL),
(93, 'Salli', 'sdevinn2k@tinyurl.com', '$2a$04$yHRjRpar6QNpNkF9cbuyp.FDxB9v./uOVekbL1Cc6eDfnm.kEVmmi', 'https://robohash.org/eosnullasint.png?size=50x50&set=set1', 0, 5, 23, NULL),
(94, 'Izaak', 'imacdougall2l@jugem.jp', '$2a$04$R0q7H5cEpnrHtLSSGOiYieXN6sSG4A801eSxpi.Vyr/ro3mJUjC8u', 'https://robohash.org/namsitut.png?size=50x50&set=set1', 0, 2, 16, NULL),
(95, 'Sutton', 'slintin2m@washingtonpost.com', '$2a$04$.CETbD0ghwIijOShu6brLO48Fpej33hAEQDJ5hQcnIq2S0I4ao/mO', 'https://robohash.org/temporenihilsint.png?size=50x50&set=set1', 0, 5, 27, NULL),
(96, 'Darrell', 'dbartelsellis2n@aol.com', '$2a$04$SXQE2mvcrgh08ejmn2ZGAuMTnKYOD7VMna7FbGsdqQV5zZlRsa3OG', 'https://robohash.org/molestiasnobisquis.png?size=50x50&set=set1', 0, 5, 63, NULL),
(97, 'Jolynn', 'jbernhardt2o@hatena.ne.jp', '$2a$04$fqbnp.c3UVMr9.WNkIV6Zegl8SkuIeoUfEBCYhOvEq99c2udW3UtC', 'https://robohash.org/autfaceremagni.png?size=50x50&set=set1', 0, 3, 188, NULL),
(98, 'Ike', 'iwrack2p@addtoany.com', '$2a$04$RisDL465f3pEH/wcezar2unpUKeaISPvJ9YaE4U3F4daC9zrvJPmC', 'https://robohash.org/auteumcumque.png?size=50x50&set=set1', 0, 4, 26, NULL),
(99, 'Nerita', 'nblamires2q@ow.ly', '$2a$04$p3kDJATfZrg4S3b0pZAbwezYU.Q3HpcIC7oYgObyRzx9lSveUqm1a', 'https://robohash.org/cupiditatesuntneque.png?size=50x50&set=set1', 0, 4, 4, NULL),
(100, 'Iorgos', 'icaccavari2r@wufoo.com', '$2a$04$lGBSX9fTj4VGtbwONejENuiKI.ExE7G0drsWsiBMhrwYMR3DRvTNm', 'https://robohash.org/autconsequatursaepe.png?size=50x50&set=set1', 0, 3, 70, NULL),
(101, 'Dorothea', 'dclines2s@edublogs.org', '$2a$04$Rf/dahFfEXBJAnm8t79fheDPSkcMjoHmgHnjqXpyn7pqYqyFhH3ga', 'https://robohash.org/voluptateminciduntcommodi.png?size=50x50&set=set1', 0, 2, 183, NULL),
(102, 'Halley', 'hdrohun2t@clickbank.net', '$2a$04$rV/cOpG9yWYK07FDywZDBO.wOfqXQ9KpY2jRDG5fIjO//vQAarAua', 'https://robohash.org/estullamnostrum.png?size=50x50&set=set1', 0, 2, 37, NULL),
(103, 'Brandice', 'bullyatt2u@squidoo.com', '$2a$04$RZ6/QuyCKG98Qeca1kr2qOzla7hbvpNxhEDbSILs2Hlio1PgYbm2.', 'https://robohash.org/teneturutimpedit.png?size=50x50&set=set1', 0, 4, 61, NULL),
(104, 'Haleigh', 'hshardlow2v@google.it', '$2a$04$8IWDJPSv7CBxrhNFg5hH7.ccHavJEQLKGlyO.oJqf3HNcHKLWI7eC', 'https://robohash.org/utlaudantiumillum.png?size=50x50&set=set1', 0, 5, 120, NULL),
(105, 'Tildi', 'tciardo2w@aboutads.info', '$2a$04$MBblGoU548gQYiOLjmJiwutL0.9GklnRPPYIrR4J4HAZt6yW6eKK6', 'https://robohash.org/utmagnirecusandae.png?size=50x50&set=set1', 0, 1, 159, NULL),
(106, 'Wallas', 'wskene2x@apple.com', '$2a$04$bFCuV0g6y2eGp2iEopTvzumzhVObYInZy37gAYzhVIZ8wAhyB8Mlq', 'https://robohash.org/accusamusfugaincidunt.png?size=50x50&set=set1', 0, 1, 90, NULL),
(107, 'Sauncho', 'sinkster2y@dell.com', '$2a$04$d1.6XCzxyc.0eUoQs0Chiu6US42AsdZ.EMdMaQiha2oLKjcwd5wHO', 'https://robohash.org/eumadaut.png?size=50x50&set=set1', 0, 4, 114, NULL),
(108, 'Cynthea', 'cbentame2z@blogger.com', '$2a$04$aPNWpnZG00cdO3HKUJmzP.I8cz/a526S0Fwcz30/vINIvK6ECHZqi', 'https://robohash.org/harumvoluptatesducimus.png?size=50x50&set=set1', 0, 2, 197, NULL),
(109, 'Gwenneth', 'gcorrado30@amazon.de', '$2a$04$10qvRLP5aTLS4x2bgo1boehQTD6KQ4ZkLrqURAh5QJxnTtNeGEtI2', 'https://robohash.org/omnisnecessitatibusdolores.png?size=50x50&set=set1', 0, 2, 94, NULL),
(110, 'Petronille', 'pscrase31@wikimedia.org', '$2a$04$JRFdQcKtiBOhAd.yVsfx4esPl7pTyv3.EHo.xsGVt.RDRxOpUftR.', 'https://robohash.org/veleaqueet.png?size=50x50&set=set1', 0, 2, 130, NULL),
(111, 'Nollie', 'nbroxup32@telegraph.co.uk', '$2a$04$LQfqj48dAQYGEblQw9MJrOJFNMwtGMvhVCHyr3jEqA4uNpbGhlEl.', 'https://robohash.org/autmollitiacumque.png?size=50x50&set=set1', 0, 2, 90, NULL),
(112, 'Glynis', 'gantonijevic33@t-online.de', '$2a$04$c0t79jeSRM0BiT53fq4ZIu9CqgQUVdC3FhxMlOl.Hd2kc0Rr/kixW', 'https://robohash.org/enimnullatempore.png?size=50x50&set=set1', 0, 5, 156, NULL),
(113, 'Avrom', 'anewiss34@nydailynews.com', '$2a$04$65xta8tYRmsjXTiVeLnvAOULYEHG6NovN4d/CL2vNoTFCRRsUB5ge', 'https://robohash.org/utminimaratione.png?size=50x50&set=set1', 0, 5, 35, NULL),
(114, 'Sancho', 'sbalfre35@msn.com', '$2a$04$Pj1SwAzIQgHKR7gl4/BFH.Z2Bz4DXDLa3qqBb//E0erQQtHJWnT7W', 'https://robohash.org/rationedoloribusqui.png?size=50x50&set=set1', 0, 5, 31, NULL),
(115, 'Leontyne', 'lgauler36@twitter.com', '$2a$04$4zIMJyoTiCMoPQPnNoXtAOy061oKIdCzfJMy58hbqOwk..yrhzj9C', 'https://robohash.org/quiaestaliquam.png?size=50x50&set=set1', 0, 5, 9, NULL),
(116, 'Tyrus', 'tcarlan37@java.com', '$2a$04$9jDfkyVMir3sQ/OsoN37fu4MkN7Rug6Y4efKPYNJ4k3hFMd5Hx.iW', 'https://robohash.org/ipsumvelminus.png?size=50x50&set=set1', 0, 1, 168, NULL),
(117, 'Cathee', 'cwherrit38@hexun.com', '$2a$04$B1k7sDRhOeVLwddrWEx.POp7yKKD3PRx5ZGq9EOgworPeh0fbGESe', 'https://robohash.org/utdoloremdeleniti.png?size=50x50&set=set1', 0, 4, 25, NULL),
(118, 'Camey', 'cmartinie39@rediff.com', '$2a$04$XHW7B2Up4X9i6mOKTLOO2.AIQI0SB4OKBbXLpYI5R0KOLnKSZtB9O', 'https://robohash.org/eaquevitaeveniam.png?size=50x50&set=set1', 0, 2, 47, NULL),
(119, 'Carter', 'cgwatkin3a@meetup.com', '$2a$04$4476AvAPko1LVNagWRWVKeJarvtBiSm8iS6gXk0b6hOuyRf7QnkCa', 'https://robohash.org/teneturdebitisnisi.png?size=50x50&set=set1', 0, 5, 155, NULL),
(120, 'Meyer', 'mcadore3b@virginia.edu', '$2a$04$SR750RV7Wi6J96FEmLzXyeaRyNalCcStRdvV26Z6lW1fsETi3Rvl2', 'https://robohash.org/expeditasolutadelectus.png?size=50x50&set=set1', 0, 3, 159, NULL),
(121, 'Christoper', 'cbridewell3c@prweb.com', '$2a$04$gAImCC3OdrBiwm..xjCtCOH64Jz.V3owwQOg6UdSRFxiW3VfpXUKG', 'https://robohash.org/accusantiumdistinctioarchitecto.png?size=50x50&set=set1', 0, 1, 137, NULL),
(122, 'Jonis', 'jfranz3d@furl.net', '$2a$04$s.a/H7Ewz804o9xDLuDAuuU8k1DWOpClL4W24xVbA13YE2n.t89CO', 'https://robohash.org/quaeratutdebitis.png?size=50x50&set=set1', 0, 1, 86, NULL),
(123, 'Paula', 'paubrey3e@imgur.com', '$2a$04$kx3GrD880kNJgfBgcSb/F.6S9ws6SgmHuhUkCBXKUSeZ3TRg3vlIK', 'https://robohash.org/mollitiasedsequi.png?size=50x50&set=set1', 0, 4, 70, NULL),
(124, 'Ebenezer', 'ebarkway3f@europa.eu', '$2a$04$L6eM8sZH82KZwaiHEimL6.Lm6AoBeWOAsWIJVLlhOoPovNxnGVPp2', 'https://robohash.org/quisquamdoloremiusto.png?size=50x50&set=set1', 0, 2, 77, NULL),
(125, 'Elisabetta', 'ecollumbine3g@google.fr', '$2a$04$q1pNM98EYw1sdNouN0nLXOPngerWuYLafsG/6tsW1H0p1SqHKGNAu', 'https://robohash.org/laboriosamearumlaborum.png?size=50x50&set=set1', 0, 3, 84, NULL),
(126, 'Ian', 'ilefrank3h@netvibes.com', '$2a$04$h7Xmu8eKeASW/QxbdU5CfucMIP4.WOEGDG2rc80.bPzX0qMfguv5.', 'https://robohash.org/optioquiquo.png?size=50x50&set=set1', 0, 3, 131, NULL),
(127, 'Claudian', 'crhubottom3i@alibaba.com', '$2a$04$YyFBS8lr.7XUQZy.CUbld.hBeufa1A5oj5vg1pqD.bis3lUEG2Oji', 'https://robohash.org/velitutrepellendus.png?size=50x50&set=set1', 0, 3, 83, NULL),
(128, 'Brittani', 'bhebden3j@eventbrite.com', '$2a$04$AMgd2fbwIoQJ/nEc0.X1Ve8dNV3XbIrVFuqix/r26xvuDrlipvZM2', 'https://robohash.org/eaquelaboriosamomnis.png?size=50x50&set=set1', 0, 2, 128, NULL),
(129, 'Sybila', 'sjanway3k@toplist.cz', '$2a$04$4.xda5QYv6DWmbcPwPZGlekJqJUDETe2aeMwQftSSPdmrIzQYrE8q', 'https://robohash.org/etnisisint.png?size=50x50&set=set1', 0, 2, 109, NULL),
(130, 'Bess', 'bmacilhagga3l@reference.com', '$2a$04$joh/C8OIpMUncok3fCy6h.PSJRQ2SzKCHWAGoCT5HuKB/1kKMiVFG', 'https://robohash.org/estillomagni.png?size=50x50&set=set1', 0, 5, 190, NULL),
(131, 'Kerri', 'kharkins3m@japanpost.jp', '$2a$04$ZIkwWc8jfhGHxMKZKA8CXexpGQNK13.yt/dLUW/FfNEgm.MLdAuUa', 'https://robohash.org/temporelaboreblanditiis.png?size=50x50&set=set1', 0, 5, 95, NULL),
(132, 'Silvio', 'swoodard3n@unblog.fr', '$2a$04$8YYGLUeAyIIB2ZU3SMln1.xoQOZcGZonw1j7cIjkJm/eCF4YIUq5u', 'https://robohash.org/explicaborerumeaque.png?size=50x50&set=set1', 0, 2, 113, NULL),
(133, 'Marillin', 'mseatter3o@apple.com', '$2a$04$hf/S4s3zD8skLWnlUJ/gYOl2g.jtYor8SgfgWBbts11p2ApVxjtFe', 'https://robohash.org/voluptatemsuscipitsit.png?size=50x50&set=set1', 0, 5, 75, NULL),
(134, 'Jeanne', 'jkilloran3p@fema.gov', '$2a$04$kEpxwRLsI9288Z281eWzK.CWqoJMbmNW2/R/8LxZDXuSi/hDvmd8.', 'https://robohash.org/inquipariatur.png?size=50x50&set=set1', 0, 4, 14, NULL),
(135, 'Tallie', 'tmatussevich3q@buzzfeed.com', '$2a$04$ZG5xI1DzL/Trp1GdPY6V3OamfZ4vLtuRRXVoQGU.rGnkEMQac3ZrC', 'https://robohash.org/etiustoconsequuntur.png?size=50x50&set=set1', 0, 1, 69, NULL),
(136, 'Della', 'dshilstone3r@unicef.org', '$2a$04$KrING26o0D2vvhuCMPYKouPgOtu5MWe1Aqx8J6FD907dmXF8VFjwG', 'https://robohash.org/veroquiadolore.png?size=50x50&set=set1', 0, 4, 97, NULL),
(137, 'Loydie', 'lbarthrup3s@php.net', '$2a$04$jnfNq0VS6YCQ..dN/yyzUuRKBpa5W8GW7HofTs/ua/0.QHuQ6OtMO', 'https://robohash.org/expeditaadipiscinam.png?size=50x50&set=set1', 0, 2, 198, NULL),
(138, 'Kakalina', 'kashbee3t@hubpages.com', '$2a$04$Alei3uKEtpxWc3kjp6c0gedfq2ppAG5cxjMV/loCsO8Fkaa.MVHFe', 'https://robohash.org/suscipitrematque.png?size=50x50&set=set1', 0, 3, 196, NULL),
(139, 'Ursala', 'umatyas3u@privacy.gov.au', '$2a$04$18wNR6ib9LcOCwTCbPYSdeNgj0PebsABMuIks.JwfvOsw25U6Y7HK', 'https://robohash.org/assumendafacilislabore.png?size=50x50&set=set1', 0, 1, 169, NULL),
(140, 'Burt', 'bjadczak3v@mediafire.com', '$2a$04$dNE0OvHTHy7Nokj3WFq59u9XMgfLhD.RD1EDnQVST3Nhezaqc5cKe', 'https://robohash.org/estnequeipsa.png?size=50x50&set=set1', 0, 1, 174, NULL),
(141, 'Demetre', 'dconers3w@about.me', '$2a$04$54crczNQRzmvZ0yIoo9SzesVwmtvVj1uLxdbhqqw/B0OvHn7JWVEy', 'https://robohash.org/perferendisnumquamvoluptatum.png?size=50x50&set=set1', 0, 4, 31, NULL),
(142, 'Gena', 'gswadlinge3x@xing.com', '$2a$04$e1LLG7cpIKmVP4m4HbLXwero/KYlJz1gWvXT0KHFjv6xYFKegX6KW', 'https://robohash.org/possimusdoloribusmagnam.png?size=50x50&set=set1', 0, 4, 9, NULL),
(143, 'Alard', 'adumbelton3y@miitbeian.gov.cn', '$2a$04$39Nv8ObdU5Q5E7qPayOw2.eHA.2GSpNTBaBAgzds43fFCzLngE84i', 'https://robohash.org/itaquequodquis.png?size=50x50&set=set1', 0, 3, 43, NULL),
(144, 'Traci', 'tgarvill3z@angelfire.com', '$2a$04$PgdAuXjpWx70D.VY5C1ePejy5iBbFlfnW8BP4yJEtLLSf81QfMSnO', 'https://robohash.org/saepeconsequaturdolore.png?size=50x50&set=set1', 0, 3, 112, NULL),
(145, 'Zerk', 'zstille40@weibo.com', '$2a$04$J0ZX6CqSuQoMaa/M6rjuCuKQP32Sor77Q9zpsJlU4JyNb/erP2X9S', 'https://robohash.org/possimusdeseruntconsequatur.png?size=50x50&set=set1', 0, 4, 192, NULL),
(146, 'Leda', 'lkullmann41@zdnet.com', '$2a$04$o5LfdcYrxA477lA/balt4Oh8a1JGae2xiNt6S275KVj7oGGHObcp6', 'https://robohash.org/quinatusratione.png?size=50x50&set=set1', 0, 4, 186, NULL),
(147, 'Cornie', 'cadamiec42@sfgate.com', '$2a$04$2wA5aMbTXKBIm00ewUv8Tu026Is0eLCqiz8j3PyLVFOuZlbYT0./S', 'https://robohash.org/quasinonenim.png?size=50x50&set=set1', 0, 3, 127, NULL),
(148, 'Alayne', 'abjerkan43@topsy.com', '$2a$04$lZsdsw1xE6clYj2APNUJBOIKgB5l5Y9HW59c/9LdlTMUmcrl7PXy6', 'https://robohash.org/quicupiditatenobis.png?size=50x50&set=set1', 0, 1, 94, NULL),
(149, 'Allie', 'astibbs44@slashdot.org', '$2a$04$l5FuZJpnKINKFAPzZTUz3.u3CJG48KuKW52d8Y1YXou2lEVr/aFuy', 'https://robohash.org/isteoccaecatidoloremque.png?size=50x50&set=set1', 0, 3, 125, NULL),
(150, 'Haywood', 'hcastiblanco45@godaddy.com', '$2a$04$kFJK.B9.iQUuU2Roibbj9.sPbu.iVIeNUFdynkek7Pd.mG02t3.Ii', 'https://robohash.org/rerumconsequaturitaque.png?size=50x50&set=set1', 0, 2, 144, NULL),
(151, 'Ynes', 'yseniour46@netscape.com', '$2a$04$qjhd3qJTHpKM/I.VkRqSmOC0VZUYSdTHNF8YogsaiOwzh3ZDIB.zm', 'https://robohash.org/maioresnecessitatibusea.png?size=50x50&set=set1', 0, 2, 153, NULL),
(152, 'Moreen', 'mdakhov47@delicious.com', '$2a$04$owZHXeG3tqhXXBO2OcT.8.kS.58QzHGqgqJ3uhHMo50nPaJMgBra2', 'https://robohash.org/rerumsimiliquesed.png?size=50x50&set=set1', 0, 4, 7, NULL),
(153, 'Crystal', 'cshilito48@oaic.gov.au', '$2a$04$e7xXjIs8YWOo4ZGDs.0lR.O5rQJ1Dx63lD9cPLOWAvIJvr2lTj9DW', 'https://robohash.org/delectusfugitlaudantium.png?size=50x50&set=set1', 0, 4, 53, NULL),
(154, 'Corbet', 'cpendleberry49@utexas.edu', '$2a$04$XsTkplBTuYTBdTMyPUvj0Of76TT9pP8sB2wzjC5Xc/3sAxQ/rPSbG', 'https://robohash.org/doloressuscipitquo.png?size=50x50&set=set1', 0, 3, 113, NULL),
(155, 'Hali', 'hdriutti4a@bravesites.com', '$2a$04$rwf9cX8ZGYoju8.nU/CWBO/rLw7PGABP2CYiIrubxnND7wOS49rhK', 'https://robohash.org/temporautsint.png?size=50x50&set=set1', 0, 3, 46, NULL),
(156, 'Willi', 'wfley4b@tripod.com', '$2a$04$WvXk5XSIzWJKYz4mI9dOK.e46LwUKULxlEnwJDqi3nRzDMCmlWqgu', 'https://robohash.org/estvoluptatemconsectetur.png?size=50x50&set=set1', 0, 1, 138, NULL),
(157, 'Berget', 'bfranckton4c@joomla.org', '$2a$04$lj7JSJW/nf41U6g8WhC9yegItxDrfciOZL5k/E.s8ZY1Uu/fEsFOO', 'https://robohash.org/utprovidentsed.png?size=50x50&set=set1', 0, 2, 112, NULL),
(158, 'Ciro', 'clintill4d@omniture.com', '$2a$04$KSk9wFSnaYiWgMgjcwhtmeejEy4bXGJ3jnzH6go8oaytzXJiRXPIO', 'https://robohash.org/corporisetrecusandae.png?size=50x50&set=set1', 0, 2, 91, NULL),
(159, 'Dew', 'dnerne4e@ifeng.com', '$2a$04$FvHJAryoUQIrsNnM4rcF5.bC21lVJjZRcUFsC.32g1ADmw6rpBkFe', 'https://robohash.org/accusantiumautnisi.png?size=50x50&set=set1', 0, 1, 95, NULL),
(160, 'Kellen', 'kabdie4f@php.net', '$2a$04$Bj2LcabZuM7/GT0D9IRo7uq20jWiW2/q0Re9Rwt2aEIPb2b8646Rq', 'https://robohash.org/rationevoluptatemvoluptas.png?size=50x50&set=set1', 0, 4, 177, NULL),
(161, 'Aviva', 'awisedale4g@sfgate.com', '$2a$04$sqXVFCN0aKC3cXCLQylN2udOC3sArQAfNKGgt5Fw48D4cS9YhgUky', 'https://robohash.org/voluptateerrorenim.png?size=50x50&set=set1', 0, 3, 4, NULL),
(162, 'Jo', 'jshackell4h@apple.com', '$2a$04$5.ZlDX9it9wubrEcF1FZxej3GZKXtll0.LfiDCEWIIvImkTegOe7.', 'https://robohash.org/sequiautpraesentium.png?size=50x50&set=set1', 0, 4, 94, NULL),
(163, 'Allis', 'afidgeon4i@sphinn.com', '$2a$04$zsc.iPyk5QgLhk8Nzir05O/xrddar8VHBf5E7GqCPl4pWPfP9Wc5W', 'https://robohash.org/sedinitaque.png?size=50x50&set=set1', 0, 5, 176, NULL),
(164, 'Urbanus', 'usynke4j@webnode.com', '$2a$04$hmxePAElx9TI8NsBnWpEh.ZEeMXJOJFujtICc0AAsG.NFqgHIJd/G', 'https://robohash.org/eaquevelvoluptates.png?size=50x50&set=set1', 0, 4, 60, NULL),
(165, 'Marion', 'mmil4k@google.it', '$2a$04$AxVz964dTxouB6n4z8XZv.ZvG2z1VSExaWqlgSrYGquOjHk3CJG0i', 'https://robohash.org/quoddebitisarchitecto.png?size=50x50&set=set1', 0, 1, 192, NULL),
(166, 'Valeda', 'vcheyney4l@discuz.net', '$2a$04$/mv6SPTcWG8PPZYPioLHheETy0HXGEFRblc7MlXskEcud1coic68W', 'https://robohash.org/recusandaesedquaerat.png?size=50x50&set=set1', 0, 3, 193, NULL),
(167, 'Anica', 'amoors4m@google.com.au', '$2a$04$vB7EYPRQhJkHIkUla86cO.7Wxa2SgprZ89LUKfK.fkpJhxi9sBzqe', 'https://robohash.org/eaetcorporis.png?size=50x50&set=set1', 0, 5, 192, NULL),
(168, 'Ariana', 'aklosser4n@google.co.jp', '$2a$04$Obh.ENPSgozUlxZ6YOohLeSKp/ZEL2t5vfcLkgalvd31B5.nB.6G2', 'https://robohash.org/laborumsuscipitqui.png?size=50x50&set=set1', 0, 5, 84, NULL),
(169, 'Othella', 'ochantler4o@amazon.de', '$2a$04$PWFSyRszh9JYapLjf9uxD.HTYIGi.B.0mft.hHTmtpWqF0kq3z7Da', 'https://robohash.org/accusamusquasiea.png?size=50x50&set=set1', 0, 2, 54, NULL),
(170, 'Ida', 'ilindblom4p@yandex.ru', '$2a$04$z.QAlz8DF5FyaW0oAzm0Hesl3Cqf6Gd7jM4ff.lV3DUW563kPcP4O', 'https://robohash.org/veritatisidfugit.png?size=50x50&set=set1', 0, 1, 1, NULL),
(171, 'Myrvyn', 'mkindell4q@sbwire.com', '$2a$04$uVRS/sahifH6hQvJdwoCSO106Ch0Wtk9L5b/70O8/mT9L0wAQX8B2', 'https://robohash.org/doloresedlaudantium.png?size=50x50&set=set1', 0, 5, 27, NULL),
(172, 'Evangeline', 'eclaye4r@vinaora.com', '$2a$04$xIttM.JkrU.pdd.CPulVb.k6aoC0GPKgX.X8D.9uhIdJe.i04305S', 'https://robohash.org/possimusconsectetureum.png?size=50x50&set=set1', 0, 1, 77, NULL),
(173, 'Ivette', 'iroose4s@gnu.org', '$2a$04$ABTuTxMt7FRxi89dk7Aoiegmhox6nHoqm84392pQF9vSpecj7q85a', 'https://robohash.org/autemdoloremat.png?size=50x50&set=set1', 0, 1, 74, NULL),
(174, 'Freddy', 'fkinnier4t@reference.com', '$2a$04$1pTLoaA6uEv7zmtR17O6o.H/tGmwK2zZ3Kft.jRXCTH47iVfJFwfK', 'https://robohash.org/omnisperspiciatisveritatis.png?size=50x50&set=set1', 0, 2, 72, NULL),
(175, 'Angelita', 'apavlov4u@nasa.gov', '$2a$04$ZVGTZG.k2c6holhEFHbineiTABd8GszcrNefo7KGbIRPZoo.vgENS', 'https://robohash.org/blanditiisasperioresassumenda.png?size=50x50&set=set1', 0, 2, 129, NULL),
(176, 'Di', 'dbodemeaid4v@163.com', '$2a$04$nEvrYLm7dfu9vHEOoambO.U00/wWD36I/0bek0GPWsHj8buGjALfa', 'https://robohash.org/voluptatemadquibusdam.png?size=50x50&set=set1', 0, 1, 178, NULL),
(177, 'Bengt', 'bfearfull4w@freewebs.com', '$2a$04$QUz0ujutiG5EPJl7jUTyZuWbG7UdqpqRzwSi25rMFEf.FRRXj1.Fq', 'https://robohash.org/idaliasqui.png?size=50x50&set=set1', 0, 4, 7, NULL),
(178, 'Kristofer', 'kkuhnwald4x@wufoo.com', '$2a$04$H.4t/F368s0m8k9hcO2INO965yzMP0nRLbRK9nlFYlXNkTMaCXZ4C', 'https://robohash.org/temporibussolutatempora.png?size=50x50&set=set1', 0, 3, 26, NULL),
(179, 'Happy', 'hkmietsch4y@hhs.gov', '$2a$04$f4tXYsIjuGg1DQa4H4EQMeBqboL9erq0YVymWfAOMAErKrkoJ4EPG', 'https://robohash.org/praesentiumrepellatsit.png?size=50x50&set=set1', 0, 1, 72, NULL),
(180, 'Gunilla', 'gtreadaway4z@shareasale.com', '$2a$04$/WZBryq9/rF6O9pkk.dSduev4T1tnK/AkMGa.dzsQfpPWPbHKOnsa', 'https://robohash.org/quodetdolor.png?size=50x50&set=set1', 0, 2, 26, NULL),
(181, 'Karilynn', 'kmatskevich50@soundcloud.com', '$2a$04$FfEI9aekUE87hGLNqNQsQ./Uc9qAcbnkEyOV5nGyd.Rm12RtpM38G', 'https://robohash.org/iustorepudiandaeexercitationem.png?size=50x50&set=set1', 0, 4, 34, NULL),
(182, 'Tammara', 'tfarrance51@dedecms.com', '$2a$04$QWYBRO6kI4c5E0qZi8SAKui0.S6JSbDC32Tq.DTUJk2wkO.tK8f46', 'https://robohash.org/abdebitisadipisci.png?size=50x50&set=set1', 0, 1, 173, NULL),
(183, 'Leyla', 'labramamovh52@tamu.edu', '$2a$04$KkILe6BrdInT9h9frfMrgOy/WhrEre9B7gMa0Q1CZ7tI09ig6gPqi', 'https://robohash.org/idautemitaque.png?size=50x50&set=set1', 0, 5, 143, NULL),
(184, 'Casper', 'ccoldbath53@51.la', '$2a$04$S4Rmcl8dtrsP4xQo/ttZ2uXnilyS34LtwWab7g0OPXGLnLx.FAqTa', 'https://robohash.org/officiaquiaquis.png?size=50x50&set=set1', 0, 1, 200, NULL),
(185, 'Trudy', 'thalpeine54@wisc.edu', '$2a$04$TIyRxwh5B5FvXMUuapZ3JemIQVf9GvtztdGurtrhqabY1byVz3tCG', 'https://robohash.org/accusantiumanimiautem.png?size=50x50&set=set1', 0, 4, 66, NULL),
(186, 'Englebert', 'ehambidge55@webnode.com', '$2a$04$t3gRo1NCCYxJWjCvHi5vvOFeHBJQxxizKFQs7Dm0mkV5CmU8rO/me', 'https://robohash.org/quiaofficiishic.png?size=50x50&set=set1', 0, 5, 92, NULL),
(187, 'Free', 'fjoska56@cbslocal.com', '$2a$04$S4JXaaA.XXA/397CFAhr4Ofmm4UhpF3dGp2csy5nMTV1.83oK1SOm', 'https://robohash.org/voluptatemetmolestiae.png?size=50x50&set=set1', 0, 1, 176, NULL),
(188, 'Reuven', 'rloveitt57@cpanel.net', '$2a$04$BeNSS8WxfMPo8xay5lFJb.RCfOLQGBM7uuZ61MMhN8ovqMgHSoI6G', 'https://robohash.org/excepturiquisimilique.png?size=50x50&set=set1', 0, 1, 178, NULL),
(189, 'Ernesta', 'elytell58@apache.org', '$2a$04$/.kZok4TNPfOOruY9b4ce.MbesCZtJVyi04JD2Ss4tpHXEZjTCVF6', 'https://robohash.org/commodiautnobis.png?size=50x50&set=set1', 0, 3, 108, NULL),
(190, 'Viva', 'vsammars59@yahoo.com', '$2a$04$GcDCL0U9i7fmaY3OJ0yygOkJJ9wVVSfhP6bV.v06EI9VdR72CKYNe', 'https://robohash.org/excepturietcommodi.png?size=50x50&set=set1', 0, 2, 99, NULL),
(191, 'Ardine', 'arosthorn5a@blogger.com', '$2a$04$2FJfuKNnVOBq7V6kQrpU0ul4xYwlXLPkfAPo26CkEmdfQr/YxAbhe', 'https://robohash.org/nonquivoluptate.png?size=50x50&set=set1', 0, 1, 200, NULL),
(192, 'Kimmy', 'kohallagan5b@state.tx.us', '$2a$04$/yp6pq/oS.Irolc8K0VuQON9fpaJUDOXxQoEuPL6WrjlSX3w9wXOO', 'https://robohash.org/quasialiquidcorporis.png?size=50x50&set=set1', 0, 3, 28, NULL),
(193, 'Rozella', 'rprimak5c@de.vu', '$2a$04$/lGL.DlH88z/Oj.PvJ7qLugkCaQAattcfkxtBis1xal.q02y2dmV6', 'https://robohash.org/hicaccusantiumfugiat.png?size=50x50&set=set1', 0, 3, 21, NULL),
(194, 'Zita', 'zsteptowe5d@buzzfeed.com', '$2a$04$4P3wQM57NRUHvR6Ew2SwB.4VY1ZplSA3tUfI4SVsmB1ZQ5tL.Q/qm', 'https://robohash.org/etestquas.png?size=50x50&set=set1', 0, 2, 68, NULL),
(195, 'Cecilius', 'cjakubski5e@rediff.com', '$2a$04$A6qk85TmTU0euLDPZNWC7.XejrUHxX1ZN/SvznDPqjJEQpWQKbj1q', 'https://robohash.org/ipsumdoloret.png?size=50x50&set=set1', 0, 3, 183, NULL),
(196, 'Olvan', 'oeltun5f@statcounter.com', '$2a$04$Po7AfayzpEQI6mGZaNk70eJhSHWswglRb6mm/QW03CNPCwioAQQwS', 'https://robohash.org/consequatureligenditenetur.png?size=50x50&set=set1', 0, 2, 133, NULL),
(197, 'Mitchell', 'mandriveaux5g@ow.ly', '$2a$04$1KC0EK9.o2VXLEFWpvA1/O/m7/uLROIoMjsCZ/eddC3QvZzjGEuiu', 'https://robohash.org/quossapienteexplicabo.png?size=50x50&set=set1', 0, 3, 132, NULL),
(198, 'Zollie', 'zgrigg5h@adobe.com', '$2a$04$ECLexIdtyLvP0ElUzI0I9.YMNj2aObf8gvs/pJjzlMf93UfKJSehy', 'https://robohash.org/maximesequicorporis.png?size=50x50&set=set1', 0, 5, 114, NULL),
(199, 'Lonee', 'lvondra5i@a8.net', '$2a$04$NZ211PmVIQdp54gY5Z68cuhvPL6wa.cAO9oTQj2PTKYk5CRz6LNh.', 'https://robohash.org/quoidlabore.png?size=50x50&set=set1', 0, 4, 158, NULL),
(200, 'Arnold', 'abartosik5j@walmart.com', '$2a$04$j.Wp/b7GtuJ.o498DCYoueTwkQ4m/lavT0gNINMzs3.qjzPGqVGXG', 'https://robohash.org/doloremquemagnamenim.png?size=50x50&set=set1', 0, 1, 84, NULL),
(201, 'Gillian', 'gcund5k@slate.com', '$2a$04$8qdLKrynrSCmDYIsQlFNWuKW1YJByDK1dDVWfKN6rrr8.TwYZQFL6', 'https://robohash.org/sedoditaut.png?size=50x50&set=set1', 0, 4, 74, NULL),
(202, 'Theresa', 'tstraine5l@deliciousdays.com', '$2a$04$wYOw9yWKUeqECLNZGib1seJDl0WFPO7WIJoA/MVSwaK3BkCKdWjpa', 'https://robohash.org/eosadaperiam.png?size=50x50&set=set1', 0, 1, 53, NULL),
(203, 'Davide', 'dcasarini5m@reddit.com', '$2a$04$I/6Joa1szl0.89zDRISKtej4GJTnZnSMjW7qvJya2F/t8s9rpApBm', 'https://robohash.org/eaquirepellat.png?size=50x50&set=set1', 0, 4, 198, NULL),
(204, 'Peta', 'pspeechley5n@mozilla.com', '$2a$04$Y.h/FpZASAn1hXTdVI57lOy9OlKX9iq70txRjUM103002LydPCcOu', 'https://robohash.org/laboreetrerum.png?size=50x50&set=set1', 0, 2, 114, NULL),
(205, 'Charley', 'cclemmow5o@intel.com', '$2a$04$hV4OoB7qvtfexrOn2B/txucyq6kbLwBlyr2QM6u2cBoYuFqnJscZq', 'https://robohash.org/facilisetesse.png?size=50x50&set=set1', 0, 1, 56, NULL),
(206, 'Rob', 'rwhittock5p@zimbio.com', '$2a$04$n1AkddDEI.YVnLa8m.2Bq.VwC5XExBQZ85hYyXONy.fMVnuiCi7Eq', 'https://robohash.org/magninemoet.png?size=50x50&set=set1', 0, 1, 81, NULL),
(207, 'Reine', 'rsculley5q@columbia.edu', '$2a$04$Tw6OmqftET0RWLVZSAoFMuF8Bsd/B.vfEljdx2OMEhnGsr5JZkqgm', 'https://robohash.org/etnamet.png?size=50x50&set=set1', 0, 3, 93, NULL),
(208, 'Nyssa', 'ndupre5r@linkedin.com', '$2a$04$gm6AUgiqXmBpr1CpISTWjeTJphFfa.hy/QAb56c42bZGfqPfV1k72', 'https://robohash.org/placeatreiciendissed.png?size=50x50&set=set1', 0, 2, 77, NULL),
(209, 'Chrotoem', 'crobatham5s@reverbnation.com', '$2a$04$iJrXJHL5fuSn49Lg0.uPl.VSMXF2UlrUuSJIJg9fT2Bz2kQO7jDd6', 'https://robohash.org/expeditaautemsint.png?size=50x50&set=set1', 0, 1, 123, NULL),
(210, 'Morris', 'mcharlick5t@google.nl', '$2a$04$qvwgjef5lYhuVxZNzCCA0eLEGkPkEenju1vewoLKkluolap.oCc02', 'https://robohash.org/debitismagniaspernatur.png?size=50x50&set=set1', 0, 2, 136, NULL),
(211, 'Ansell', 'apattingson5u@pen.io', '$2a$04$CoZqSYQJmbwMnYf4IRG46.DUWHuE/am5nCZ3v.ame9igJikSAkxqq', 'https://robohash.org/autoditneque.png?size=50x50&set=set1', 0, 4, 172, NULL),
(212, 'Debra', 'dricca5v@prweb.com', '$2a$04$rRoru7080LtfPmtdItWq1.AVw5816HLLm0SDUgTpZr4JzNCIisb6.', 'https://robohash.org/tenetureaimpedit.png?size=50x50&set=set1', 0, 3, 92, NULL),
(213, 'Valerye', 'vbladen5w@ted.com', '$2a$04$NMrONKQivUQJOiQ9/L48fekjUlT/dUfpQ6bsdYneBxtBoPf/o.thG', 'https://robohash.org/doloresconsequaturquam.png?size=50x50&set=set1', 0, 4, 57, NULL),
(214, 'Nadine', 'nstinson5x@stumbleupon.com', '$2a$04$GoXKlDLluB19Cp0NbBLbsOXeYMoiWNuzBazkPi.K1r9HnU2e0n7uS', 'https://robohash.org/quibusdamassumendapariatur.png?size=50x50&set=set1', 0, 1, 189, NULL),
(215, 'Cele', 'ccasterot5y@netscape.com', '$2a$04$7/NFUJxhXe7A/Dto55JnEuDdu8WNxlbtJMwHqWskZJO/XnH5ZvjUq', 'https://robohash.org/possimussuntab.png?size=50x50&set=set1', 0, 4, 13, NULL),
(216, 'Janeva', 'jrustich5z@exblog.jp', '$2a$04$ldNNL/aoBGFY9Z0145R99.DjBrcQ1iOI1Dd25eWUSsbU81Ll1NcGu', 'https://robohash.org/adipiscilaboreeos.png?size=50x50&set=set1', 0, 3, 107, NULL),
(217, 'Lindsey', 'ltreadger60@arizona.edu', '$2a$04$Nze4g6fFgspsT4.x7NJEWOhG6gg.MSmKLVYR00CCactDEVywtEaJG', 'https://robohash.org/animieiusdoloribus.png?size=50x50&set=set1', 0, 2, 48, NULL),
(218, 'Vitia', 'vpareman61@com.com', '$2a$04$I0Uhk5ysBVZxcnJ.76MwMOp5nIIM/Y5VirjSuhujeQeq4jGys3cpC', 'https://robohash.org/corruptidolorcommodi.png?size=50x50&set=set1', 0, 3, 148, NULL),
(219, 'Pamela', 'pdunkinson62@dagondesign.com', '$2a$04$Aps4AtwXbHCXhTYis3xURuIh5vu5t6uFrSQPl.POZmgeIlGjIxyLK', 'https://robohash.org/iurevoluptatemiusto.png?size=50x50&set=set1', 0, 2, 197, NULL),
(220, 'Joana', 'jglazier63@who.int', '$2a$04$II89i89FPCA.bFKRCz3vTOQeeSsLNRkORupw0Whahoq3X3eToxdIO', 'https://robohash.org/culpaexercitationemrepudiandae.png?size=50x50&set=set1', 0, 4, 195, NULL),
(221, 'Ardith', 'abenda64@cornell.edu', '$2a$04$TMwK4ZXmjnyiMuWV29sI3.vrcIkGTFQeFVNTigjF0Z7PdgMWUPd1u', 'https://robohash.org/accusamusautest.png?size=50x50&set=set1', 0, 5, 122, NULL),
(222, 'Lanie', 'llease65@sun.com', '$2a$04$cUZOG1DqWQRzxY283zu3eOvvXNaFR3ciX15oTBVw83lUNvxB8g84K', 'https://robohash.org/suscipitminimatempora.png?size=50x50&set=set1', 0, 3, 189, NULL),
(223, 'Cordell', 'cwilse66@mac.com', '$2a$04$wfDF8HpVkB8p8nQK4EyjP.HP9Fyc5/Eo3gG9lyzeUtg3mOIIsGG.m', 'https://robohash.org/omniseligendipossimus.png?size=50x50&set=set1', 0, 3, 109, NULL),
(224, 'Dell', 'djeenes67@va.gov', '$2a$04$rjAgQRsiAz965.MK9ht1OeaE6WxoLRPpM02CAerfruuVcTQsLj86G', 'https://robohash.org/illumpariaturet.png?size=50x50&set=set1', 0, 1, 163, NULL),
(225, 'Pierson', 'pgreatbanks68@weibo.com', '$2a$04$TqGcThukXWPM7lQXyeynyOa69pdD8jmHqUNjf7v520zwx7KrxyGCW', 'https://robohash.org/occaecatiteneturut.png?size=50x50&set=set1', 0, 1, 34, NULL),
(226, 'Dorris', 'dknowlman69@shop-pro.jp', '$2a$04$sQOIm3RjPOcTKJfYGir9l.sFD7ZvNq1yJLinX6C9hLor61Vb00HPW', 'https://robohash.org/abvoluptatemmollitia.png?size=50x50&set=set1', 0, 2, 129, NULL),
(227, 'Jarid', 'jjahncke6a@bizjournals.com', '$2a$04$HRMQtSx/Q99pX/vbfc./HuoXXjeAaZ7RqE6.tcVjdundYw/89dHhe', 'https://robohash.org/corporiscommodiatque.png?size=50x50&set=set1', 0, 2, 137, NULL),
(228, 'Mirella', 'malbone6b@shinystat.com', '$2a$04$RKUmmIXD6ULtECeG1BeFVu8CiKctK5pUobSeWZHFIMq71MNRDChHW', 'https://robohash.org/minimamollitialaudantium.png?size=50x50&set=set1', 0, 4, 171, NULL),
(229, 'Madeleine', 'mporkiss6c@rakuten.co.jp', '$2a$04$cBJH9rKM.iEiufEbQckSzOh37B2Dpby/9JUq8eF05qDiR.RRq9Yt2', 'https://robohash.org/pariatursitaut.png?size=50x50&set=set1', 0, 2, 21, NULL),
(230, 'Gareth', 'gguild6d@engadget.com', '$2a$04$.MbPYi68jaTiCbCNPiA1dOWO/3LMDOMhScYh9uGWmfm6rs/t8m55i', 'https://robohash.org/laborerepellatconsectetur.png?size=50x50&set=set1', 0, 3, 189, NULL),
(231, 'Valentia', 'vfootitt6e@who.int', '$2a$04$rdiYnMAiH6bp/m5xvQAY/OgiQL0OmvA62AqtpgmCZkkXayTl1C2fW', 'https://robohash.org/velitfacerererum.png?size=50x50&set=set1', 0, 4, 91, NULL),
(232, 'Ardine', 'adodds6f@odnoklassniki.ru', '$2a$04$OMkfyHqCfVDGf9HUGpy.6eEzAQ5/JNKGJ6sbOrZIaGXJ7/EGwEggy', 'https://robohash.org/quasilaboreassumenda.png?size=50x50&set=set1', 0, 3, 170, NULL),
(233, 'Humberto', 'hvonwelden6g@jigsy.com', '$2a$04$J07h8QG9NYDqCOJE5sv48OXNGCXeerooYgs4r/rlYStYRl/wRzvH.', 'https://robohash.org/quiaquaeratomnis.png?size=50x50&set=set1', 0, 3, 19, NULL),
(234, 'Wilburt', 'wcantopher6h@trellian.com', '$2a$04$Svf4rCjBwObHNCBKhiem3uDfPQ607LTxTgCzv2OJa/7/eFed91Ssm', 'https://robohash.org/iustoautqui.png?size=50x50&set=set1', 0, 5, 2, NULL),
(235, 'Fraze', 'fferrick6i@salon.com', '$2a$04$DDyynY97.u5w5xfOSnBlReSeGfZp2emyR8VBWxoRxk2kpQKGTn2e.', 'https://robohash.org/delenitinequealiquam.png?size=50x50&set=set1', 0, 5, 76, NULL),
(236, 'Nedi', 'ncluney6j@over-blog.com', '$2a$04$FRFK7Pv0Wnorw0DsCfEHoe85KOZoJ2AKlIN.krPS24TEopdky.Te6', 'https://robohash.org/quiinventoreexplicabo.png?size=50x50&set=set1', 0, 3, 152, NULL),
(237, 'Hendrick', 'hauger6k@disqus.com', '$2a$04$IU2AKWW7AEbqZz3DV9Gap.9kLdZ6Qdq82wXhfVO4PEp8S5N59UgJ6', 'https://robohash.org/doloremquequioccaecati.png?size=50x50&set=set1', 0, 5, 31, NULL),
(238, 'Tarra', 'tnisuis6l@google.ru', '$2a$04$qJbu1i44Dvywg1Jgz805u./MIQJh2Oc.zaaY8N7Zqamzrz0p3tSpW', 'https://robohash.org/quipossimusquia.png?size=50x50&set=set1', 0, 4, 168, NULL),
(239, 'Hamlin', 'htrenear6m@wisc.edu', '$2a$04$C11Iic77e3JuJ4nviG.y.ez7eGL.lJlNRjGBa03BkT1STj/MAYJzG', 'https://robohash.org/voluptasdoloremminima.png?size=50x50&set=set1', 0, 4, 1, NULL),
(240, 'Veronika', 'vslite6n@cnn.com', '$2a$04$nB63TNVq86KonNtbw9l50.gUcFZy2S6wL9CsmM/ZiIAksLRJXFyxu', 'https://robohash.org/perspiciatisautexplicabo.png?size=50x50&set=set1', 0, 4, 60, NULL),
(241, 'Marten', 'mklima6o@miitbeian.gov.cn', '$2a$04$BL6D4zNkw7aDz3ksO2E1x.0HmPVnOjksT10dugLIbVAPOHubandIO', 'https://robohash.org/omnisvelsed.png?size=50x50&set=set1', 0, 2, 14, NULL),
(242, 'Terrel', 'tcawood6p@msu.edu', '$2a$04$Qa5sJbQoeiOIahQamwTrRuUw4C6sMulYuF.AQ2SQKFXsoK87VOVhS', 'https://robohash.org/idremaut.png?size=50x50&set=set1', 0, 4, 169, NULL),
(243, 'Agnella', 'atreasure6q@artisteer.com', '$2a$04$jrxGpdMd9jIPwjf6hJMsru5M2ZLY0zS0wfXks0B0w14a3aXaJcq16', 'https://robohash.org/autaccusantiumsuscipit.png?size=50x50&set=set1', 0, 1, 58, NULL),
(244, 'Drona', 'dgilhouley6r@163.com', '$2a$04$S021e77k/Bv4y9Lkl1ehXuC8LR8zpOJ2nm5IGhPVVQ7iPFrscmpAO', 'https://robohash.org/doloresdoloremitaque.png?size=50x50&set=set1', 0, 5, 128, NULL),
(245, 'Susi', 'spaxman6s@businesswire.com', '$2a$04$pULWgD6CdKiGpLFMqmI1xeraFQ5rsYeInH7WXvxkTsvNmKTBV5bcO', 'https://robohash.org/sequioditconsequatur.png?size=50x50&set=set1', 0, 1, 28, NULL),
(246, 'Westleigh', 'wdorgan6t@npr.org', '$2a$04$rNWpEuft..l40tkgdvarm.UvRlsPvENsOB3wUQ/1G5oR2eo1uDkuC', 'https://robohash.org/consequaturmaioreset.png?size=50x50&set=set1', 0, 2, 108, NULL),
(247, 'Reinwald', 'rhinchon6u@surveymonkey.com', '$2a$04$O5yAZD/mDZMbOX4ZJdMMaOYt9myMu.9degggGek1/FCTiTUBFgTYm', 'https://robohash.org/repellendusnumquamat.png?size=50x50&set=set1', 0, 4, 134, NULL),
(248, 'Akim', 'afarrand6v@gizmodo.com', '$2a$04$ciDCWaAY.LfjbEEHvZgR9eJwEUFtXCN/7f.gfUXW6xuZu2pYDs1dC', 'https://robohash.org/nihilquodolore.png?size=50x50&set=set1', 0, 4, 134, NULL),
(249, 'Link', 'lbirdwhistell6w@mozilla.org', '$2a$04$OzGRdYdvYMNZqOMcMpj6VeWmo/m1tfxIh3X8i5K7Ntckkww9oex9G', 'https://robohash.org/maioressitipsa.png?size=50x50&set=set1', 0, 2, 24, NULL),
(250, 'Jory', 'jlott6x@latimes.com', '$2a$04$TnLLfTPWOlSX.pOnazWiy.JmTalN5dsibYCNtE6sSExnEAPtEbOCW', 'https://robohash.org/laudantiumautin.png?size=50x50&set=set1', 0, 3, 73, NULL),
(251, 'Clarke', 'ccayley6y@bbc.co.uk', '$2a$04$YYwpFT2Qs7zJN7yIiVwkau8.P0AztQJ9QR3At72Pc3ggisHUYhA7G', 'https://robohash.org/corruptiquibusdamreprehenderit.png?size=50x50&set=set1', 0, 3, 109, NULL),
(252, 'Stormie', 'sellcome6z@t-online.de', '$2a$04$ksIryyRY53MlFQxvEQb1ouKLidqUfNj.2tTiEplp2jdlxLqlzHUeW', 'https://robohash.org/itaquedoloremminus.png?size=50x50&set=set1', 0, 2, 149, NULL),
(253, 'Jacques', 'jspreull70@g.co', '$2a$04$vdQ/./T3aGAib8INGAm/i.cSeT9gojjvqNuhd7wpZnd/nR6qC4jhG', 'https://robohash.org/exercitationemquasnihil.png?size=50x50&set=set1', 0, 1, 109, NULL),
(254, 'Josie', 'jotto71@webeden.co.uk', '$2a$04$BouLPqb/hPZETy4E7SeqFe8ZFfCl.7BA6vunE.gZ9mZIwx62ABv46', 'https://robohash.org/modinobisillo.png?size=50x50&set=set1', 0, 1, 152, NULL),
(255, 'Whitney', 'wcabena72@sphinn.com', '$2a$04$un3MphkmzxVqBC7Eqh/pXe8VKG6Vgx8N.lIfQc2UXnMS5p7.e1/Dm', 'https://robohash.org/autemplaceatdolorem.png?size=50x50&set=set1', 0, 2, 143, NULL),
(256, 'Sigismondo', 'semblen73@comcast.net', '$2a$04$NDFRSU9KoU2b6JaK3jrZ/OBCtq.7.xkh4kOqdFRpKdXKhkL237Ccu', 'https://robohash.org/excepturiteneturet.png?size=50x50&set=set1', 0, 5, 53, NULL),
(257, 'Deny', 'dgreenroa74@ocn.ne.jp', '$2a$04$CfDkLxOETYBsIYAVbsb2Me8eS3zbZEikjjaW7VYhy0Y8dwkF0k/Cy', 'https://robohash.org/cumqueetquis.png?size=50x50&set=set1', 0, 1, 140, NULL),
(258, 'Dalli', 'dshakesbye75@pagesperso-orange.fr', '$2a$04$JO6tNJDuZJtn5MOzzZJne.h5WaTDX60rs2w1SDh9Dw0EpHYhBeysu', 'https://robohash.org/reprehenderiteosrerum.png?size=50x50&set=set1', 0, 4, 121, NULL),
(259, 'Shantee', 'sschneider76@va.gov', '$2a$04$vx3see5O9Ja8jZ0Yg/HBNuCtXi.wTrU.kNDRmIhQLCF.ggg8kavCe', 'https://robohash.org/dictablanditiiseum.png?size=50x50&set=set1', 0, 4, 94, NULL),
(260, 'Elspeth', 'echarkham77@dmoz.org', '$2a$04$ZbnIy9NCEhKjDgfKJc1HCOFMh4VFVIRN.eligScc07x0QMo78USCu', 'https://robohash.org/porroautconsequatur.png?size=50x50&set=set1', 0, 5, 143, NULL),
(261, 'Merry', 'mmacalpin78@prnewswire.com', '$2a$04$AA/4s9du0QMKu08zQy/.rOdT95X/wT2wsDgrQfqf393a..6D1V4sK', 'https://robohash.org/accusamusnihilharum.png?size=50x50&set=set1', 0, 4, 16, NULL),
(262, 'Jesse', 'jworrill79@seattletimes.com', '$2a$04$0hXNtcJ8YsffZfbMdZ3mJ.Fy9Kc8f1mnBw4ljqgAULPqbGLU/BpGm', 'https://robohash.org/impeditdoloribusquo.png?size=50x50&set=set1', 0, 5, 36, NULL),
(263, 'Sophi', 'skisting7a@netvibes.com', '$2a$04$WjQNzMCidkMOCKgKZ1jwkOaGQcul6.cKQRBAdsPZxmeZOKOIpE9CS', 'https://robohash.org/nobisducimusut.png?size=50x50&set=set1', 0, 2, 78, NULL),
(264, 'Phil', 'promer7b@house.gov', '$2a$04$e4MLMlUlXLgVFiKg6i5coeza1dVj0KDNPrOCBitD.krN5mVLxJN2G', 'https://robohash.org/sitquiaeligendi.png?size=50x50&set=set1', 0, 2, 83, NULL),
(265, 'Berthe', 'bhuffey7c@bloglines.com', '$2a$04$IJKrw9L.Z2hSkVpMqu0uw.EtnM6qXkH3UceraMfALEyT69WAhgZIS', 'https://robohash.org/eumquirerum.png?size=50x50&set=set1', 0, 1, 95, NULL),
(266, 'Addia', 'aboc7d@imgur.com', '$2a$04$1nNJeA3r6cOsioo8C/GPheL7rBwLvEwCSl033tPPhz5ietpBuTVQ.', 'https://robohash.org/voluptatemanimiipsum.png?size=50x50&set=set1', 0, 4, 101, NULL);
INSERT INTO `users` (`id_user`, `username`, `email`, `password`, `avatar`, `admin`, `id_role_type`, `id_place`, `bio`) VALUES
(267, 'Harald', 'hceccoli7e@census.gov', '$2a$04$V9ASChUw1ll7kCZqNueGuOSrb3PVRKNQmDrg4ID9wEXx6q6v/Nh1G', 'https://robohash.org/autminimaex.png?size=50x50&set=set1', 0, 5, 133, NULL),
(268, 'Teador', 'tuden7f@columbia.edu', '$2a$04$4DeZrDJXwszNK8zopH.KCeqmShOybj8s1eROVo7uB2ZNHh9Fbei2q', 'https://robohash.org/quisquamautincidunt.png?size=50x50&set=set1', 0, 4, 66, NULL),
(269, 'Euell', 'enoice7g@comsenz.com', '$2a$04$t1Td16U99r27d6fNwIgeAO4LpOySFl5yj/3Otrb9csWjb5I3hHelG', 'https://robohash.org/quisquiipsum.png?size=50x50&set=set1', 0, 2, 183, NULL),
(270, 'Lyndsey', 'lbapty7h@cloudflare.com', '$2a$04$3Wy/7Tcbrz/MgY06Pm7TReI9Pb3SrnoeUyCdtqGzxrQa8iNkyLi3O', 'https://robohash.org/nihiletneque.png?size=50x50&set=set1', 0, 4, 27, NULL),
(271, 'Romeo', 'rdayes7i@pagesperso-orange.fr', '$2a$04$OpyuNp3z8aXGzH2lvVX8aepOH7lIzHgTJJOdFV0BpuwYHI9vyatuC', 'https://robohash.org/providentlaudantiumsequi.png?size=50x50&set=set1', 0, 2, 99, NULL),
(272, 'Betsy', 'bloach7j@eventbrite.com', '$2a$04$TmZu6TBOIoPy4SXPiAJvTuUoBTbyXZlPZXf8Z7V0MRDPwhvgmKfeq', 'https://robohash.org/itaquealiquidconsectetur.png?size=50x50&set=set1', 0, 2, 109, NULL),
(273, 'Valene', 'vstraine7k@ftc.gov', '$2a$04$9HM.mWLq7CdDVl/tHiwnMegeO5hSf1IHOjDoSqOqQyVkNSDQMJNFm', 'https://robohash.org/dolorvelitullam.png?size=50x50&set=set1', 0, 1, 189, NULL),
(274, 'Ernesto', 'eterrill7l@europa.eu', '$2a$04$iTpk5p1/tEr9e7zPfwOVIehA1jfUr5w8V3KRGuAaUMIul5CUP334O', 'https://robohash.org/utipsumvitae.png?size=50x50&set=set1', 0, 3, 42, NULL),
(275, 'Caralie', 'cemblem7m@ucsd.edu', '$2a$04$KgryJfoMMLtfIYK./gH.m.FEa4YgBeX0vqb7L0lbnxpa/xF5hVldq', 'https://robohash.org/etquivoluptatibus.png?size=50x50&set=set1', 0, 1, 99, NULL),
(276, 'Eloisa', 'eflannery7n@e-recht24.de', '$2a$04$V1N9Jz7OmAMaU.NzjWYgSuspAfjOFNYEu1FrV8XdTfBVwT90yU0zW', 'https://robohash.org/quosedet.png?size=50x50&set=set1', 0, 4, 168, NULL),
(277, 'Nancee', 'ncourtney7o@columbia.edu', '$2a$04$r5gwo10zsxGbX52TM.tJSuSbRVVQDATMM877bvaFvLN0W68011eXa', 'https://robohash.org/facilisomnisvitae.png?size=50x50&set=set1', 0, 2, 25, NULL),
(278, 'Ibbie', 'ibeavington7p@spotify.com', '$2a$04$axAAbqGtmC2t79L/Rfz0ROnDghSI.gbVo8gh9kuhzm7FxpScD6p3.', 'https://robohash.org/numquamnullanesciunt.png?size=50x50&set=set1', 0, 3, 111, NULL),
(279, 'Marielle', 'mdulton7q@chronoengine.com', '$2a$04$LEiyFhfrHFUk1xsuwP7bQeEGDPn9YvWEi/7Ec1cFulHRls.uzI7j.', 'https://robohash.org/quosevenietiure.png?size=50x50&set=set1', 0, 2, 163, NULL),
(280, 'Daune', 'dtatteshall7r@illinois.edu', '$2a$04$gf3UMjsvtgVQHsAIzLE2YOKtoLBcEY3dpkA1pqNgLJVjQxYKRFnHa', 'https://robohash.org/nullafacilisvel.png?size=50x50&set=set1', 0, 4, 182, NULL),
(281, 'Mikkel', 'mlardier7s@aboutads.info', '$2a$04$8lld0c5l8pg7W1iv5glv7.V.kJij8xEH0bpOelIa2BvgmvAEOKzzK', 'https://robohash.org/iddeseruntet.png?size=50x50&set=set1', 0, 3, 2, NULL),
(282, 'Inglis', 'ideakin7t@wunderground.com', '$2a$04$D1NQHArJtehoxqwqpTDDy.bWxRuIwykUEpBYhoQvm79bG0cOqxoS.', 'https://robohash.org/utautemvoluptatem.png?size=50x50&set=set1', 0, 5, 43, NULL),
(283, 'Jamie', 'jlongbottom7u@ebay.com', '$2a$04$x18DwQP6yW8wlLPSbUc7Du1vTtsf6ylb44UsF4VPmw/03AoRJFzr.', 'https://robohash.org/isteexrepellat.png?size=50x50&set=set1', 0, 5, 174, NULL),
(284, 'Vonnie', 'vgeeritz7v@china.com.cn', '$2a$04$zMb4K2b/jVJx2UgbZ1VXPe76NbvEgTOC/Hmjo297C0oTCnCKtj.HW', 'https://robohash.org/etveniamquibusdam.png?size=50x50&set=set1', 0, 1, 95, NULL),
(285, 'Berty', 'bjaggers7w@salon.com', '$2a$04$n22jGb6Qc2izK8o84ga7Fud14aU82DBBTx7V7HK19XMIYdifWfHMS', 'https://robohash.org/optioducimusexercitationem.png?size=50x50&set=set1', 0, 4, 8, NULL),
(286, 'Felipa', 'fmccombe7x@chronoengine.com', '$2a$04$i5bsNhebJKj6.5IsyIEr.u8CUALUDQguwyMgc8Rs9gNYMNSeq.LsG', 'https://robohash.org/cumqueabfacere.png?size=50x50&set=set1', 0, 1, 17, NULL),
(287, 'Howie', 'halkin7y@wix.com', '$2a$04$xlEwJ441Yej8YfX6n4ShFOuQOZfdt0KDy90.yxRbtGQOJpbCLDkYe', 'https://robohash.org/velitbeataeperferendis.png?size=50x50&set=set1', 0, 3, 9, NULL),
(288, 'Bliss', 'broughley7z@about.me', '$2a$04$P/sNpNUZcyhQae3J2zT5QO8oOOXC0FTiH5F./uLBBahGnBJAyAIpK', 'https://robohash.org/velitaliquidblanditiis.png?size=50x50&set=set1', 0, 3, 31, NULL),
(289, 'Gaven', 'gpigdon80@cornell.edu', '$2a$04$5src1isJjtQFnP3tUo7x8uKZnUtsc5VCLB9En3hliscw/w2RAj44K', 'https://robohash.org/asperioresaccusamusdelectus.png?size=50x50&set=set1', 0, 1, 122, NULL),
(290, 'Viva', 'vchmiel81@state.gov', '$2a$04$/C7geFWS.zZhebZEgvSeJ./tEJHLI.fq/uNLKqe3nswDrCsdrKZc2', 'https://robohash.org/ducimusutiusto.png?size=50x50&set=set1', 0, 3, 157, NULL),
(291, 'Cacilia', 'csalvidge82@wordpress.com', '$2a$04$JySIS3UR6eqKGJB1nmsJtOToWB6Z44Nn3PTmMa19yWTcU0aDh9cCK', 'https://robohash.org/idconsequaturdoloremque.png?size=50x50&set=set1', 0, 2, 38, NULL),
(292, 'Aleda', 'amervyn83@com.com', '$2a$04$BPf9yCtiW.LdqmsghvqrYOIrWdN6eao/.sSy4bTOGRdnJz.zYidgO', 'https://robohash.org/consequunturvoluptasdignissimos.png?size=50x50&set=set1', 0, 2, 55, NULL),
(293, 'Dagmar', 'dbrydson84@xing.com', '$2a$04$YrIT05pDDrYI21amnPBAfuzVhPAWW2HXen8CiD8YHpcwvorLG3g2G', 'https://robohash.org/autquibusdamitaque.png?size=50x50&set=set1', 0, 4, 54, NULL),
(294, 'Deeanne', 'dtavener85@comcast.net', '$2a$04$KYfJA.bmCX8ZAS79mr.4dedFi9Goq/PDPeyaa.apFVg0OxW9eTgzC', 'https://robohash.org/velfugiatoptio.png?size=50x50&set=set1', 0, 5, 84, NULL),
(295, 'Valery', 'valtoft86@quantcast.com', '$2a$04$O4pM05P3hbIx3d/infHR0OmrZzSTGtKYRMKxP7NMrNfXFsSOauX5S', 'https://robohash.org/quisquosquam.png?size=50x50&set=set1', 0, 2, 7, NULL),
(296, 'Fairleigh', 'fperkins87@sphinn.com', '$2a$04$FvWZRJALGqsJUlY.H6hdOOxvADapm8xzO5YUaD6az4d/uX2OBXMrS', 'https://robohash.org/explicabomolestiaeet.png?size=50x50&set=set1', 0, 3, 97, NULL),
(297, 'Melany', 'mpopple88@netvibes.com', '$2a$04$8865wOTO0tCggvp266.1ueb5ZC.1mhP0oGExD/HLzi50rMZRbn09K', 'https://robohash.org/animilaboriosamullam.png?size=50x50&set=set1', 0, 1, 132, NULL),
(298, 'Reece', 'rcrady89@who.int', '$2a$04$7bxWl6jdQ7//SoAPt0NJVOUYph8011ij2zwPdL5AL94lYDInXcDPu', 'https://robohash.org/doloresrepellatipsa.png?size=50x50&set=set1', 0, 1, 61, NULL),
(299, 'Buddy', 'bsowray8a@state.gov', '$2a$04$T/dlYFMWfXnlKisypJG3D.f59PphzQ0pDC7jmtyQzvoKklNpKmrcC', 'https://robohash.org/aliasvoluptatemimpedit.png?size=50x50&set=set1', 0, 4, 145, NULL),
(300, 'Erda', 'ebollis8b@addthis.com', '$2a$04$EebDK7X64fOBwdlwuvw4nOU3R2ul0oIUAxn0w.2Za3HjvFRjmE/6y', 'https://robohash.org/cumvelsed.png?size=50x50&set=set1', 0, 4, 71, NULL),
(301, 'Farica', 'fclohisey8c@huffingtonpost.com', '$2a$04$Q0RI3iPvzSjMlsxdkOGG7.KUdoxFZG7laZTLTAHlb0ImlfZt78dXG', 'https://robohash.org/doloresnesciuntex.png?size=50x50&set=set1', 0, 2, 54, NULL),
(302, 'Chloris', 'cwarburton8d@aboutads.info', '$2a$04$0EqsBJT1HK5pnwIqVdvyF.OJzYR4b/UWKWBmSFqmnRlB9uk2pudrW', 'https://robohash.org/nemodoloreplaceat.png?size=50x50&set=set1', 0, 2, 45, NULL),
(303, 'Krystal', 'kdrissell8e@nature.com', '$2a$04$At4xhL9ZzJOcIIatyF2TL.3WmL/y.YlWZ8JqyG6KKoIgN1piCSca6', 'https://robohash.org/etillumducimus.png?size=50x50&set=set1', 0, 2, 93, NULL),
(304, 'Ardra', 'aluckcock8f@cyberchimps.com', '$2a$04$aswzWRaxfoB/K7q8TBPUvODvJp38TVxmj1Iy9qqHryuj8OqIV4Esa', 'https://robohash.org/animihicest.png?size=50x50&set=set1', 0, 1, 106, NULL),
(305, 'Ottilie', 'oblannin8g@timesonline.co.uk', '$2a$04$z3p1CK9y.HI6Cgj/0nBhseSmEDyVHzL5oYnmuSbJeF5ddBIAZ3IX6', 'https://robohash.org/voluptatemexercitationematque.png?size=50x50&set=set1', 0, 2, 117, NULL),
(306, 'Emelda', 'esarten8h@hao123.com', '$2a$04$9ZubwSu0kle0knybgD8xoO4DcDxaOVxmzKqjqojmonJv9iLD.JTeu', 'https://robohash.org/voluptasdoloremculpa.png?size=50x50&set=set1', 0, 3, 12, NULL),
(307, 'Ranee', 'rfronzek8i@desdev.cn', '$2a$04$0TNTxz8C2tY5o9fiXDQ79eNkFNPZBHgNOBVeSnCadAUc64B4w1emu', 'https://robohash.org/eadoloremquemagnam.png?size=50x50&set=set1', 0, 1, 66, NULL),
(308, 'Roze', 'rcoram8j@hatena.ne.jp', '$2a$04$2v/8uAzLey5sE.U/0kOokuvxmLoH9c79prvoYdiwoWH59a5sfcaJO', 'https://robohash.org/excepturialiassunt.png?size=50x50&set=set1', 0, 3, 186, NULL),
(309, 'Iosep', 'igrahame8k@usatoday.com', '$2a$04$oOuYdILuIWhPYQFUrXoZ0ezl.ofG80ikd0wXF84qaF5fP5xuyDx2C', 'https://robohash.org/facilisdolorumasperiores.png?size=50x50&set=set1', 0, 3, 64, NULL),
(310, 'Cristabel', 'ccorwin8l@histats.com', '$2a$04$6KsCQwL5AIhk0yua7Zf98uL9yXnPc8tVt9FqXRTBbRM14hzMWqTxe', 'https://robohash.org/cumquealiasveniam.png?size=50x50&set=set1', 0, 4, 16, NULL),
(311, 'Bette', 'bdavidowich8m@instagram.com', '$2a$04$bANjtekqwqMadT4adtpxN.uGrQ9lgcL8FMVF9REugao8YVfzpSoaq', 'https://robohash.org/voluptatequasautem.png?size=50x50&set=set1', 0, 4, 62, NULL),
(312, 'Thebault', 'tmaccoveney8n@shinystat.com', '$2a$04$hLx0b9kmvqrXqxhpOKb4NOkNZkZvtch/l.RxELksgzdyj020B0G2O', 'https://robohash.org/perferendisquisnihil.png?size=50x50&set=set1', 0, 2, 200, NULL),
(313, 'Nappy', 'nwallbridge8o@diigo.com', '$2a$04$kX7PG6cFBNTeG1Iq2I42ru5E.QA5H82ZkzvIoreQjgb04gzdJMnpC', 'https://robohash.org/asperioresfacilisadipisci.png?size=50x50&set=set1', 0, 2, 79, NULL),
(314, 'Sharia', 'skunkler8p@liveinternet.ru', '$2a$04$W.gJ3xgvpQ6eaL.CVSo.qeTfLa7PSLnpK48A/F2ZOilz3BYgXAusm', 'https://robohash.org/istenecessitatibusodit.png?size=50x50&set=set1', 0, 3, 77, NULL),
(315, 'Selma', 'ssabey8q@washington.edu', '$2a$04$FuRKmDK.59fBG8CIL0jT3.gOsO7Fp/N70YVi6Q2hwdOovKHoDlwyO', 'https://robohash.org/quaeratfugiatveniam.png?size=50x50&set=set1', 0, 2, 121, NULL),
(316, 'Lionel', 'lrosin8r@livejournal.com', '$2a$04$pP09fJS44fizms22NUnhIeWbJSPQZ1kSA4M.nBiGEV/lL9yNGqQpW', 'https://robohash.org/velitfaceresunt.png?size=50x50&set=set1', 0, 2, 14, NULL),
(317, 'Millard', 'mbrickham8s@amazon.co.uk', '$2a$04$7SY6nn30RxW5lFlee5mPyu8FpnpjczuhQeGBl3RNZqYJnsMCMckfO', 'https://robohash.org/eiusrepudiandaeeos.png?size=50x50&set=set1', 0, 2, 188, NULL),
(318, 'Martie', 'mdeortega8t@bizjournals.com', '$2a$04$yY30/iTyHmUpwuRU23pyWOI0gTIG3w5GsTu0X9ipQt428Po51XpZW', 'https://robohash.org/cumconsequaturest.png?size=50x50&set=set1', 0, 5, 34, NULL),
(319, 'Layney', 'lstrutt8u@tripod.com', '$2a$04$V79Bgef0Cgq45kYzEnXjBevLr9dsdHy5AlLwUXHYCPKhrzkcNmkMm', 'https://robohash.org/architectoetdistinctio.png?size=50x50&set=set1', 0, 1, 84, NULL),
(320, 'Valaria', 'vbargery8v@smugmug.com', '$2a$04$vH1zP31ofEj6MC0Lf2DJk.HiNgNI5L5J9mniZGwJZsxUxPrwJ57z6', 'https://robohash.org/estnostrumrepudiandae.png?size=50x50&set=set1', 0, 3, 30, NULL),
(321, 'Giustino', 'gbearne8w@noaa.gov', '$2a$04$MSJ4h3hNP9Rb1Pdh8exqHuxWNOaBwvVslcOd/m8rMiB6A4OArTDuW', 'https://robohash.org/etitaqueearum.png?size=50x50&set=set1', 0, 2, 86, NULL),
(322, 'Noelani', 'nskeene8x@sakura.ne.jp', '$2a$04$bhttS3EuxaOzHlgKlHyhweI2k1s3rbPmaWQbSUzg5r9PNcb.hTCiC', 'https://robohash.org/doloresdolorunde.png?size=50x50&set=set1', 0, 5, 56, NULL),
(323, 'Brigham', 'bthornewell8y@rediff.com', '$2a$04$FV27yAccn7l7Xj4OKr3uI.OQO.2V3zFKbH18IOgVn1ELotbYpcARG', 'https://robohash.org/etnumquamsuscipit.png?size=50x50&set=set1', 0, 1, 131, NULL),
(324, 'Bartlett', 'bplait8z@photobucket.com', '$2a$04$WbQ.YnhwqCgTrRskguDOTecKj8I7DaMZxLqILE7pG4iFC6b.2Z0Ay', 'https://robohash.org/temporibusestrecusandae.png?size=50x50&set=set1', 0, 4, 179, NULL),
(325, 'Marylinda', 'mnutter90@seesaa.net', '$2a$04$X.NlsT/a/HtOwszmCSgdP.B.hRNB5KHobXf7qbo68IdcvsGTVDEJ6', 'https://robohash.org/delenitifugasoluta.png?size=50x50&set=set1', 0, 4, 134, NULL),
(326, 'Fawnia', 'fhorlick91@cnet.com', '$2a$04$2qmaOOB/I0i/qH.1fH68nONfZttBva6v9KjVPiK2IYQGqhi550Hlm', 'https://robohash.org/sedeligendiut.png?size=50x50&set=set1', 0, 4, 172, NULL),
(327, 'Shela', 'sdensun92@purevolume.com', '$2a$04$qpW9se.7vTJDos34yXldu.tutTe8ZNSQTu240EMAp4s.mwB3y63MC', 'https://robohash.org/essetotamqui.png?size=50x50&set=set1', 0, 3, 27, NULL),
(328, 'Marieann', 'mturmell93@telegraph.co.uk', '$2a$04$.syaVZ9iUWbHvRKpBbhMYuUwcIfAa49bak72HGzBx8wTZoHC5PRjO', 'https://robohash.org/aliquidquimagni.png?size=50x50&set=set1', 0, 4, 168, NULL),
(329, 'Merola', 'mlohering94@whitehouse.gov', '$2a$04$Qxuk7NMFgiHDXCEe8Ur2k.2HESzofBihPS108lWrmIfcYrjVjRihq', 'https://robohash.org/nihiletenim.png?size=50x50&set=set1', 0, 4, 110, NULL),
(330, 'Codi', 'cdionsetti95@narod.ru', '$2a$04$/QSp0VoBDAM9Blmvwi/edOqRSOvTYIJ4emcJZ1.m6kfoS3g3iqQni', 'https://robohash.org/autiurenon.png?size=50x50&set=set1', 0, 4, 13, NULL),
(331, 'Eziechiele', 'eantuk96@exblog.jp', '$2a$04$0vMctvbRArxzCUFJwQeAX.i27nvAHOZ8XiYDBpa/wtAmGsKSjw3J6', 'https://robohash.org/doloremconsequaturat.png?size=50x50&set=set1', 0, 2, 12, NULL),
(332, 'Mason', 'mgiacovazzo97@so-net.ne.jp', '$2a$04$.YCtcCZaGY7r0YpvSevKfOs6pCC3PxeXB8bAOCkYGra5wPdxal11.', 'https://robohash.org/consequaturquasnostrum.png?size=50x50&set=set1', 0, 4, 47, NULL),
(333, 'Jayson', 'jtrevaskiss98@opensource.org', '$2a$04$d4oTKa1RktCkM4PTGVYHKOjClN7pERy9CjPW8N0o6P0NyPRZr3uWK', 'https://robohash.org/laudantiumsequiea.png?size=50x50&set=set1', 0, 2, 101, NULL),
(334, 'Xaviera', 'xkeinrat99@who.int', '$2a$04$UbQ6mjoJXmZ8iTXJYeWefOgMrMPJwxzVZJLIpsfOQXvkr1zP9VNgK', 'https://robohash.org/enimquaeratsed.png?size=50x50&set=set1', 0, 3, 128, NULL),
(335, 'Wenda', 'wbruins9a@narod.ru', '$2a$04$7Qicf9HdHRQ5hjIb50hik.lwuvWPnIAqQ3z/LixnJgJEwNPwnSQpi', 'https://robohash.org/liberoeaqueoccaecati.png?size=50x50&set=set1', 0, 5, 114, NULL),
(336, 'Harrietta', 'hmartinec9b@gravatar.com', '$2a$04$HaVC4JMv/Y9WiiRnoF8REu1tSJE5ftl0cB4AhJY/dQsRHejzAnEQ.', 'https://robohash.org/estinoccaecati.png?size=50x50&set=set1', 0, 3, 62, NULL),
(337, 'Selie', 'sloxley9c@europa.eu', '$2a$04$8U1Hr2zftLJ.Do00R77vIu4cNmxViOYTF2Nc6S4MwuLF5ieZ5REky', 'https://robohash.org/perspiciatisquamsint.png?size=50x50&set=set1', 0, 5, 6, NULL),
(338, 'Kore', 'kgreschke9d@blog.com', '$2a$04$6v4VWbXE/px.R7M0DuocZeOuaF/M43p9vv/fLgnobnjZPldj7aoz2', 'https://robohash.org/nequetotamquo.png?size=50x50&set=set1', 0, 4, 137, NULL),
(339, 'Heath', 'hsmissen9e@biblegateway.com', '$2a$04$DdyxWE3zCki2w/./ocqRcOJpiLHkdCZnhRV3sCqAdIolpQUAZ6ZO2', 'https://robohash.org/corruptisintsed.png?size=50x50&set=set1', 0, 2, 150, NULL),
(340, 'Amos', 'aseagrove9f@aboutads.info', '$2a$04$iWCqMdEbgYWyHYOGXQgfm.WbRowm1p5FMdnNHRweUDBkNNvElCTfq', 'https://robohash.org/utvoluptatemnon.png?size=50x50&set=set1', 0, 4, 104, NULL),
(341, 'Darren', 'dbindon9g@state.tx.us', '$2a$04$cw0g66TJTDj0rzuw4gYDju5DTxlgTqzn5a4UOJfI5tp.28OmacoIe', 'https://robohash.org/consequaturtemporamolestiae.png?size=50x50&set=set1', 0, 4, 18, NULL),
(342, 'Anitra', 'acurmi9h@java.com', '$2a$04$l7bZYTyjDIogtkoVv9FzveL58CjZINyci9loOtEXZ52dLTrb3hivS', 'https://robohash.org/quissimiliquemollitia.png?size=50x50&set=set1', 0, 1, 22, NULL),
(343, 'Alexei', 'athurling9i@weebly.com', '$2a$04$Y4CLPduY3JMLR5NXIXgXX.ss/SoVAwWLdk973aRpvmyzZBjyXtqHi', 'https://robohash.org/vitaeautratione.png?size=50x50&set=set1', 0, 4, 8, NULL),
(344, 'Marti', 'mmccawley9j@dmoz.org', '$2a$04$yb8rWNDmFgEo7zfzkOnYEey/2DeVKeg5S5/U.Kz6lyRHQ7vFhX.YK', 'https://robohash.org/voluptasconsequaturbeatae.png?size=50x50&set=set1', 0, 2, 34, NULL),
(345, 'Israel', 'ihens9k@deviantart.com', '$2a$04$FlzqF/jR0xs3d0uA.7TJReMrheDrZrVN2thHatwhiqYAQzLHYLHUW', 'https://robohash.org/eosteneturnon.png?size=50x50&set=set1', 0, 3, 75, NULL),
(346, 'Costa', 'casbury9l@ed.gov', '$2a$04$ZC0wrTYM2FBH5sH2GofOfeSEWX7YpsJ2zUHYXPUF4a9fZMOc7bNkK', 'https://robohash.org/delenitiquaevoluptatem.png?size=50x50&set=set1', 0, 2, 39, NULL),
(347, 'Wilhelm', 'wkeeney9m@domainmarket.com', '$2a$04$kiZ/4nh2uPNQQhJwnaJHQeKnjbO3bPqQjbCOp7NpF0i9t1qdoLhYi', 'https://robohash.org/asperioresreprehenderitomnis.png?size=50x50&set=set1', 0, 4, 127, NULL),
(348, 'Lacey', 'ltreharne9n@naver.com', '$2a$04$c/HqBI6kJ6QKBXu18cPlguHyGOaW21.VJxU86Ka2Axf013FugIYRO', 'https://robohash.org/quaeinciduntillo.png?size=50x50&set=set1', 0, 3, 83, NULL),
(349, 'Alecia', 'aferryn9o@pbs.org', '$2a$04$QT7Iwqx7RmFPEfj03yY8kOV6eD16NAOFf7GtYEs5cGvqIRQyncXhC', 'https://robohash.org/nonasperioresdicta.png?size=50x50&set=set1', 0, 1, 103, NULL),
(350, 'Lonnie', 'lhoys9p@dropbox.com', '$2a$04$9cpN05xJ/A4HZaem/06pjenkH/nDN4GazGro8.PJ90L4lStL8lQQK', 'https://robohash.org/officiisminustempore.png?size=50x50&set=set1', 0, 4, 36, NULL),
(351, 'Kaleb', 'kcasoni9q@hhs.gov', '$2a$04$r0Jc3iYa/hmpjYcjONW.ge5bvFVyZIUYzkbxNag7tiwIAnikN/Whi', 'https://robohash.org/autemdoloribusquo.png?size=50x50&set=set1', 0, 5, 187, NULL),
(352, 'Janka', 'jvern9r@hhs.gov', '$2a$04$fAyEb32S.7jpxRXoXvVKZeDEbPr90Fptga1eWPSJJemZtE13zrcia', 'https://robohash.org/omnistemporaexcepturi.png?size=50x50&set=set1', 0, 4, 23, NULL),
(353, 'Margot', 'mwermerling9s@netlog.com', '$2a$04$r7Dr6kQtpza9X3nCNaylBuPHtLzY/91A/9dvVPIULonOVE3X1IMFG', 'https://robohash.org/doloremnecessitatibusvoluptatem.png?size=50x50&set=set1', 0, 4, 57, NULL),
(354, 'Weston', 'wdutch9t@archive.org', '$2a$04$uFQIRUEspFSLPTrJU0Gf0eMjPU5uSDociGvkW/6Gg5NJh3YOBEc1G', 'https://robohash.org/nihiletcorporis.png?size=50x50&set=set1', 0, 3, 19, NULL),
(355, 'Sapphira', 'sphilps9u@4shared.com', '$2a$04$meNvPRpzVgc./2kSWzsRyO9taQt/NKn506jiX2kMQdyvnACf4HsZe', 'https://robohash.org/eosdoloremqueut.png?size=50x50&set=set1', 0, 4, 141, NULL),
(356, 'Teodorico', 'traffin9v@multiply.com', '$2a$04$69JjfpdTif/vLwAnIetIuujs49Tht/GOlnHWxrGS7B2pke64epmAq', 'https://robohash.org/inciduntaspernaturomnis.png?size=50x50&set=set1', 0, 3, 134, NULL),
(357, 'Max', 'mhuffey9w@sina.com.cn', '$2a$04$giCVKR8OvJDWpN4WYwqjhe0L.aTXpbUcbrEpK4JCnvwF/ljl5FDMy', 'https://robohash.org/nullaipsumet.png?size=50x50&set=set1', 0, 1, 61, NULL),
(358, 'Oralia', 'otabb9x@google.es', '$2a$04$1ye018YcGK.wAox.zOqqfO2R00.NFrI1QPok6ucuGoVM8WeoZfNeO', 'https://robohash.org/quivoluptatemeius.png?size=50x50&set=set1', 0, 3, 200, NULL),
(359, 'Dacey', 'doran9y@si.edu', '$2a$04$ouz.J1YkNE0VM11RZbq5J.g69a1FaRchtnGUeN4ZM7tTDdB8brWHW', 'https://robohash.org/officiaesseea.png?size=50x50&set=set1', 0, 2, 71, NULL),
(360, 'Norene', 'nbelfit9z@sbwire.com', '$2a$04$qMajtZXW0KYUZMTfpN5NueiDGquC/.YOjnSeWBPkWIlvGrnjJBa6.', 'https://robohash.org/etnihilut.png?size=50x50&set=set1', 0, 5, 47, NULL),
(361, 'Knox', 'kphettisa0@umich.edu', '$2a$04$ZobooBMK4z0bKyTsQjW3k.Xu780apsvQD.mmVlPvZOaaR8XLAPYUK', 'https://robohash.org/sinttemporibussint.png?size=50x50&set=set1', 0, 4, 163, NULL),
(362, 'Freda', 'fzecchinia1@cam.ac.uk', '$2a$04$3x4s4Xoo5CkSy4MYTOtQkusAQkXS436Zbi0F5kgIifYm02aoJJw62', 'https://robohash.org/occaecatiquiamodi.png?size=50x50&set=set1', 0, 2, 200, NULL),
(363, 'Sadye', 'sdrakea2@fotki.com', '$2a$04$.xge24viZw8ghMO5dVNAwO7uGPPVai28baUjH/4o/ENmJqBQOfJ3a', 'https://robohash.org/similiquedolorex.png?size=50x50&set=set1', 0, 3, 58, NULL),
(364, 'Jorge', 'jgreenleesa3@cargocollective.com', '$2a$04$KmeNBxdUI8O6RRKZn8KfUekCUEa2fJFQPfBiLR4.nWFNMxRnuL9Cy', 'https://robohash.org/velvelsit.png?size=50x50&set=set1', 0, 5, 3, NULL),
(365, 'Craggie', 'ceddisfortha4@rediff.com', '$2a$04$m3BYeML7zANqq5pJjDrGA.8AXwdVZe7FKgppqTsXbtNCTDvNk5pRa', 'https://robohash.org/autquidemiusto.png?size=50x50&set=set1', 0, 4, 31, NULL),
(366, 'Tiffany', 'tpaska5@smugmug.com', '$2a$04$rQIwTOV3Lds3FoQGbeLTgOMZU0ic7U4.wDii0BdLYQyeyhdyysyb2', 'https://robohash.org/nequeevenietnam.png?size=50x50&set=set1', 0, 2, 88, NULL),
(367, 'Alene', 'ahaversona6@over-blog.com', '$2a$04$/8JP.cudkX5wusSEbN2.YutQzAH51BA3h2P6Pdhufc4J5JXZpVnUy', 'https://robohash.org/impeditdoloresblanditiis.png?size=50x50&set=set1', 0, 2, 10, NULL),
(368, 'Wilona', 'wglasmana7@so-net.ne.jp', '$2a$04$9T54hr7aWFENiB0xHsoUIe23r0HZ9oXDxg4XbG9Rf.M4Ej8enSsSC', 'https://robohash.org/eosaditaque.png?size=50x50&set=set1', 0, 1, 28, NULL),
(369, 'Isidor', 'ishovlara8@jimdo.com', '$2a$04$cbmg.ye27rlZOLaRMpyBL.P19DFBwBgZgSJZIbv4QqQpNKbs8EgSO', 'https://robohash.org/blanditiisnullalabore.png?size=50x50&set=set1', 0, 1, 40, NULL),
(370, 'Katalin', 'kterlindena9@ftc.gov', '$2a$04$KfZvAIQy4CdzyIPSJ.1Zweuq4DVjgJv2Hww5aPWDmJLnopNY8E9Ve', 'https://robohash.org/ullamquiaut.png?size=50x50&set=set1', 0, 5, 64, NULL),
(371, 'Nathalia', 'ndoddrellaa@reverbnation.com', '$2a$04$7jO2u35x0Ut4WQxy3a.XmOYCtwzQ/GVTtQikQh5Oj/KfL6rEgJLdW', 'https://robohash.org/itaquesequidicta.png?size=50x50&set=set1', 0, 2, 118, NULL),
(372, 'Phillida', 'ppulhosterab@google.com', '$2a$04$BQBr/EPDXqGaZ0AvyuvBk.hVReguk/yeDh2gr9aou42ctuJR7ILBS', 'https://robohash.org/aspernaturdoloralias.png?size=50x50&set=set1', 0, 4, 175, NULL),
(373, 'Kingston', 'kbesqueac@domainmarket.com', '$2a$04$m9oc8qeXCOZytQNwdQn6be/xuqdjFloRkXXSVarIrErTrvsjRfiDe', 'https://robohash.org/veltemporibuset.png?size=50x50&set=set1', 0, 2, 7, NULL),
(374, 'Carmon', 'cassardad@tamu.edu', '$2a$04$hiRz1bdarc7Kvdm06uqgIezbnkEd5oPOaPsuLwe4SFNaHLfMpP25i', 'https://robohash.org/repellatculpaquia.png?size=50x50&set=set1', 0, 2, 157, NULL),
(375, 'Selia', 'sbafordae@drupal.org', '$2a$04$AomZyuAlg7Nh.kIft/5UOeaFK8dNlcz4/KmwT1HGurlOvkmZ9xHQO', 'https://robohash.org/debitiseumincidunt.png?size=50x50&set=set1', 0, 1, 15, NULL),
(376, 'Marrissa', 'mstonhouseaf@youku.com', '$2a$04$Uo49YhjpwzhfAw6474647e1nwHVxiGdepNbZQs/MaAnKOlKPGIRxy', 'https://robohash.org/quiporroomnis.png?size=50x50&set=set1', 0, 4, 65, NULL),
(377, 'Crista', 'cpaulinag@netlog.com', '$2a$04$wyi0fWRs.0f/Vc7Gnq/3zuS8J9ouiCzI/PuCrc3RpIzuhCXCGs0Su', 'https://robohash.org/quisedsit.png?size=50x50&set=set1', 0, 3, 148, NULL),
(378, 'Teressa', 'teschah@va.gov', '$2a$04$tFMQRAd6wk78cNhN.kSxxekPo9589UUBjoyS9lkFwTZ13i2QG.4/G', 'https://robohash.org/molestiaequorepellat.png?size=50x50&set=set1', 0, 1, 85, NULL),
(379, 'Hanna', 'hquarrieai@amazon.de', '$2a$04$MJBpxs./3DLLeN0f44QhEexh5wfr/TYsHRbvjRtjgY1IvTPx7NSVS', 'https://robohash.org/architectoeumnatus.png?size=50x50&set=set1', 0, 1, 198, NULL),
(380, 'Bastian', 'bdumphreysaj@stumbleupon.com', '$2a$04$oeI2Mnx4WSqIc2NlF0s4IecJxRIqGASBaF5qJgH2AZmLjytHF3BRS', 'https://robohash.org/providentmollitiatotam.png?size=50x50&set=set1', 0, 3, 33, NULL),
(381, 'Orella', 'ochrishopak@xinhuanet.com', '$2a$04$lGzNC.kCWz8QqsCz3cP/Z.mebuCufOim6whl5W.HPUMLAaVmGGj9a', 'https://robohash.org/esseporrovoluptate.png?size=50x50&set=set1', 0, 2, 64, NULL),
(382, 'Audrie', 'ajacoxal@mapquest.com', '$2a$04$lVQS8.L3Faqz6Sker6NnUeLH5oceyRharhlfRr1xAc47ZAjb2J3Qi', 'https://robohash.org/quidemrationevelit.png?size=50x50&set=set1', 0, 5, 75, NULL),
(383, 'Emmalee', 'eyelyashevam@miibeian.gov.cn', '$2a$04$FrOYH9KsJ5ZCSzCVEUwS2ukRa8ilFas15cm4g62ApnflcV44OlVAS', 'https://robohash.org/quodconsequaturperspiciatis.png?size=50x50&set=set1', 0, 1, 49, NULL),
(384, 'Lil', 'lokillan@wufoo.com', '$2a$04$nFke4l2hiOp.lc0IYh8Axeui.5871L/EGJA.3lFbbAZ744BG/5d0K', 'https://robohash.org/mollitiavoluptasvoluptate.png?size=50x50&set=set1', 0, 3, 164, NULL),
(385, 'Jarad', 'jpenvarneao@google.es', '$2a$04$CtPFqsJzvFVwaIMLDLqOt.53gnCH43gizGxRA8CEsPmRB3nCo0cPu', 'https://robohash.org/quismodimagni.png?size=50x50&set=set1', 0, 4, 33, NULL),
(386, 'Burg', 'bpleaseap@delicious.com', '$2a$04$n.eaM6VIOD4JYmKyZvNroew2dv2sgAYYcaumrE7ykKWs/ba/SQaEy', 'https://robohash.org/ducimusexercitationemrem.png?size=50x50&set=set1', 0, 4, 48, NULL),
(387, 'Karalee', 'ksamaq@nhs.uk', '$2a$04$/8JHh5McU6aFe8yHvDXcJudgHiEqBsvVGBIlJWIW/sVkz8jMmXPlu', 'https://robohash.org/quascumlaborum.png?size=50x50&set=set1', 0, 4, 28, NULL),
(388, 'Kalila', 'kgrolmannar@fda.gov', '$2a$04$HadOVVeJKyJONPTQHRmbE.C3ftufvFn6.jRqbwku4PAfG/i3OqcVu', 'https://robohash.org/involuptatibusperspiciatis.png?size=50x50&set=set1', 0, 3, 200, NULL),
(389, 'Richmond', 'rvasyukhichevas@cargocollective.com', '$2a$04$C8a7MrOY9rNUg6621M/OdOCZBlYM14r.31oEhQOSlqtwVrsCueOyW', 'https://robohash.org/laboriosamoptiovoluptatum.png?size=50x50&set=set1', 0, 3, 145, NULL),
(390, 'Annabella', 'aroubertat@pbs.org', '$2a$04$qFSFDUoMtMkZjF4IP3OpvuMX83nBop0GS6r5XAxVFaIhesCPfRXIG', 'https://robohash.org/praesentiumaccusamusvel.png?size=50x50&set=set1', 0, 2, 58, NULL),
(391, 'Nicole', 'nnaptonau@friendfeed.com', '$2a$04$zKWnpqNehKIDsuvga.mBBew.mQICjUalAS39k49ATx9xeYbXDxOQy', 'https://robohash.org/facilisdignissimosnon.png?size=50x50&set=set1', 0, 3, 72, NULL),
(392, 'Aile', 'adarnbroughav@psu.edu', '$2a$04$JeB8t9rhFG/FZ6hzS906q.TtEyuQkUPYaqR5YTFGUbew4Kg8fBUYa', 'https://robohash.org/providentametsit.png?size=50x50&set=set1', 0, 2, 107, NULL),
(393, 'Morten', 'mbenadetteaw@ca.gov', '$2a$04$IlK1SsghVSzH7WkEoBK9K.3odoENrQvboxznidl9LYIy4MyCLzM1u', 'https://robohash.org/consequaturvoluptatibuslabore.png?size=50x50&set=set1', 0, 4, 21, NULL),
(394, 'Sigrid', 'sgarfittax@google.fr', '$2a$04$eqaRMozLunQ0GOqHrNoelOiMfQwwtzjgremZDtDSdYtvoyqeJUhLe', 'https://robohash.org/itaquetemporibusid.png?size=50x50&set=set1', 0, 2, 138, NULL),
(395, 'Morrie', 'mlackmannay@upenn.edu', '$2a$04$.Yf1VMDTHMpm2QGEfrZ90uR5lMvkq/4mLRkthClvMez.6109K.1bG', 'https://robohash.org/molestiaelaudantiumcumque.png?size=50x50&set=set1', 0, 3, 181, NULL),
(396, 'Crysta', 'cvankeevaz@smugmug.com', '$2a$04$M4TUJUOkwKHb1OPaCaHYVufRvPTROal91DwQZ4aNueKHdRlJjFU32', 'https://robohash.org/doloribusnihilincidunt.png?size=50x50&set=set1', 0, 1, 122, NULL),
(397, 'Rania', 'rivyb0@shop-pro.jp', '$2a$04$nhao5gTG7h87rYq/pjYBhO41Ce7IWEphOhMIDdQRp4T2HnSCuFRq.', 'https://robohash.org/idnobisrepellendus.png?size=50x50&set=set1', 0, 4, 15, NULL),
(398, 'Brock', 'bclousleyb1@seesaa.net', '$2a$04$4aastpsh26f40P0xHPCf3O4kL8W8Gsz5sLxGdeJNLzD0Xn34fCGWC', 'https://robohash.org/asperioresdoloremquevoluptas.png?size=50x50&set=set1', 0, 5, 84, NULL),
(399, 'Johnathon', 'jedgecumbeb2@google.co.jp', '$2a$04$VCsvkn5ojYEz5.5HlLXwueTToCyzDr3WeUB7G5iyfm1td3tnDl5..', 'https://robohash.org/nemofacilisporro.png?size=50x50&set=set1', 0, 3, 130, NULL),
(400, 'Cesya', 'cwellenb3@google.ru', '$2a$04$BY4X/BPPg.XF52HXmUo3kuV5IOm.1M2TWNa2pZmM8cupWMyoBwXj2', 'https://robohash.org/deleniticommodinesciunt.png?size=50x50&set=set1', 0, 2, 195, NULL),
(401, 'Dianemarie', 'dbeetb4@thetimes.co.uk', '$2a$04$Kwp4DieeZ5oaPrkqKSGJ8.4OliHXBFWtTwwyNw1asjiG91YI1lzCm', 'https://robohash.org/etenimnon.png?size=50x50&set=set1', 0, 5, 9, NULL),
(402, 'Addison', 'awishkarb5@sakura.ne.jp', '$2a$04$Gx7xLiueeLhO7/AEC1DwzuEwrK9PToSnZCjDviAM20QD4CJYFrWFe', 'https://robohash.org/optiocorruptieos.png?size=50x50&set=set1', 0, 3, 13, NULL),
(403, 'Margette', 'mdoogoodb6@delicious.com', '$2a$04$OG5p58hZwM0GnDf3xDd/8.ulcRs7isMXNI5060IChm2kRc/y5Drf.', 'https://robohash.org/nisiestquos.png?size=50x50&set=set1', 0, 2, 116, NULL),
(404, 'Janith', 'jlytleb7@odnoklassniki.ru', '$2a$04$xja1pk0wK0E13ngGM.ABN.vn5HtyxScoGaiu2oblhA.3Ip9pALUlC', 'https://robohash.org/modicumquenon.png?size=50x50&set=set1', 0, 1, 113, NULL),
(405, 'Ashlan', 'arodgerb8@reference.com', '$2a$04$khGgCjvMu0k7yGeI4fEaxeAanQok6B9Mx6vKVaVt6YpjMjlueyzJy', 'https://robohash.org/velnisiblanditiis.png?size=50x50&set=set1', 0, 4, 95, NULL),
(406, 'Bobbie', 'bmckueb9@digg.com', '$2a$04$gBasTmkQGxVMXHmk5roOBO04NfHjqCvu2/0kONfwypWCS9CxLvdeG', 'https://robohash.org/officiisoccaecatineque.png?size=50x50&set=set1', 0, 1, 77, NULL),
(407, 'Upton', 'ugreenoba@fda.gov', '$2a$04$BJJwsNosmTtL.vuZl1GCgesGdpH/RwQnOWFZaBt02zaoD0n3vZkTi', 'https://robohash.org/autautut.png?size=50x50&set=set1', 0, 3, 187, NULL),
(408, 'Tudor', 'trutterbb@bloomberg.com', '$2a$04$dSBI/yd7TjXEwUzE/yP4k.EbuDNO0rlbt.Uoq6uP9e/hzxiIPBlB6', 'https://robohash.org/estquisminus.png?size=50x50&set=set1', 0, 1, 164, NULL),
(409, 'Birgit', 'bspencleybc@fda.gov', '$2a$04$DRITCOdTR90wDRST6zbU6u9o91wJHBaL5wplMWRDGn3JHHemfTyuO', 'https://robohash.org/odioveritatisquidem.png?size=50x50&set=set1', 0, 1, 105, NULL),
(410, 'Gaby', 'gprimarolobd@4shared.com', '$2a$04$ygCT9BxPPcFn/Lydij3Qd.f30ilODZhU1W54Wo7rSWMepZdUWFELC', 'https://robohash.org/quoconsequatursapiente.png?size=50x50&set=set1', 0, 5, 151, NULL),
(411, 'Annice', 'afarleighbe@about.me', '$2a$04$rusm79gRi1n3u3aJ6KC3.eAfiyfI6D0lN0XYUooWFY7avAZZf3Ttu', 'https://robohash.org/etsuntomnis.png?size=50x50&set=set1', 0, 2, 160, NULL),
(412, 'Marlene', 'meverardbf@t.co', '$2a$04$3E7feQXXh.iI7cKFGn1PgOnVLfWsTsilOjeOl6Aa4GNatVX0eHMkG', 'https://robohash.org/abmolestiaevoluptatem.png?size=50x50&set=set1', 0, 5, 56, NULL),
(413, 'Northrup', 'nabellsbg@seattletimes.com', '$2a$04$voJ6qwY2vA.dCx1bKINRQu92Dz5TL2Of0o0z2XmCS17YqR0MUg1JS', 'https://robohash.org/autemsedodio.png?size=50x50&set=set1', 0, 5, 79, NULL),
(414, 'Guy', 'gbalinebh@ted.com', '$2a$04$TJVoEQcu/mLjEyL99tjqJuBvkcnxGZvmpQPsgCD25VdiESKXF8Fs.', 'https://robohash.org/atbeataeitaque.png?size=50x50&set=set1', 0, 2, 110, NULL),
(415, 'Delainey', 'dsabbertonbi@slashdot.org', '$2a$04$olubwNg.Ae66alME4uyFYuS/rp0PRzTBU/5l1AcuO0f5k0VvuqYee', 'https://robohash.org/inventorecupiditateaspernatur.png?size=50x50&set=set1', 0, 2, 175, NULL),
(416, 'Dianemarie', 'dshelfbj@archive.org', '$2a$04$puVYANCG5YD7FdioguDKye.eHhnTdP/X6yU3BrG5HjKOypX9zJkvu', 'https://robohash.org/voluptasnonimpedit.png?size=50x50&set=set1', 0, 5, 32, NULL),
(417, 'Anya', 'abowbk@cargocollective.com', '$2a$04$UshCPj6qn5SELIN/5PRpTuxBrb6SFHW9KOC4QjNQdQKScJCamVmTW', 'https://robohash.org/quitemporerem.png?size=50x50&set=set1', 0, 1, 12, NULL),
(418, 'Janeta', 'jhalbertbl@odnoklassniki.ru', '$2a$04$SkHurO4Mjk7bOIW4TPMLOemEHFW4yReBlY2ht86dJbNL/f1FOzYNq', 'https://robohash.org/ipsateneturpariatur.png?size=50x50&set=set1', 0, 2, 186, NULL),
(419, 'Issy', 'ipixtonbm@soundcloud.com', '$2a$04$8OM6M4ub73cVaJmeRFG5MeG3.Zkgxs6SlZTekKFPNHyUrXbvztFZ.', 'https://robohash.org/autabmagnam.png?size=50x50&set=set1', 0, 5, 112, NULL),
(420, 'Adrian', 'abrecknellbn@51.la', '$2a$04$eB0n/6hDyBOeOwrF9vq3j.0vnWWiI6RYAONLsBxfB5IrN9.icNcIi', 'https://robohash.org/nonvitaeducimus.png?size=50x50&set=set1', 0, 2, 146, NULL),
(421, 'Barnabe', 'bglazyerbo@themeforest.net', '$2a$04$LNFum3PlnYjPavqJpApTpOX6B6lqNM9HihO7EGr7BkcYL87xeqmqq', 'https://robohash.org/fugaabrerum.png?size=50x50&set=set1', 0, 1, 142, NULL),
(422, 'Ardra', 'acromblehomebp@github.io', '$2a$04$9mYpmzLiWsJjPjgTAsmVZeKY/6t3pr4sJ972yI40bODpDM0qB48iK', 'https://robohash.org/quietmolestiae.png?size=50x50&set=set1', 0, 5, 101, NULL),
(423, 'Sonny', 'skrochbq@usnews.com', '$2a$04$KKrE495d5/lnRLX4MqKDZeoW2O7quNKMWnXOefhLldoq4VITyI6Ia', 'https://robohash.org/earumodioratione.png?size=50x50&set=set1', 0, 3, 160, NULL),
(424, 'Ariadne', 'agentricbr@miitbeian.gov.cn', '$2a$04$vmT1sdTs/4gdwKEHo2baI.vyW71tl9/cxz2ixgCh8ufBNEsCSo8xW', 'https://robohash.org/dolorumtemporibuscorrupti.png?size=50x50&set=set1', 0, 2, 163, NULL),
(425, 'Coletta', 'cpurringtonbs@seattletimes.com', '$2a$04$FAHfyZKCjQ33A10KvaC4mOkDVHUmCMPcqUbLKe50auaCKf.fRjM5C', 'https://robohash.org/estoptioratione.png?size=50x50&set=set1', 0, 1, 172, NULL),
(426, 'Guendolen', 'gsollisbt@ow.ly', '$2a$04$yxmekYxNUx/j6an7EoRInuzRZiyL2BeK1t/IWPzYKrwjB5d9vzQle', 'https://robohash.org/temporibuslaudantiumqui.png?size=50x50&set=set1', 0, 2, 165, NULL),
(427, 'Craggy', 'cvidyapinbu@ycombinator.com', '$2a$04$EL2Tbmy6lApDYIg4/WwHI.MtatikVXa/m/jIFET1vRvEM0Ak7xjGG', 'https://robohash.org/dolorempraesentiumdolore.png?size=50x50&set=set1', 0, 2, 51, NULL),
(428, 'Marketa', 'mdellarbv@dailymail.co.uk', '$2a$04$3NoncPPMSDiLQvecvrCEi.logGmiDVcap0CGF5hgqAQw7tQN48wfK', 'https://robohash.org/doloresipsaoccaecati.png?size=50x50&set=set1', 0, 3, 49, NULL),
(429, 'Chelsie', 'cgoodhaybw@ocn.ne.jp', '$2a$04$czzW6g2YpwcEaQYASZej3e8rb52Jsi6Dfrcdx3TYpBG3jDZfk9gMK', 'https://robohash.org/nostrumomnismaiores.png?size=50x50&set=set1', 0, 5, 136, NULL),
(430, 'Dorine', 'dredwoodbx@webnode.com', '$2a$04$G.cnyvlW7fAmn4UVjN.3dOJuKjh48/A6okCO/9gycAAuOljOVXJ/y', 'https://robohash.org/exercitationemvoluptateset.png?size=50x50&set=set1', 0, 2, 56, NULL),
(431, 'Trever', 'tmacduffieby@posterous.com', '$2a$04$Hj70ULQgQoRNv8XexjrRn.vdqbFew4wEDeCgLGq6PHhnxBBLiSQuO', 'https://robohash.org/mollitiaeaat.png?size=50x50&set=set1', 0, 2, 102, NULL),
(432, 'Yevette', 'ygrimsteadbz@noaa.gov', '$2a$04$nNX5mC5/bMs5SY4mV.3VkecQlEhcpoPx15LxlrvoaczL3b1G7OSvK', 'https://robohash.org/doloribusdolorvoluptatem.png?size=50x50&set=set1', 0, 1, 43, NULL),
(433, 'Jorgan', 'jjellardc0@cdbaby.com', '$2a$04$hdY3hTbrwYsl1S/1AEBjO.wASx8LUtKSMawIt9.dNkGHklP0lC8s2', 'https://robohash.org/errorvoluptatenon.png?size=50x50&set=set1', 0, 5, 8, NULL),
(434, 'Obadiah', 'otessymanc1@lycos.com', '$2a$04$JPPvYyvpydyyRX1h8/854uoMCZ5cdXLyzqc9E8I5nJ9ghHNFO6xoq', 'https://robohash.org/sequitemporibusnemo.png?size=50x50&set=set1', 0, 4, 60, NULL),
(435, 'Coraline', 'cbrocklebankc2@apache.org', '$2a$04$X2GTQfwBbMKkvw.Wa/kl8udY9FYb1lg23Huxosr4irigGcOInmFjq', 'https://robohash.org/earumaliquidmolestiae.png?size=50x50&set=set1', 0, 5, 3, NULL),
(436, 'Debi', 'dcasettac3@spotify.com', '$2a$04$jVpe9HgmrMVUXb/814u90utfeuqmv/u0Z4IZSjpZIFavfW4QI5jlC', 'https://robohash.org/consequaturutoptio.png?size=50x50&set=set1', 0, 4, 102, NULL),
(437, 'Florinda', 'fmangenotc4@blinklist.com', '$2a$04$HJrCvS1VkJn4oEY5OPmPWOFpu6qLsgBz8fFBZB2G5YaGJKTb3qXsq', 'https://robohash.org/voluptatumconsequaturaut.png?size=50x50&set=set1', 0, 3, 52, NULL),
(438, 'Alyosha', 'apantryc5@ihg.com', '$2a$04$1PgXKEptoj6VZzpbg9zaeuT9o/1h2491Hnc50AfDpXRxKl5g.XiGO', 'https://robohash.org/similiquenobisnatus.png?size=50x50&set=set1', 0, 5, 83, NULL),
(439, 'Ximenez', 'xwalteringc6@chicagotribune.com', '$2a$04$O5eZp/Qp0AugSX4qW0.PXOlxqwOrWXmrh6ueutHOMQ3Pg3tO.Mjii', 'https://robohash.org/assumendaaperiamfugiat.png?size=50x50&set=set1', 0, 2, 105, NULL),
(440, 'Siegfried', 'smoohanc7@geocities.jp', '$2a$04$cOcECFPzmEMPjCDG562FauT5T0zf/OqU5dVpK/kf7Q5oA05iAOQD2', 'https://robohash.org/laudantiumdolorealiquid.png?size=50x50&set=set1', 0, 4, 199, NULL),
(441, 'Dyan', 'dkobschc8@e-recht24.de', '$2a$04$4KlsDtzTQMncl8qZdog/HulcLVcHXapcmrYUXs.sUdXlAcfmvAC/i', 'https://robohash.org/maximecommodiquod.png?size=50x50&set=set1', 0, 3, 154, NULL),
(442, 'Jackson', 'jfetteplacec9@prweb.com', '$2a$04$.Q8RcYFwdprLtQO4FYOByePuCun3MTFZBuYw8aH1BVuxnL4w4lfDe', 'https://robohash.org/iditaquein.png?size=50x50&set=set1', 0, 2, 120, NULL),
(443, 'Mable', 'mbrosterca@state.tx.us', '$2a$04$XK/UukfXzIsJOqLIBNOkyuRPZlBbRiVNvMbGQToqQimnzQ5.WpDsS', 'https://robohash.org/consequaturetquia.png?size=50x50&set=set1', 0, 5, 43, NULL),
(444, 'Genny', 'gblesingcb@globo.com', '$2a$04$.BbAhEWeo3MxEelSjrUmdu/POwxZdRFsaC4oMVAN764ae3pZTFqCW', 'https://robohash.org/dictafuganecessitatibus.png?size=50x50&set=set1', 0, 3, 185, NULL),
(445, 'Bertram', 'bheiningcc@youku.com', '$2a$04$a7ncZO7D9WRLH.CbgnMl1.SMI0vw.Qz4JRhxRdNy6yzga9eWIdEOe', 'https://robohash.org/perspiciatisblanditiisodio.png?size=50x50&set=set1', 0, 1, 83, NULL),
(446, 'Lovell', 'lclimpsoncd@merriam-webster.com', '$2a$04$UOMvlPmPHqjNle9sEWDFe.bguWWQ.hg/8uTvwdBB2jsfu0GqOdCb.', 'https://robohash.org/consequaturdebitisdolore.png?size=50x50&set=set1', 0, 1, 179, NULL),
(447, 'Sumner', 'spenhaleurackce@alibaba.com', '$2a$04$ajqeumYn5HD574pIQkvmUejwEuE9zJLVhf4OebSyLhl7dH0yJ6fJy', 'https://robohash.org/iustoquialaboriosam.png?size=50x50&set=set1', 0, 2, 11, NULL),
(448, 'Fair', 'fbramercf@google.co.jp', '$2a$04$2kxW7Rc7HnvObGq7ItoFW.UqL.pYNLouR7o3Kfcq0FxuQ.LBzfoxO', 'https://robohash.org/quaequasialiquam.png?size=50x50&set=set1', 0, 1, 123, NULL),
(449, 'Idaline', 'imozzetticg@usgs.gov', '$2a$04$wYwHF1N1zmnc9UNsvdxJSe6Rmqum3NR8VGKXuaomZdrORvK5.stSW', 'https://robohash.org/molestiaeplaceateaque.png?size=50x50&set=set1', 0, 4, 143, NULL),
(450, 'Eva', 'ekurdanich@seattletimes.com', '$2a$04$9w46q8/oTToye796woxAFeIW4B6q1BCJiy4mh3DTTaZUKY3lnYD5u', 'https://robohash.org/exercitationemminimadolore.png?size=50x50&set=set1', 0, 5, 31, NULL),
(451, 'Louise', 'lthalmannci@newyorker.com', '$2a$04$HebmSCqGK4EaK6Vx2UQra.suatuRUn7IJwkPaxZuL7VRM.bzw0Tcm', 'https://robohash.org/adminusassumenda.png?size=50x50&set=set1', 0, 1, 86, NULL),
(452, 'Laina', 'lchaffcj@home.pl', '$2a$04$k3G05aofqkRM1eUhWyy/.uAKM91YjlF4wQltq2Ro7RCFtl0NMW.Ge', 'https://robohash.org/quasaliasconsequuntur.png?size=50x50&set=set1', 0, 1, 117, NULL),
(453, 'Nance', 'nswattenck@sohu.com', '$2a$04$Fs.bJ40et1QDxE7zOatlFeS3fRGPXxY10tUmb6GT9l7FdXoA.aBbm', 'https://robohash.org/exaliquammagnam.png?size=50x50&set=set1', 0, 2, 96, NULL),
(454, 'Karie', 'kboeckecl@bigcartel.com', '$2a$04$faAV7lr9D2l1icDtWwktZeLnXQ/hKt3d3Tmz2zv7efkEcFEyz2N0i', 'https://robohash.org/quinullareiciendis.png?size=50x50&set=set1', 0, 2, 67, NULL),
(455, 'Jareb', 'jschneidarcm@qq.com', '$2a$04$9pKepm.ilooYeeCZgP7L5uavJlhp2qPMGyBz9QUQIL5zT2jAXAyda', 'https://robohash.org/eteumin.png?size=50x50&set=set1', 0, 3, 177, NULL),
(456, 'Robin', 'rhueycn@sciencedaily.com', '$2a$04$4CnyqRk0lMpEthcJlkCLruZUI16qNwhwKQH3M5H8LY78w6Bq5F/QC', 'https://robohash.org/vitaeconsequatura.png?size=50x50&set=set1', 0, 5, 155, NULL),
(457, 'Abbye', 'atarnco@fda.gov', '$2a$04$vNu/CODfax56SEDubaT5.elvbb/ibMP.BVvtpbgYrWmdNfRA8q0bC', 'https://robohash.org/quidemculpadolor.png?size=50x50&set=set1', 0, 4, 128, NULL),
(458, 'Lida', 'lpaigecp@smh.com.au', '$2a$04$w1m2q97SDxlEPl1b67n0/umSlmzr1CNMFPJHWY6We.r/1f7afud4W', 'https://robohash.org/atqueeumaut.png?size=50x50&set=set1', 0, 1, 109, NULL),
(459, 'Chrissy', 'csnaselcq@sphinn.com', '$2a$04$rD1n69t0s5d1BgFUPu.dR.IBQueAiA63p73s6P1cg5DtTRy9t2NCS', 'https://robohash.org/autestlabore.png?size=50x50&set=set1', 0, 5, 197, NULL),
(460, 'Jania', 'jgantzercr@tinyurl.com', '$2a$04$JeSEYlKXa8QndnXz8m6QIuHFNTYcYY2Z.sKJntsYHXMOdabvhzxQq', 'https://robohash.org/ducimusestmodi.png?size=50x50&set=set1', 0, 1, 35, NULL),
(461, 'Callie', 'challgalleycs@guardian.co.uk', '$2a$04$75dMfj6/wXEuceF54mBMKeErGaG9hxhNClbzrNrXmVpBsixUQ3rx2', 'https://robohash.org/aliquiddebitisquaerat.png?size=50x50&set=set1', 0, 2, 166, NULL),
(462, 'Elston', 'egrisenthwaitect@skyrock.com', '$2a$04$Wb6sbrjh9iuWaUhMyZwW1O6mCOP8H6r6iraU9pYrkxwGQIkP0QmaS', 'https://robohash.org/atemporealias.png?size=50x50&set=set1', 0, 1, 125, NULL),
(463, 'Charlean', 'ckleanthouscu@marriott.com', '$2a$04$wgtB5L1env2dVZ2sQrPSlOo.cuVk8ARWbg2SdSsrsYT9wR1jf8BXa', 'https://robohash.org/estautcupiditate.png?size=50x50&set=set1', 0, 2, 190, NULL),
(464, 'Mikaela', 'mchoffincv@spotify.com', '$2a$04$CRmF/Kv/aTM8/D2Jjop/9.mhFPGIMlBa/1a7g/EHPkLTPiTWhrf7O', 'https://robohash.org/iurehiccumque.png?size=50x50&set=set1', 0, 2, 198, NULL),
(465, 'Christy', 'cvannercw@disqus.com', '$2a$04$NGq3lFrzAekY.Jiwa1yvvOYWHgQ3DDQXw9/uuF6kthxPUTkrvblyS', 'https://robohash.org/esseautcumque.png?size=50x50&set=set1', 0, 1, 146, NULL),
(466, 'Sauncho', 'switterickcx@mysql.com', '$2a$04$XdRHjOPl.NieIgKs6Vtl8..fOcgrEGmxucWtMeThsDpUujMzZKJY.', 'https://robohash.org/sequiquiadolorem.png?size=50x50&set=set1', 0, 3, 77, NULL),
(467, 'Angelico', 'atomblincy@tinypic.com', '$2a$04$j2hheGxnck9itzUaiUU2BO8ihUbU3p/uc2HVma3jQ5BURdC03YMdS', 'https://robohash.org/voluptatemestsed.png?size=50x50&set=set1', 0, 2, 62, NULL),
(468, 'Jaimie', 'jantunescz@ft.com', '$2a$04$CJtjZh6sAYWw5FdKndSoxukFXekVxmkP92JRdiSac5N4.8VXhaPsC', 'https://robohash.org/aeumrepudiandae.png?size=50x50&set=set1', 0, 1, 112, NULL),
(469, 'Jackie', 'jlowersd0@bandcamp.com', '$2a$04$AqCHE3NN.IKuzYHqEkPene6e/HCHEH.JbAYkOOSDxpUDAxRRxYXxm', 'https://robohash.org/consecteturarepellendus.png?size=50x50&set=set1', 0, 3, 86, NULL),
(470, 'Mair', 'mstaniforthd1@bizjournals.com', '$2a$04$IzHGWEjzCf2RPg9nW5mvTuKUnG.h.3TkKZxqf7Il.ByqL94qV2OUO', 'https://robohash.org/inciduntvoluptatemitaque.png?size=50x50&set=set1', 0, 4, 92, NULL),
(471, 'Derrik', 'dmackeoghd2@usa.gov', '$2a$04$LSJaS5FGi7vk9kAIreX49OvVO5NcgXqn6ppG8di3.gNlQXC2MoKtS', 'https://robohash.org/animisapienteconsequatur.png?size=50x50&set=set1', 0, 4, 88, NULL),
(472, 'Creigh', 'cguitond3@blogger.com', '$2a$04$DE/gSA10oQPfeE9dErIIr.eYOZY300W/Me/.5NpbOTZU/pXKpQJHS', 'https://robohash.org/nonnamvoluptas.png?size=50x50&set=set1', 0, 1, 11, NULL),
(473, 'Ancell', 'amacmenamind4@tiny.cc', '$2a$04$lkKF6p391/rCJW7J/8kNUOe3DBzbNEnZl8cTtEvL39KizDtmL2njy', 'https://robohash.org/cumsitdebitis.png?size=50x50&set=set1', 0, 1, 147, NULL),
(474, 'Paco', 'pgalled5@homestead.com', '$2a$04$IuuCf2WGrf36o9tMs.zPx.olJ8hRP5TQb5.N7/vkPzqh5ctUa1p8a', 'https://robohash.org/quibusdamfugitdoloremque.png?size=50x50&set=set1', 0, 4, 128, NULL),
(475, 'Goddart', 'gchildesd6@wikipedia.org', '$2a$04$YBkfe3OQBUDAuzspQYM9S.klNgMRjBudhn6Q2WTzf9iEmdxOmaGWe', 'https://robohash.org/itaquedolorumexpedita.png?size=50x50&set=set1', 0, 1, 197, NULL),
(476, 'Fitzgerald', 'fbenedicted7@mozilla.com', '$2a$04$3vkahfjGgHZ6tQ0hxN3NcevCO/Huoe9nvkR/uqGWuzCnzdaQd/8By', 'https://robohash.org/voluptatemcorporisvelit.png?size=50x50&set=set1', 0, 5, 90, NULL),
(477, 'Joly', 'jdukesburyd8@g.co', '$2a$04$UVWyo5DJ2ZT4Ia71pKRXGekf1E.Z.cFv9Uds2f3m97r9gQDwm5uQq', 'https://robohash.org/quismollitiaporro.png?size=50x50&set=set1', 0, 5, 168, NULL),
(478, 'Archie', 'acyplesd9@umich.edu', '$2a$04$8QxNQ1qStORn0UTtmcVbeOh4cohp9WbG/HjUlJ2/TyQ140t2sr5cu', 'https://robohash.org/inventorevoluptasmolestiae.png?size=50x50&set=set1', 0, 3, 174, NULL),
(479, 'Jdavie', 'jdambrosida@nature.com', '$2a$04$LO8H53AnNBqBu4pOs7oQR.RD9wvSgsO4roA1f32RUQ.ce9YfW9CHy', 'https://robohash.org/reprehenderitporroquis.png?size=50x50&set=set1', 0, 5, 64, NULL),
(480, 'Erminie', 'evaninidb@chron.com', '$2a$04$Mwn4Xx1MEOqFtWe/ul6ZruMCEYl9DxaRYtXUXdwM3saYkloAQbpRS', 'https://robohash.org/earumquosvelit.png?size=50x50&set=set1', 0, 3, 112, NULL),
(481, 'Devi', 'dnearydc@answers.com', '$2a$04$5wAT0pXZpn2J9lDFMNHBOe188XqkqlATVIq2MNmD3cAz0NVz2u/DO', 'https://robohash.org/consequaturinciduntquia.png?size=50x50&set=set1', 0, 5, 133, NULL),
(482, 'Sonny', 'sbernocchidd@github.io', '$2a$04$Gsl0fdD/UMdvHvjzhS8hi.UzR34KxV7Y8plN3HNk4M3ekbe.oS/Cq', 'https://robohash.org/quivelat.png?size=50x50&set=set1', 0, 2, 171, NULL),
(483, 'Garv', 'gathersmithde@mashable.com', '$2a$04$VSwiiFMxLrn/ny8tTy5yxuQuJkbb8rkwdCZURn1y5oiP3Wj6g2axO', 'https://robohash.org/iddolorumest.png?size=50x50&set=set1', 0, 3, 2, NULL),
(484, 'Langsdon', 'ldobiedf@hao123.com', '$2a$04$o6dtmF7Wdx2Mv6V2r.c3t.0.qQmJ6q.laDSHaO/l.jVVcS2XrD00i', 'https://robohash.org/accusamusharumtempora.png?size=50x50&set=set1', 0, 5, 68, NULL),
(485, 'Fidole', 'fhinderdg@mozilla.com', '$2a$04$2sLcCpjg2pT18dqTFgEIGeMDc6ZpaF1rc1wCbur4bS7sdzNf2PVby', 'https://robohash.org/perferendiseumrerum.png?size=50x50&set=set1', 0, 2, 165, NULL),
(486, 'Gunther', 'gkrolikdh@constantcontact.com', '$2a$04$AzOIl.tXP8DMSXTOwTt/0uC91bUF.IE.Fib2S0IrYlcEUoR5VjzqS', 'https://robohash.org/autemdoloremut.png?size=50x50&set=set1', 0, 2, 132, NULL),
(487, 'Phillis', 'pfardoedi@squarespace.com', '$2a$04$GNGgiq86nHJCcBcNepnvvOVzqV5idD5d9u2y.xS1DKJcov9f2NrPO', 'https://robohash.org/aliquamquisprovident.png?size=50x50&set=set1', 0, 2, 67, NULL),
(488, 'Winifield', 'wriseleydj@ft.com', '$2a$04$h9svU7dfLq0J4qlL.75rnOAXycwIlp/BSLfkGsy.CnzRHvvgTK/qC', 'https://robohash.org/quidematquesunt.png?size=50x50&set=set1', 0, 1, 69, NULL),
(489, 'Merrile', 'mdowglassdk@usgs.gov', '$2a$04$vZMCMjQU1LT6vfJuVXT4NutpHjVZfe/vgoqqqe4sOlDy9iPFJB9qW', 'https://robohash.org/atquealiquidquidem.png?size=50x50&set=set1', 0, 2, 79, NULL),
(490, 'Sidonnie', 'sjerydl@newyorker.com', '$2a$04$1DnWF57QK7707cvFRzI0wupUPTr/mskaH5Bi9487ROhU5OM5QW2Tq', 'https://robohash.org/etetaut.png?size=50x50&set=set1', 0, 4, 78, NULL),
(491, 'Patty', 'pdohmsdm@springer.com', '$2a$04$ovBj4jJIliT3wouDcWDlu../BJB9.ZK4OYF3Q2lqdBPTdcOjWV5Xq', 'https://robohash.org/nonarchitectoet.png?size=50x50&set=set1', 0, 3, 21, NULL),
(492, 'Chet', 'ckirkbydn@usgs.gov', '$2a$04$UyHi6aUMq.1DO21uKkHwDuqqia.hPjpACH/.LZ.MyoLs52xngBzLO', 'https://robohash.org/voluptateoditadipisci.png?size=50x50&set=set1', 0, 2, 28, NULL),
(493, 'Gisele', 'gshatliffedo@deviantart.com', '$2a$04$SdTbvUOz7k0HlEcYu0gWeep0wU3OImKLbK1FnkzB9tvyM4vSfJ6O2', 'https://robohash.org/etmolestiaefacere.png?size=50x50&set=set1', 0, 2, 156, NULL),
(494, 'Belia', 'bjodkowskidp@ed.gov', '$2a$04$ANYV3cGsbmNfRSbiWJCo5uCOuJqyfnyZ6nuTB3rWX7.0bKqP8S5UC', 'https://robohash.org/quaeratsolutasit.png?size=50x50&set=set1', 0, 3, 72, NULL),
(495, 'Rosalinda', 'rturfesdq@dyndns.org', '$2a$04$rN79tGqGRIzpWPYhTsOUs.NrkEXY.gXs7MYpZLofIjTN4Pu/N5Kou', 'https://robohash.org/perferendisillumrecusandae.png?size=50x50&set=set1', 0, 1, 114, NULL),
(496, 'Roldan', 'rrenakdr@wikispaces.com', '$2a$04$V3/xID10P5U2/.ADfcwqFOFr0zQlgoLMe6IABywFUlDGcI6yNyR.a', 'https://robohash.org/eaquepraesentiumipsum.png?size=50x50&set=set1', 0, 4, 70, NULL),
(497, 'Belia', 'blarderds@quantcast.com', '$2a$04$YxkCohBU/yNixA4MDTNvOuvW/c.CQUUPwJgq3ImSxlAwrldtA7v4C', 'https://robohash.org/idconsecteturet.png?size=50x50&set=set1', 0, 1, 11, NULL),
(498, 'Lina', 'lmaslindt@live.com', '$2a$04$bljFNsT074EA2K9BEipyaOCPWz4rVDorDZyCjqCQOhOUjXyuKfj7K', 'https://robohash.org/omnisestdolor.png?size=50x50&set=set1', 0, 4, 84, NULL),
(499, 'Arlyne', 'aheckdu@csmonitor.com', '$2a$04$XUmDxm6aLzirwb8uRlKX3e.I26NrZTYy1G.R3BtrdT0PUHvsCJ7vi', 'https://robohash.org/veniamautest.png?size=50x50&set=set1', 0, 1, 82, NULL),
(500, 'Al', 'acareswelldv@dyndns.org', '$2a$04$VrLa8ReFzPa0fFhqGR4r/ugLpczJPEoadvEucJVJIJFwwjuChbItG', 'https://robohash.org/mollitianonoccaecati.png?size=50x50&set=set1', 0, 2, 132, NULL),
(501, 'Madison', 'mcavilledw@earthlink.net', '$2a$04$5en4JygB1ZCAMaq1Op81feRxmUgrgI7KQKOYWPYR35Y7rZ5opVqwm', 'https://robohash.org/consequaturinet.png?size=50x50&set=set1', 0, 2, 38, NULL),
(502, 'Leonard', 'ltaxdx@cornell.edu', '$2a$04$HwHRV30zFFP5H9/dovNV5O5Bak5hYB6jP7i1FnpP9yeHGoIZ61/LO', 'https://robohash.org/saepecumquo.png?size=50x50&set=set1', 0, 4, 97, NULL),
(503, 'Agneta', 'aparkissondy@dropbox.com', '$2a$04$OS.JO62B1qqBMbbx3aysPOmr4Izd1MraF9hEYUIHBJap/6UntG92i', 'https://robohash.org/debitisplaceatvitae.png?size=50x50&set=set1', 0, 4, 122, NULL),
(504, 'Sylas', 'spriestlanddz@sourceforge.net', '$2a$04$M1miU4emrEaZwgNEdfxhHefYG7/eEL/O1bHHgNWzPPAMwRLyB1II2', 'https://robohash.org/delenitifugasint.png?size=50x50&set=set1', 0, 3, 106, NULL),
(505, 'Hyatt', 'hofenere0@tamu.edu', '$2a$04$bfJjMRrojfr.JK1GsUzI8.RBvjHamdLWJRTbhSEjdWH7L5lxylCEi', 'https://robohash.org/voluptatemetaliquam.png?size=50x50&set=set1', 0, 4, 150, NULL),
(506, 'Tova', 'tharlicke1@privacy.gov.au', '$2a$04$pnN8nzrktkaEfjgltR9DJObpfsMURCuOqNYEQCan0ruaBufptJ0Yu', 'https://robohash.org/cumquenonet.png?size=50x50&set=set1', 0, 2, 15, NULL),
(507, 'Lilian', 'lcharplinge2@latimes.com', '$2a$04$EuE8CcV.s8naUmND6J2QTeQrny0egCzaiHjDB8yVzFLfSE0jqJEFq', 'https://robohash.org/sitvoluptatemnulla.png?size=50x50&set=set1', 0, 5, 165, NULL),
(508, 'Alysia', 'agillibrande3@ftc.gov', '$2a$04$9jA12Dj.Z2SuVBYM56BxcegiRQFv5/HyGl/a/UWBWFqC2KYFkateK', 'https://robohash.org/quiquieos.png?size=50x50&set=set1', 0, 5, 107, NULL),
(509, 'Angeli', 'asteinhammere4@rediff.com', '$2a$04$XNx6a21VT06uq8HrXk4/Zu.3zNVFes1zdgBQX/Cl2o7AgeSwCu3P6', 'https://robohash.org/idsintquo.png?size=50x50&set=set1', 0, 3, 195, NULL),
(510, 'Trey', 'tinkere5@dell.com', '$2a$04$NfBESriwQVHwkGDJ3XMwseu/F0teKXMK6P4//Q68Hwz5c6DJ5/SWO', 'https://robohash.org/voluptatemcommodirepudiandae.png?size=50x50&set=set1', 0, 4, 187, NULL),
(511, 'Annnora', 'alissandree6@jiathis.com', '$2a$04$z0338f/r6kEJm/2ePhD.ouXExPp/Y1U5y7069pANKYt1hZUJsJCWe', 'https://robohash.org/solutadebitisnostrum.png?size=50x50&set=set1', 0, 1, 128, NULL),
(512, 'Page', 'pwhitleye7@infoseek.co.jp', '$2a$04$qcl1J9T92lGe5GSjPXcaGurWnVKMG76TJlDwwuzyE3QoUVLgRoT4u', 'https://robohash.org/blanditiisliberodebitis.png?size=50x50&set=set1', 0, 5, 88, NULL),
(513, 'Fan', 'fauselloe8@yandex.ru', '$2a$04$3aK83eCpGW7fkGNNT2w8q.CglemCO25Q9.Lfk9hfT9iz08QVaBNVO', 'https://robohash.org/quiavoluptatempariatur.png?size=50x50&set=set1', 0, 4, 186, NULL),
(514, 'Cherice', 'ciredelle9@cocolog-nifty.com', '$2a$04$KEK2ZP9GRRZdK81cLev51O5MZyGBfLjT84Y6BXNXhdjfZxzT7Tapa', 'https://robohash.org/voluptatesundelibero.png?size=50x50&set=set1', 0, 5, 96, NULL),
(515, 'Kristin', 'kbeauvaisea@blinklist.com', '$2a$04$gTi4Fn0KFmU7dK/xdSMISuo5/BQzbvjv8MnRJydYZ.zXM1EkCxkyu', 'https://robohash.org/cupiditatedelectusdeleniti.png?size=50x50&set=set1', 0, 2, 56, NULL),
(516, 'Frans', 'fespeb@amazon.com', '$2a$04$r5U66a2b7Ti5ICvC89nieO0PbPNyAYLE7ABwBa6.DN8KkcMnG9LHy', 'https://robohash.org/accusantiumblanditiisexpedita.png?size=50x50&set=set1', 0, 5, 106, NULL),
(517, 'Lotti', 'lmanstonec@example.com', '$2a$04$4L6ZxsPScSWhiOev7c8hcu1lk5jji/iHhl0JTI22IGD3vJnKeybB6', 'https://robohash.org/quisfugitdignissimos.png?size=50x50&set=set1', 0, 2, 188, NULL),
(518, 'Isobel', 'irattenburyed@wsj.com', '$2a$04$jwPfQC8GqrPZbVf5Vw9H1uKr8tfAisM9A3QhaAkzJaq1iXdrRj8Xu', 'https://robohash.org/culpaain.png?size=50x50&set=set1', 0, 2, 142, NULL),
(519, 'Madison', 'mmalcolmee@wisc.edu', '$2a$04$b5rroNOAgAK7y8LdfoRLE.lu9fy9l41f7nPF1jz3sajbkUPVoTjyS', 'https://robohash.org/quodvelitvel.png?size=50x50&set=set1', 0, 3, 16, NULL),
(520, 'Uta', 'ueynaudef@4shared.com', '$2a$04$BsX9uQu3uS9F7VqAEF9OduZNm.Zo7Qzb2AUmKh6MC19gdG9ElZySK', 'https://robohash.org/dictapossimusneque.png?size=50x50&set=set1', 0, 1, 87, NULL),
(521, 'Anitra', 'agluyuseg@cargocollective.com', '$2a$04$6Crfye27T4zFx/tGd6OPVO.JFJ2wIceQ4zpU8JQWLDzH34GrO2trW', 'https://robohash.org/excepturisintvoluptas.png?size=50x50&set=set1', 0, 5, 2, NULL),
(522, 'Sacha', 'strahaireh@state.tx.us', '$2a$04$p7XG6KXFXun1uOnZg4d2O.6hGD3MpvS1xNGvoouIDHRQrmsIMUu72', 'https://robohash.org/nisivoluptateconsequuntur.png?size=50x50&set=set1', 0, 2, 51, NULL),
(523, 'Maddy', 'mgansbuhlerei@virginia.edu', '$2a$04$ZV22BDqZAV0GhuGSpCo6gu5F40M9NzBNRRNfpQnWTOvAffqBLIj/e', 'https://robohash.org/quiautlibero.png?size=50x50&set=set1', 0, 2, 5, NULL),
(524, 'Dick', 'ddundendaleej@i2i.jp', '$2a$04$zCOmw83I4fFyTxkYD/jBTee9XbrjPHvL0cDWmkMJ8qsIyvkNnbpoq', 'https://robohash.org/ettenetureaque.png?size=50x50&set=set1', 0, 1, 164, NULL),
(525, 'Manya', 'mquilterek@alibaba.com', '$2a$04$x1Nc709qkcjrC2826V3S..eCSkyvSPufaKkgWoqttr6VV7FW3aIu6', 'https://robohash.org/perspiciatisducimusnemo.png?size=50x50&set=set1', 0, 3, 179, NULL),
(526, 'Riannon', 'rbruhnkeel@posterous.com', '$2a$04$elK1RLWEJ2Ktt9eOB3aM4e8GYY4DoiLZL5SwHr/IGLVYZlIwdwsG6', 'https://robohash.org/reprehenderitametconsequuntur.png?size=50x50&set=set1', 0, 3, 176, NULL),
(527, 'Joceline', 'jlockwoodem@rediff.com', '$2a$04$2FFb.fCY.2Jw6WIHjWBQ0u6mBRn1d8xbipU5JCjZrzeSsYRVFIdwK', 'https://robohash.org/facilisaperiamsoluta.png?size=50x50&set=set1', 0, 4, 7, NULL),
(528, 'Emilio', 'ematzenen@mtv.com', '$2a$04$SnQLbHg2fq/lkYJ9LmwpsuAXAzS07fUAWZY7EgJ22QjMvI48t3YnC', 'https://robohash.org/aliassapientenon.png?size=50x50&set=set1', 0, 1, 46, NULL),
(529, 'Charis', 'cegereo@slideshare.net', '$2a$04$FJd2Gfp53yofhUUoPLHyeeD0ajxV2VOQCax6hZ0.e1/5D9INzNuCu', 'https://robohash.org/porrodoloresnon.png?size=50x50&set=set1', 0, 2, 103, NULL),
(530, 'Boniface', 'bstrangmanep@cpanel.net', '$2a$04$I5zzKkkqIuthoA8oPaWEJezTdDH0GFJNoiFDXUYXtMLOTVuF2taU.', 'https://robohash.org/minusnonest.png?size=50x50&set=set1', 0, 2, 61, NULL);
INSERT INTO `users` (`id_user`, `username`, `email`, `password`, `avatar`, `admin`, `id_role_type`, `id_place`, `bio`) VALUES
(531, 'Tonie', 'tlabroweq@pcworld.com', '$2a$04$rn24GpDMLK1P6bN9C2mAT.XJFV5az/CzXZ2WLDCBIBxPHmmyHQp8W', 'https://robohash.org/ipsumadquae.png?size=50x50&set=set1', 0, 1, 73, NULL),
(532, 'Gloriana', 'glenoirer@adobe.com', '$2a$04$wvVVvFYaKc6hkXrUSuyz4.TP1F5WgnDjrg7b8wKV3UwQJyLJr3UZe', 'https://robohash.org/utetminima.png?size=50x50&set=set1', 0, 3, 35, NULL),
(533, 'Vivyan', 'vmaxweelles@cbsnews.com', '$2a$04$qswVIxXg6GyUN8E42YOahes9ZCSed6f3m9RJT0zJ98TmaPj4fJSHO', 'https://robohash.org/dolorumconsequunturquia.png?size=50x50&set=set1', 0, 4, 40, NULL),
(534, 'Ernesta', 'espenleyet@cnbc.com', '$2a$04$bX8TrDt6E1R63zcuX65kzOS42AEC2fEiZ3MMmeDD6fTk8cu23uqle', 'https://robohash.org/accusamusoditdolores.png?size=50x50&set=set1', 0, 1, 71, NULL),
(535, 'Anthiathia', 'amitchenereu@redcross.org', '$2a$04$YgMageRpt7CHFD6g1ngxye73vsPOa1eGbjJ3bki6i/mXHNvkzT3re', 'https://robohash.org/ipsametquod.png?size=50x50&set=set1', 0, 2, 129, NULL),
(536, 'Catlaina', 'cburcombeev@vimeo.com', '$2a$04$UhCewpezQ6ahI.QIGAb4GOA3WlFsMxk1D48NjGf497QNaXjQ2Am3q', 'https://robohash.org/velsintinventore.png?size=50x50&set=set1', 0, 2, 94, NULL),
(537, 'Franklin', 'fdelacroixew@comsenz.com', '$2a$04$E7/eZXAzQjPA5SK6sMMoieRXDPx9lvcFkxU80U.W0SFJ.dnmHc9we', 'https://robohash.org/ametquidemdolorem.png?size=50x50&set=set1', 0, 3, 137, NULL),
(538, 'Rivi', 'rwheatmanex@cpanel.net', '$2a$04$h5HSoOEzsSKch8wp4VNJYuJ2h8o2ObM0YetJlK1cet1LMyIHTtjG2', 'https://robohash.org/distinctioetnisi.png?size=50x50&set=set1', 0, 3, 65, NULL),
(539, 'Derry', 'dclineckey@nifty.com', '$2a$04$1ttt1rPUiMYJfDk7y6Ff6uElBp65nem5uEFX/B.7D5g2chG.4U6yi', 'https://robohash.org/eligendidistinctiomagnam.png?size=50x50&set=set1', 0, 2, 191, NULL),
(540, 'Even', 'eeadyez@techcrunch.com', '$2a$04$lGqOHQIjzBxspUuRJEkYb.QRlFaJTSlUb6WUJ1SBZCFwb9/KsCCLq', 'https://robohash.org/eaametipsam.png?size=50x50&set=set1', 0, 5, 151, NULL),
(541, 'Lurline', 'lmadgettf0@tumblr.com', '$2a$04$XM0bXNBDUc2CmYf2e8Zv9ubSS1BaBvgzbzauaJypi4Fc8TIMcf.ZS', 'https://robohash.org/etquibusdamvoluptate.png?size=50x50&set=set1', 0, 5, 159, NULL),
(542, 'Siffre', 'sclawf1@histats.com', '$2a$04$RhgrOk0G1TlF14k.vMBvRu7LNGo0FfJWShPGiEQArdA8gU/xN5vMG', 'https://robohash.org/odiotemporeut.png?size=50x50&set=set1', 0, 4, 54, NULL),
(543, 'Darnell', 'dotyf2@indiatimes.com', '$2a$04$/.aXq0rhS7BWJd0G.4kB2OT1Sh6QWV0UAAha9VhSS11UFWHXhfgHu', 'https://robohash.org/oditnonfacilis.png?size=50x50&set=set1', 0, 1, 137, NULL),
(544, 'Caitrin', 'cpavinesef3@facebook.com', '$2a$04$IFTYr/rIP8Txmja2AEuajekxpbT0HsL.nylcDeBpYJXKkFrJ65NTK', 'https://robohash.org/ducimuspariatureaque.png?size=50x50&set=set1', 0, 5, 75, NULL),
(545, 'Merill', 'mbarwackf4@csmonitor.com', '$2a$04$btidFjqZuiBGWyWh4BzDNurOs18dOuwF3ajf3PewkemyOFAUWqhR.', 'https://robohash.org/laboresitquia.png?size=50x50&set=set1', 0, 5, 54, NULL),
(546, 'Selie', 'sloidlf5@tripadvisor.com', '$2a$04$RhrLQSKsNhBH1zdLcYg6seFMhA0Kwrgh126ylnyOdO5/WJflywegK', 'https://robohash.org/remliberoet.png?size=50x50&set=set1', 0, 2, 42, NULL),
(547, 'Haskell', 'hhawtryf6@nhs.uk', '$2a$04$m7JJYGMMRmfX4Yf/YAaWjeonsUP4xuAN6q55OOrgKJIoHeGaoYjeu', 'https://robohash.org/magnamexcepturinobis.png?size=50x50&set=set1', 0, 5, 123, NULL),
(548, 'Lyndsie', 'ldeef7@diigo.com', '$2a$04$RNGIth0rOKiCG/Crg9ceKeNF6orNztpHSi.31eNneLx6FJ0o4VBwW', 'https://robohash.org/doloribusmolestiasomnis.png?size=50x50&set=set1', 0, 5, 59, NULL),
(549, 'Sharl', 'smckernf8@topsy.com', '$2a$04$tU9376pZxwgAZoUxT48Lh.4YiF.0uMM7r1vyG65QqXsSOTpgDhhbu', 'https://robohash.org/quiafugiatquo.png?size=50x50&set=set1', 0, 4, 167, NULL),
(550, 'Christy', 'ceylesf9@tinypic.com', '$2a$04$EC04M5kLEPJtG0pEXqxO5u/bfRRXOQjzKEpZN4yAEVAnNIYQVf4se', 'https://robohash.org/ametofficiaest.png?size=50x50&set=set1', 0, 1, 121, NULL),
(551, 'Dawn', 'drenshawfa@desdev.cn', '$2a$04$miNh0VCoFwcJzEjotTglMeC4JMPDe2T9j9dkfWy6Om0QjNqma/Yw2', 'https://robohash.org/eumbeataeat.png?size=50x50&set=set1', 0, 4, 95, NULL),
(552, 'Dasi', 'dcrowsonfb@hao123.com', '$2a$04$CsKYSEVrKJ3lfSm8U4T3NOKIRFNI0mvKLplBwANvKnLJ6q7K6KNxK', 'https://robohash.org/utnemoreprehenderit.png?size=50x50&set=set1', 0, 3, 43, NULL),
(553, 'Stephen', 'sespleyfc@berkeley.edu', '$2a$04$UuZrvCuuUl2ESXNt8nSQPuP3sfMBI5c4Ri.c6qWDKIvGb0v9ieV02', 'https://robohash.org/doloremsedvoluptatem.png?size=50x50&set=set1', 0, 5, 36, NULL),
(554, 'Igor', 'imccormickfd@blogs.com', '$2a$04$4rb.vT3vbvKOOuKtc52FAOZXOtF22m4/.wzAnrE0Xmdvm7/p/dLmu', 'https://robohash.org/laboriosammaioressed.png?size=50x50&set=set1', 0, 1, 180, NULL),
(555, 'Kurtis', 'krambergfe@themeforest.net', '$2a$04$zjIe2TBlOd2PbKUtyYpB0.dU8fiCpRS1uqNDmCCP8GkL9ZEvRTpr6', 'https://robohash.org/voluptasenimsunt.png?size=50x50&set=set1', 0, 1, 77, NULL),
(556, 'Dianna', 'dkomorowskiff@auda.org.au', '$2a$04$1kg.1F7N82LYfHqawNmqrOZgDmrhQTxDZmFg0t7WjJ5Hz9abtpYvW', 'https://robohash.org/estestqui.png?size=50x50&set=set1', 0, 4, 19, NULL),
(557, 'Ree', 'rmeldingfg@noaa.gov', '$2a$04$0HtHiw5evnFEG1tGPhCtoOWy8jkeZafVY4AK.HEBgbQv0mnvJJZzq', 'https://robohash.org/dolortemporeid.png?size=50x50&set=set1', 0, 4, 92, NULL),
(558, 'Man', 'mpittendreighfh@about.com', '$2a$04$PYlUkXHe.9qc9pUPmxnv6usjXcZlg1EqUhANRGwRJ5Is9.HxluoQG', 'https://robohash.org/excepturidolornecessitatibus.png?size=50x50&set=set1', 0, 5, 33, NULL),
(559, 'Sheela', 'sstannisfi@technorati.com', '$2a$04$5AJ1TxL51w4m0bLMQ/FL.uqXgAIP5hd.7ykoPptvCBh3iEtEO0V1i', 'https://robohash.org/perferendiseiusdolores.png?size=50x50&set=set1', 0, 3, 8, NULL),
(560, 'Patrica', 'pbonnarfj@reuters.com', '$2a$04$u5bu2DI9QjOOMfFQrav0yOgKPp4XQ4smmf7cbvCLWR3lOHVH2TzO2', 'https://robohash.org/rerumeaet.png?size=50x50&set=set1', 0, 2, 84, NULL),
(561, 'Pepi', 'pyurinfk@cnn.com', '$2a$04$f5znX8JnLIylVmRNwQKr5eiZLAzVAST3EhbLqqMrK1CBKBU0khT0a', 'https://robohash.org/adquiet.png?size=50x50&set=set1', 0, 1, 14, NULL),
(562, 'Brianna', 'bmacmichaelfl@ox.ac.uk', '$2a$04$j7POutH7tsIT8hi21I5TAeyUGQXkLEMMbDMW3S.AmaRkhvT/k33Fy', 'https://robohash.org/quoveniamperferendis.png?size=50x50&set=set1', 0, 3, 93, NULL),
(563, 'Zeb', 'ztallquistfm@yahoo.co.jp', '$2a$04$u2bcKofG9nVkOsy.G3SCW.RNF8oQqPSBNDykEnrcpwHFJTFfgfd3.', 'https://robohash.org/impeditremeligendi.png?size=50x50&set=set1', 0, 3, 59, NULL),
(564, 'Carla', 'cimorefn@cargocollective.com', '$2a$04$QuE.2dlIEBmOitSoKZySZOZJ5DA3LPP00XL0XrnmAwMzxPz0ucYrC', 'https://robohash.org/officiaanimieaque.png?size=50x50&set=set1', 0, 5, 192, NULL),
(565, 'Tomasine', 'tjaneczekfo@google.com.au', '$2a$04$szB/XBKkCUO7Q8WTi47Bd.2H7enA/uHrBGlqm2sc0Ja4Vgl1oKMsu', 'https://robohash.org/ipsumatqueet.png?size=50x50&set=set1', 0, 1, 92, NULL),
(566, 'John', 'jcutchiefp@sciencedaily.com', '$2a$04$IE/mFgEpJNYDmPu7W9EsneEH9amuSaSEw24JShzVo/ElEG0xZyd8W', 'https://robohash.org/doloremquererummagnam.png?size=50x50&set=set1', 0, 4, 132, NULL),
(567, 'Bastian', 'brapinettfq@examiner.com', '$2a$04$lMdfc/zRaQ6uK3la0iRiY.hGBKjANhyWCcjWAWydPZLm1tzvmgfm2', 'https://robohash.org/nondignissimosquia.png?size=50x50&set=set1', 0, 3, 88, NULL),
(568, 'Hersh', 'htuckwoodfr@51.la', '$2a$04$5JFtm7pwT/TVxCKsV8FHE.TRbK8rrVJUgxN8gs84PYEQJ2/4qtNAO', 'https://robohash.org/temporibusaniminihil.png?size=50x50&set=set1', 0, 4, 28, NULL),
(569, 'Zena', 'zshivellfs@bigcartel.com', '$2a$04$pX8msqLIeS.olUTBioTx9.38F.WSbnCWqi1/Q4r3jYxdzCzCZ/T/2', 'https://robohash.org/rerumexplicabonobis.png?size=50x50&set=set1', 0, 2, 167, NULL),
(570, 'Judith', 'jmccarneyft@deviantart.com', '$2a$04$9DS4hbiEDyrSr4D1CL7YnusqJKw6d1QwC38vk.tBVJap9hXBHKgE2', 'https://robohash.org/quiamolestiastempora.png?size=50x50&set=set1', 0, 2, 141, NULL),
(571, 'Roman', 'rsurphlissfu@earthlink.net', '$2a$04$IaKnS3oVdsiZYiM1wldiXehlLj/R4rzHqJZFeBWeYtZay4nGF2sGy', 'https://robohash.org/quiverodoloribus.png?size=50x50&set=set1', 0, 1, 197, NULL),
(572, 'Vinita', 'vfreibergfv@forbes.com', '$2a$04$iVmWi9rV1g4Qe9XazZZATe5H1Ujq7AS.y.inFP/wKyxUs5nmPTauy', 'https://robohash.org/solutaexercitationemdolore.png?size=50x50&set=set1', 0, 5, 191, NULL),
(573, 'Dalila', 'dleckeyfw@alibaba.com', '$2a$04$VEW1JDrA75oG9mZEMirA.uyIaPpEZmHG36mu7jPvgkOFlbRDCPDFS', 'https://robohash.org/providentaspernatursed.png?size=50x50&set=set1', 0, 2, 12, NULL),
(574, 'Prisca', 'pgabitesfx@google.es', '$2a$04$1ldGULFE.wJU4/BnJNw40OocQvUw/trCMU0aABHvHAE3YOp2xxcIi', 'https://robohash.org/sintautenim.png?size=50x50&set=set1', 0, 4, 80, NULL),
(575, 'Chelsy', 'crembrantfy@example.com', '$2a$04$2aML0A1nYnDryUGgKkLrPOAzjJNxb/43gfh7x1jVM/sCd0f3CNKNe', 'https://robohash.org/sintdistinctioest.png?size=50x50&set=set1', 0, 2, 117, NULL),
(576, 'Horatio', 'hferreafz@google.co.uk', '$2a$04$SoQ79v5zLnTBn4.YkGmpze13dKWUF.FgGTVnF4BVzW70abMRKcVoS', 'https://robohash.org/eligendietvitae.png?size=50x50&set=set1', 0, 5, 56, NULL),
(577, 'Stephen', 'sdriversg0@bing.com', '$2a$04$8H8/OAtvR93rt1fQszcqMuzx.seLvf636Hrfy989pkCp4QHkJqIv2', 'https://robohash.org/commodimolestiaeanimi.png?size=50x50&set=set1', 0, 3, 117, NULL),
(578, 'Pearce', 'pemmsg1@goodreads.com', '$2a$04$2i6Ck9K8JUoUgsrTu2.6m.C8zxN9q4llyEnwsAsE.bebGYguQ/uam', 'https://robohash.org/quaeacommodi.png?size=50x50&set=set1', 0, 1, 163, NULL),
(579, 'Lib', 'lrubinlichtg2@state.gov', '$2a$04$gDVPDO0S0qdFDkHIrhFGa.zbsbngnEn1R9FYD8UTpOB/LpWG79L/O', 'https://robohash.org/commodiquiaquibusdam.png?size=50x50&set=set1', 0, 1, 82, NULL),
(580, 'Rochelle', 'rcleughg3@mac.com', '$2a$04$hfsqrptvrm9U1xDzvnFMae2zkWaIYeGOhaNzwxJj64pAK1RoN6ooq', 'https://robohash.org/quamnostrumquos.png?size=50x50&set=set1', 0, 4, 16, NULL),
(581, 'Viki', 'vwhiskerg4@globo.com', '$2a$04$p/8Ls8rSaQuP8PpA9d6oduKM3mLuN6wLN4D.ApgGWO7CU5XfQ.jCq', 'https://robohash.org/repellendusoptiovoluptatem.png?size=50x50&set=set1', 0, 1, 84, NULL),
(582, 'Emmery', 'echillcotg5@parallels.com', '$2a$04$QLg3SkQKl4XAMiOkLaS9o.fWjjehXywlyuF90dyDhEfKjZ.U09uwK', 'https://robohash.org/nonminimamolestias.png?size=50x50&set=set1', 0, 5, 165, NULL),
(583, 'Hedi', 'hherrerog6@slashdot.org', '$2a$04$QRX..H/KSFWCWd1cPQhuLeJqSdWWXqTJCauNy7.ZO9YFY1FTVxZ3y', 'https://robohash.org/aliasoccaecatiqui.png?size=50x50&set=set1', 0, 4, 108, NULL),
(584, 'Damita', 'dskirrowg7@amazonaws.com', '$2a$04$01cTqP0/XW9UeuuVipVlkOy82wqbsVFw59LeDL/cLL8PogNEpG/.W', 'https://robohash.org/veritatisvelitbeatae.png?size=50x50&set=set1', 0, 3, 162, NULL),
(585, 'Cicily', 'cadrieng8@ycombinator.com', '$2a$04$9tMJmHY6qyqu.SrYd76zFubrYG/lxgDDNi6KNWI7LQhhCXwWj8OiW', 'https://robohash.org/culpaveritatisaperiam.png?size=50x50&set=set1', 0, 1, 22, NULL),
(586, 'Dirk', 'dwogdeng9@vinaora.com', '$2a$04$0yLh5LQGYLf8JiVWZaRFsOwHYwgUmMp6Oqt14vaj4uoZUkzGKaV2e', 'https://robohash.org/corruptivoluptatemofficia.png?size=50x50&set=set1', 0, 1, 106, NULL),
(587, 'Elfreda', 'eezzyga@elegantthemes.com', '$2a$04$9/qQaOVQGeAZ/cPy5F5cZuWbZErKj2Nn0bfMYaKikwCYonSegN0.q', 'https://robohash.org/doloribusvitaenon.png?size=50x50&set=set1', 0, 4, 77, NULL),
(588, 'Blair', 'bewersgb@google.com.hk', '$2a$04$L3qzWJItMvvy2K4VhZ8tCe6YhdlGnA7PjIdfNncgXcF7YuIVoBJmC', 'https://robohash.org/doloreomnisunde.png?size=50x50&set=set1', 0, 2, 119, NULL),
(589, 'Minetta', 'mguthrumgc@lycos.com', '$2a$04$DvDb7tuMHJYOPDsoBqC.6eX/sSSAo4WSvDO.BnsmtCfEnmFOvrWr6', 'https://robohash.org/etetdolores.png?size=50x50&set=set1', 0, 5, 188, NULL),
(590, 'Sandie', 'sjesticogd@constantcontact.com', '$2a$04$Pkar4tEcfKaTLwWOaL/AUeEF/KXwSpf2U/WadBZdKh.P0ffBP/.qy', 'https://robohash.org/blanditiisvitaeut.png?size=50x50&set=set1', 0, 1, 77, NULL),
(591, 'Leontine', 'lpetzoltge@gmpg.org', '$2a$04$inj7KW2UEpz7DSsTJryuv.ARM1VSnTLBqzL29g0p6GP1Fyk7nU9hi', 'https://robohash.org/repellendusaperiamnihil.png?size=50x50&set=set1', 0, 2, 37, NULL),
(592, 'Melonie', 'mcastanedagf@geocities.com', '$2a$04$No9CumK0EwexoiRb/l2N/O5.HEsLCbUt3npN/E8bnLT.8J7CdFldK', 'https://robohash.org/eumomnisducimus.png?size=50x50&set=set1', 0, 4, 192, NULL),
(593, 'Bridie', 'bgerradgg@artisteer.com', '$2a$04$mbcyyCYYa3rOFzjpRpFeh.St5jQwVFUvRCm4ZC3oo8hfA9..w.pjO', 'https://robohash.org/quoddoloribuslaborum.png?size=50x50&set=set1', 0, 3, 92, NULL),
(594, 'Jessalyn', 'jgodlemangh@omniture.com', '$2a$04$Svnl5xoqj.6hNkgnMu6RguV5poYASRMf8BZf4gzt7.8UEUpJbwgum', 'https://robohash.org/etipsamqui.png?size=50x50&set=set1', 0, 2, 158, NULL),
(595, 'Tate', 'tollerenshawgi@amazonaws.com', '$2a$04$Av8bEtSEPtwG.t9Youvtgex0alwqVoPEg/c7nXTmXQExHIHEjA8Sq', 'https://robohash.org/quasdolorsit.png?size=50x50&set=set1', 0, 5, 75, NULL),
(596, 'Danica', 'dprazorgj@cnet.com', '$2a$04$CUGo3ZOx.GrpZeY4cLPOCeXSzNZDi.ATlWnMjCuxKETyWeVJX87TG', 'https://robohash.org/enimesta.png?size=50x50&set=set1', 0, 3, 90, NULL),
(597, 'Ddene', 'dmanachgk@bizjournals.com', '$2a$04$PLT0Hhh/b68h6zo3qDntG.O7lTiVJPU3VEndgR0YtSG6/MO9Y8Ul.', 'https://robohash.org/consequaturaliquamaut.png?size=50x50&set=set1', 0, 2, 153, NULL),
(598, 'Tandy', 'trodbournegl@netscape.com', '$2a$04$ncN.Zcy2Vhn6TOKe3pc6bOq8QoYvINvqfgzi5zBRQD.2IBHY5l5E6', 'https://robohash.org/teneturutullam.png?size=50x50&set=set1', 0, 2, 103, NULL),
(599, 'Alecia', 'acoengm@exblog.jp', '$2a$04$YokB9df2mEcDN6Lt2pOpruNWVfvWM5Q/inwFaAgfBzCscIScadmsq', 'https://robohash.org/sintquised.png?size=50x50&set=set1', 0, 3, 28, NULL),
(600, 'Kimbell', 'kcrichmeregn@a8.net', '$2a$04$A43bDsOGBnG7pWrYYnWIhOkWtyVHq1eENBs47iz6zoRi3H.fTJOOm', 'https://robohash.org/uttemporibuset.png?size=50x50&set=set1', 0, 5, 111, NULL),
(601, 'Nelie', 'nbalkgo@cyberchimps.com', '$2a$04$Lj/VPFPnXwLGgooURb9Jb.pvX.n3yASD78ZgClWNokuEvbaVS8yKK', 'https://robohash.org/facerevoluptasmolestias.png?size=50x50&set=set1', 0, 5, 167, NULL),
(602, 'Guenna', 'ggreensitegp@ebay.com', '$2a$04$G9JMZR21iROP5dSARGz1jewx0i0dM51y1mH6TQVAnfdSIgJpfvRlG', 'https://robohash.org/optiotemporemagnam.png?size=50x50&set=set1', 0, 1, 134, NULL),
(603, 'Clo', 'ccanepegq@1und1.de', '$2a$04$4247NSLMTa1XWLuA5z1OWeeqROaseIAmldzAGfjcA63wswqt1lEze', 'https://robohash.org/saepenesciuntmagni.png?size=50x50&set=set1', 0, 2, 92, NULL),
(604, 'Giulietta', 'gklagemangr@craigslist.org', '$2a$04$N5kV.Mdx3joZinSqi8wJYeF2BF6B431ADyYQPytFm/3frdqIMEVAG', 'https://robohash.org/quiisteab.png?size=50x50&set=set1', 0, 1, 121, NULL),
(605, 'Lorena', 'ljurschgs@illinois.edu', '$2a$04$YOn1CmN51J44PzzgztwKWeiqlcRpmB8ZgS9SBJTf3EfiYEkIsnszi', 'https://robohash.org/officiaomnisnatus.png?size=50x50&set=set1', 0, 3, 34, NULL),
(606, 'Giffy', 'gmenpesgt@geocities.jp', '$2a$04$AK3rCqvJF35YoP79uViRyOgjV.P6BtbAteOAPhaQbK4dV3bgBOy.y', 'https://robohash.org/quiamolestiaspossimus.png?size=50x50&set=set1', 0, 1, 186, NULL),
(607, 'Charlean', 'crelfegu@google.de', '$2a$04$Kc8a6BRv9KrCzQmKFF6/fOAnPJfn/R/1TRIclHKoIZOFz9cwxaXHC', 'https://robohash.org/deseruntquisquamet.png?size=50x50&set=set1', 0, 5, 70, NULL),
(608, 'Ronny', 'rallinghamgv@storify.com', '$2a$04$YMUXCV1ewaaoP26u2DIAXufSr6fwK3l0CQ.y9ztrMMp0RTdiiTpJi', 'https://robohash.org/inipsumreprehenderit.png?size=50x50&set=set1', 0, 1, 164, NULL),
(609, 'Myrtle', 'mhucgw@google.es', '$2a$04$jZ3iYIod.Z5W8qBYnrI4KeVtryBX2rN7s4jNpELzFfRmmyUYHNNgi', 'https://robohash.org/atqueperspiciatissuscipit.png?size=50x50&set=set1', 0, 1, 67, NULL),
(610, 'Denni', 'dbattyllgx@scribd.com', '$2a$04$wDK4MbmORmjvX.q078pqpefk.x4BhAvdyqDu5W8mosjRgepEyvl/e', 'https://robohash.org/atqueconsequaturut.png?size=50x50&set=set1', 0, 2, 144, NULL),
(611, 'Finn', 'fyanngy@wikimedia.org', '$2a$04$TSbFv3ryq9uwffizoVjwp.5DD4XSwIkwrF1hvNMsDDbx3muLhbC5.', 'https://robohash.org/etcupiditateullam.png?size=50x50&set=set1', 0, 2, 150, NULL),
(612, 'Darelle', 'dstokesgz@purevolume.com', '$2a$04$SSlwz2jlwvNZRw8N03xnq.ij0mo5Cjl5x1XBIug5CTnz4Qqd3KZPq', 'https://robohash.org/esseipsanulla.png?size=50x50&set=set1', 0, 2, 61, NULL),
(613, 'Harv', 'haingerh0@cloudflare.com', '$2a$04$ZESKhco7.ZH5fm4HTHPkmeBoY/uodJ8Voudw6oHJv3Xju1F2vMqY6', 'https://robohash.org/doloresutvoluptatem.png?size=50x50&set=set1', 0, 5, 175, NULL),
(614, 'Tandy', 'tlegrandh1@wix.com', '$2a$04$gNDfaXgI/B6z6Wqq7S/Z1uJd1ZMAoxPoUe/gouozM4/4nDUd6Cpiq', 'https://robohash.org/nesciuntetcorrupti.png?size=50x50&set=set1', 0, 2, 196, NULL),
(615, 'Athene', 'amaltsterh2@opera.com', '$2a$04$A/5ApuMxbWrhLAVsP45EF.9ltvrDVeoid3F0nZZ/7tyKJfUGRKGfu', 'https://robohash.org/quoquiquaerat.png?size=50x50&set=set1', 0, 2, 40, NULL),
(616, 'Wood', 'wdowallh3@facebook.com', '$2a$04$Mi.x8MgshFJzjJNbqqXbDO2vpJyxrQbGVbGsz/7jpR6EJ6F5pz.NK', 'https://robohash.org/eosquibusdamrepudiandae.png?size=50x50&set=set1', 0, 2, 185, NULL),
(617, 'Margo', 'mludfordh4@abc.net.au', '$2a$04$w2X.v6s11X76mBGid5S8Ju1Mbjsill4OYCOj/6deeKfnwhJwSASEi', 'https://robohash.org/autitaqueearum.png?size=50x50&set=set1', 0, 1, 157, NULL),
(618, 'Cammy', 'cguerrazzih5@hc360.com', '$2a$04$X.bs3tuuTnPx06VP4diXQe8WG1MhXdI1kaTJUjexHPAnr4eyj9tYy', 'https://robohash.org/inventoreaccusantiumipsam.png?size=50x50&set=set1', 0, 5, 196, NULL),
(619, 'Barbey', 'bivamyh6@wordpress.com', '$2a$04$fnfVioUBa1Ur7SEUbtZmiO.OofN2a9caFwUAhvOpMgI4zQd2HEFma', 'https://robohash.org/veniamtotamnesciunt.png?size=50x50&set=set1', 0, 5, 76, NULL),
(620, 'Karyl', 'kbadcockh7@mozilla.org', '$2a$04$2TdZQcHnYLgmyMJ3j.cfK.APuPOaVdN7V28W9xKfFYoHnR73.UWjS', 'https://robohash.org/voluptatemrempraesentium.png?size=50x50&set=set1', 0, 1, 162, NULL),
(621, 'Margarete', 'mdamsellh8@ihg.com', '$2a$04$.9fm157F38mQQf2T0du8Mum4RcijeYKaotHiHUIsRYGVpYciFM6GO', 'https://robohash.org/facerequisquamquia.png?size=50x50&set=set1', 0, 2, 165, NULL),
(622, 'Raphael', 'rwhitewoodh9@intel.com', '$2a$04$mFlJreBe5MlEGCZJgMgfiOaSnzmnwzeH4xtgAvl5RTwaCEOG7XcNe', 'https://robohash.org/porrositlibero.png?size=50x50&set=set1', 0, 1, 56, NULL),
(623, 'Godfry', 'gkarolczykha@altervista.org', '$2a$04$YHww.fPsvVwVYQMKoEjdYOLAM0OKgCxxKhKFFcFasrcmPRNN3Fy36', 'https://robohash.org/providentofficiaquis.png?size=50x50&set=set1', 0, 5, 50, NULL),
(624, 'Dosi', 'drodwellhb@paypal.com', '$2a$04$Vreq5wmIsHP.wVbWM3iaxOECgZf7.uhkeKoMay4xU8qJPeNhvC8WK', 'https://robohash.org/maioresvoluptatibusest.png?size=50x50&set=set1', 0, 5, 75, NULL),
(625, 'Livvyy', 'lgoffhc@google.com', '$2a$04$Ki0xB8Tn2F0/AJOZgIfV1OenuA5fl4.VdACGACB65/PyNWK8mXXke', 'https://robohash.org/exercitationemdoloremnostrum.png?size=50x50&set=set1', 0, 3, 131, NULL),
(626, 'Mellisent', 'mcoulehd@sohu.com', '$2a$04$CX6DWiyhsh6bxd6Yx3T/gO7Vdi067Vgak1CrWcoZ6avRZ03FTQX5i', 'https://robohash.org/minusvoluptatemaspernatur.png?size=50x50&set=set1', 0, 5, 104, NULL),
(627, 'Ame', 'amacareehe@nyu.edu', '$2a$04$A4sOdfdBkIgLPe1r9NrsN.rEWsVAn4ySKYUkCyxCAo9f4UBA705pq', 'https://robohash.org/sedfacereid.png?size=50x50&set=set1', 0, 2, 103, NULL),
(628, 'Viola', 'vbowleyhf@ft.com', '$2a$04$D7m3J82sqEYnvriptCvksuxH4lGVUh1QfYrCZXGXme6QV0/T2H4.G', 'https://robohash.org/autemomnisvoluptates.png?size=50x50&set=set1', 0, 2, 29, NULL),
(629, 'Aldon', 'agregorettihg@discovery.com', '$2a$04$Z/tAjpotsnMPG2UeUI7zw.r1BUPTGEbrD./hz47T6Ez3aEsf14tzW', 'https://robohash.org/eaquedoloresvero.png?size=50x50&set=set1', 0, 2, 21, NULL),
(630, 'Townsend', 'tpitrellihh@un.org', '$2a$04$1rAgI993PgTx3YCv05k/OuqKu9qloqYHS4L/y1funf3sD.br4X.vC', 'https://robohash.org/quiainullam.png?size=50x50&set=set1', 0, 2, 159, NULL),
(631, 'Alphard', 'asichardthi@discuz.net', '$2a$04$2esa9F2BifdjrO7jjnPIjOlqoTXHLT6ZIadoTZey0uHMzQ0l7CFCe', 'https://robohash.org/etquibusdamcupiditate.png?size=50x50&set=set1', 0, 1, 37, NULL),
(632, 'Molly', 'memsonhj@sun.com', '$2a$04$H3Q8r5n0TuNW6fIt4jCbeOMZu.BOK7b/u74zCj/DQ.lM4IkHqqMIW', 'https://robohash.org/quibusdamevenietpariatur.png?size=50x50&set=set1', 0, 2, 11, NULL),
(633, 'Jennilee', 'jfosherhk@tripadvisor.com', '$2a$04$p0wmDZsLVa2eNYAg/Xe96.pNAjVpXYtRQYBbQEABx9gbZPkm3O/Ty', 'https://robohash.org/undeeosut.png?size=50x50&set=set1', 0, 1, 40, NULL),
(634, 'Jarrod', 'jbrickhl@fotki.com', '$2a$04$6kdGrCIzhiNIUBtmqICtIObd9cu0hTmiJ5k2kzTkgRsty88C9gcwC', 'https://robohash.org/ininfacere.png?size=50x50&set=set1', 0, 2, 142, NULL),
(635, 'Bink', 'bhadwickhm@noaa.gov', '$2a$04$hm0LLsEWuxZsPwpUpQnkMequcaN4E2fxgmIar6CjWmQdK4IhEzzBG', 'https://robohash.org/expeditavelconsectetur.png?size=50x50&set=set1', 0, 3, 125, NULL),
(636, 'Anderson', 'ascowcrafthn@163.com', '$2a$04$wqW9wQDiIsGRnL2TrAJ/3OjGL0W8Mu7igPszrLZIjkKmH1RDnYDtG', 'https://robohash.org/quamlaborumeum.png?size=50x50&set=set1', 0, 4, 153, NULL),
(637, 'Sofia', 'srisebarerho@who.int', '$2a$04$nG9b3XrH8ImUOt.44/J1huXaWBlgr1jG6ZjT10Y5y3EJpZCftPwCO', 'https://robohash.org/voluptatemcorporissuscipit.png?size=50x50&set=set1', 0, 5, 99, NULL),
(638, 'Kennan', 'kbletsorhp@booking.com', '$2a$04$3wr42wT3jK.8V08tN6ku7u2hwa7YeP0Bk4RfnRYbyxU3d/UcwGKoO', 'https://robohash.org/remoccaecatisit.png?size=50x50&set=set1', 0, 1, 6, NULL),
(639, 'Carolann', 'cbottrillhq@weebly.com', '$2a$04$..fCxaohlKqzqVT2.FYENOsp/yVvfMPVqhO.fsS12whtXveGsVijK', 'https://robohash.org/dignissimosenimconsequatur.png?size=50x50&set=set1', 0, 3, 76, NULL),
(640, 'Pete', 'pwinketthr@oakley.com', '$2a$04$wo22YCoaElIDMf5IiLLAaur/i7sAeqDc05Vli2JG5C/nFDNoEpTve', 'https://robohash.org/suntmolestiaeet.png?size=50x50&set=set1', 0, 4, 81, NULL),
(641, 'Pierette', 'phollingdalehs@archive.org', '$2a$04$UMXOTVs383Cu4/HN6qfF9.7XlEGi/0bhOQI5XsrVt0jQkhnADrmc6', 'https://robohash.org/autemautemalias.png?size=50x50&set=set1', 0, 5, 141, NULL),
(642, 'Flo', 'ftommasuzziht@issuu.com', '$2a$04$AFiKB3hDqeQcaxqTWQg.DOX4smVwMpJCvhgPm7EreufBr3bQxSysK', 'https://robohash.org/quoslaboreerror.png?size=50x50&set=set1', 0, 2, 36, NULL),
(643, 'Gennifer', 'glaugheranhu@bizjournals.com', '$2a$04$7GQIClXz9PSZ1j2pmGcAkeatHD6auzFA4.Z8BlkxlT1vqGt8vFJgm', 'https://robohash.org/voluptateadeveniet.png?size=50x50&set=set1', 0, 5, 130, NULL),
(644, 'Sydney', 'sgeanyhv@ebay.com', '$2a$04$hnko/Ltj2ljH5HgJGTO3.O3TNWfeMFl2vGJdqnE/yUO5uenCvDTmq', 'https://robohash.org/quianonesse.png?size=50x50&set=set1', 0, 5, 78, NULL),
(645, 'Leonid', 'lcrankshawhw@ucoz.com', '$2a$04$oTpI/nP1Nzx.0p1rf/4FXu6W3acYyvHu/DpUCAVftsuVUCaKcwj32', 'https://robohash.org/officiatemporarerum.png?size=50x50&set=set1', 0, 1, 121, NULL),
(646, 'Quint', 'qelderidgehx@pagesperso-orange.fr', '$2a$04$za0I0A0Ife/BQdiqw17quOwNGsm7zrAnt/2sDX.TQNVQm0pPc3Yqy', 'https://robohash.org/quidignissimoset.png?size=50x50&set=set1', 0, 2, 151, NULL),
(647, 'Elnar', 'eshaxbyhy@upenn.edu', '$2a$04$Wg/.DBL.D5GPPZYg/T3gEex9EHHEtYWJQeRbX14N.1xU.akoFAJuO', 'https://robohash.org/omnisnecessitatibusexpedita.png?size=50x50&set=set1', 0, 3, 47, NULL),
(648, 'Dara', 'dredithz@posterous.com', '$2a$04$wpjitcWUl.LtiISiDqBDl./kV865KNuivHwp.Y5ZyXpcP0BMRURee', 'https://robohash.org/quidemtemporedignissimos.png?size=50x50&set=set1', 0, 5, 98, NULL),
(649, 'Rosemarie', 'rsmaili0@ibm.com', '$2a$04$CvAL8epq2fcDE6AhIsGakuLh/FcD613WX71R8700I/PVorMp/e/aa', 'https://robohash.org/dolornobislibero.png?size=50x50&set=set1', 0, 4, 176, NULL),
(650, 'Margie', 'mjosefovici1@japanpost.jp', '$2a$04$z1IDyu6OqwAH/37W9B3HwOFZwAJCfCXs/sz1bBJRptuxx7m4zwc9C', 'https://robohash.org/quoquihic.png?size=50x50&set=set1', 0, 2, 30, NULL),
(651, 'Ervin', 'eberkeleyi2@shareasale.com', '$2a$04$qr9W/A9Qttusvn0XgnNWz.UBMCSSzln4/nCDRkxAbuGtf6Rk/BWGe', 'https://robohash.org/estvelreprehenderit.png?size=50x50&set=set1', 0, 4, 110, NULL),
(652, 'Stefa', 'sdebricki3@theatlantic.com', '$2a$04$ZrlMcM92fzFu6S85Q3HOmO5NjKmOORR4B/fYevqPvJZ8wsFCASvXy', 'https://robohash.org/providentcumquelaboriosam.png?size=50x50&set=set1', 0, 3, 63, NULL),
(653, 'Wilfrid', 'wjelletti4@prnewswire.com', '$2a$04$9EB2RnHihCGWXBy7rVuYT.uGLVT95sEn0EVw9H1DrOBWCL5iCuXf6', 'https://robohash.org/ipsumoptiominus.png?size=50x50&set=set1', 0, 3, 200, NULL),
(654, 'Xavier', 'xnevetti5@va.gov', '$2a$04$QaNBwdVuNykzhwBzZZcxoOAdCKDIPyML4sI6ogYDl531sSTH70ocS', 'https://robohash.org/situtnumquam.png?size=50x50&set=set1', 0, 5, 154, NULL),
(655, 'Kyle', 'kjoroni6@wikispaces.com', '$2a$04$RT8D2JS8G4Z0lDbMbxB23ODEsujqK9TVyjyXTlP9xiW1KBZtmTD2y', 'https://robohash.org/consequunturquisint.png?size=50x50&set=set1', 0, 1, 167, NULL),
(656, 'Clem', 'cbickerstaffi7@mlb.com', '$2a$04$FYZ/OzwJErB0a.pGSPOy0.vsPsbR4IfxVTG7RNxA3tgc2qWgMS13i', 'https://robohash.org/culpanecessitatibusmagnam.png?size=50x50&set=set1', 0, 3, 166, NULL),
(657, 'Alejoa', 'abridgesi8@themeforest.net', '$2a$04$ZDrn2S8SjWn7rfJLfQZ8Teewm2t7yH568K.ar6OxGzsMprch1NNiy', 'https://robohash.org/nonquidemsoluta.png?size=50x50&set=set1', 0, 2, 127, NULL),
(658, 'Ervin', 'esorrilli9@cdbaby.com', '$2a$04$uhuOQmzq8XOu1IM6ybYwVOPXb5bihIpLoMl3SI1UN9D1PJxfKbvC2', 'https://robohash.org/oditnullaqui.png?size=50x50&set=set1', 0, 4, 31, NULL),
(659, 'Dona', 'dneighbouria@ted.com', '$2a$04$edxfClpNHoAV71byDWZocuiE9S263HqHNoG8EpgRpD9ppGiRaE1FK', 'https://robohash.org/estnesciuntomnis.png?size=50x50&set=set1', 0, 4, 80, NULL),
(660, 'Albertina', 'ajakobssonib@prlog.org', '$2a$04$PbeM5GWWmxk4FdF5ciyQD.gFZhCzlwi4B80iZpDXUP8TVXmUUYKZy', 'https://robohash.org/illoquinulla.png?size=50x50&set=set1', 0, 1, 97, NULL),
(661, 'Donni', 'dstrowanic@cnn.com', '$2a$04$.tR9OzAlvroBrsGsGoA.reebodvQj6upRLhI4nb3YJtgPuOm05OcW', 'https://robohash.org/minimasedet.png?size=50x50&set=set1', 0, 2, 44, NULL),
(662, 'Bonnee', 'bleilid@e-recht24.de', '$2a$04$WpM1I468BXuINm/1STqhSuAbk1wRPI.4IMM9s0NAOOGymvFCQLTJu', 'https://robohash.org/sedsuscipitet.png?size=50x50&set=set1', 0, 1, 13, NULL),
(663, 'Natka', 'ndibiasiie@booking.com', '$2a$04$KRaV6pXJskhHa1XOE5V3ZOXN2pCaBE0GWU3n3woK2rf4qMlotk82O', 'https://robohash.org/doloristevoluptates.png?size=50x50&set=set1', 0, 1, 182, NULL),
(664, 'Nola', 'nmoulsterif@fc2.com', '$2a$04$xzQKHrcj4S3.qQxsd6HbEuCq8czrsxcLoU5kaxenYFpM/JcZHDgjK', 'https://robohash.org/quovoluptatemcum.png?size=50x50&set=set1', 0, 4, 41, NULL),
(665, 'Saundra', 'sarrighiniig@php.net', '$2a$04$oxtLh9aS8BsPprfWamCrWuy3BX1q0BSglJec18PlW5apreaknTBHG', 'https://robohash.org/esttemporeminima.png?size=50x50&set=set1', 0, 5, 97, NULL),
(666, 'Bronnie', 'bolleih@deviantart.com', '$2a$04$T8Acs0UiBA3ojeEJPuRWkOuA0p0oAZZX5rAuaA0LFyyYywWmAml3e', 'https://robohash.org/explicabosapientepossimus.png?size=50x50&set=set1', 0, 1, 47, NULL),
(667, 'Jon', 'jpellmanii@samsung.com', '$2a$04$MzoLPh4CXnBm6i2EmSHdweIIHsbckbtQW9mY.0NSjTolsYckvNVe2', 'https://robohash.org/utillosapiente.png?size=50x50&set=set1', 0, 4, 147, NULL),
(668, 'Ileana', 'ibowesij@alibaba.com', '$2a$04$SpvkC5K52L7BYdv17cUOOeb0kMJzrZeE3EOm7Gws9qK88.rOmdLmW', 'https://robohash.org/oditdebitisquasi.png?size=50x50&set=set1', 0, 5, 177, NULL),
(669, 'Almeta', 'amccaughanik@blogspot.com', '$2a$04$8tOJNeX8ZUe4IokZBM7xa.u3QPwiP/6h40LNwpg8gQ5qAPOWddaj.', 'https://robohash.org/excepturioccaecatiadipisci.png?size=50x50&set=set1', 0, 5, 153, NULL),
(670, 'Kristofor', 'klaysonil@gov.uk', '$2a$04$CN0SGJQ.OpnLt.lEIkqSCe28YDTDclXpNsWn0ShJeqZyGIO9rXFPC', 'https://robohash.org/istemaximeconsequatur.png?size=50x50&set=set1', 0, 5, 103, NULL),
(671, 'Tessie', 'tyaldenim@hostgator.com', '$2a$04$nsHcozqEmEASgUL2uGjaheyltPu58JK1BYV9AEPnwSfe3NkVCl216', 'https://robohash.org/omnisdeseruntincidunt.png?size=50x50&set=set1', 0, 1, 82, NULL),
(672, 'Elizabet', 'ephillippin@nasa.gov', '$2a$04$2XJtiX4T2Mfovan2XdUA4.l7O.bTmQoNzD6P2fIg1T6gVwCR5q.8W', 'https://robohash.org/exercitationemrerumdelectus.png?size=50x50&set=set1', 0, 5, 152, NULL),
(673, 'Rena', 'rceschiio@infoseek.co.jp', '$2a$04$uEYBpt2D2ijqVCprDwMVVuR/6jd3hr3gQxyRlRYZ5R13Sjnd7cpOe', 'https://robohash.org/consequaturautfacere.png?size=50x50&set=set1', 0, 1, 159, NULL),
(674, 'Carolina', 'cstanettip@issuu.com', '$2a$04$k5217pPfshs6NIJzfV1eAesi7RPvKup3RypPVDqZ5a3CB37yX4F.a', 'https://robohash.org/accusantiumnesciuntquidem.png?size=50x50&set=set1', 0, 4, 144, NULL),
(675, 'Edee', 'eleathamiq@hugedomains.com', '$2a$04$TFqjrwe0ncq.ssPpnc5L3OLrwIhujQ0NY.p/K8IHj8kAYr7.qcUDK', 'https://robohash.org/consequaturetconsequuntur.png?size=50x50&set=set1', 0, 5, 74, NULL),
(676, 'Junia', 'jsieghartir@technorati.com', '$2a$04$93l8/Fjffsg4hWnIz/fSEe4k.j9CEgJQjAuE3hg6GF9UkeUcFI.1q', 'https://robohash.org/totamearumcumque.png?size=50x50&set=set1', 0, 4, 156, NULL),
(677, 'Sileas', 'srolesis@digg.com', '$2a$04$by7rdIGWJcz1h3z2KAqkVeFBHjFcfkP1fR5YHLD5ORCs6hiKA2xRW', 'https://robohash.org/molestiaeeaqueipsa.png?size=50x50&set=set1', 0, 1, 54, NULL),
(678, 'Hortensia', 'hdillestoneit@home.pl', '$2a$04$1PRGBcfFn8RxKHhV3GeB1eiiQNb7VNWOEZTlPyd/o.8wpWjyQPUm.', 'https://robohash.org/etperspiciatisaut.png?size=50x50&set=set1', 0, 2, 86, NULL),
(679, 'Hanan', 'hashborniu@plala.or.jp', '$2a$04$ZwU41mRRbANpy0HrBNQ6nuonj/BTXYBtsCPgUKYfd8ir5DoND6qLi', 'https://robohash.org/placeatestet.png?size=50x50&set=set1', 0, 2, 193, NULL),
(680, 'Bellina', 'bmillamiv@theatlantic.com', '$2a$04$5MOagV.Pw4WhX5fdm/PRxuoFPPNHN3Cgop9TfMYPEIf.Bds.ykNue', 'https://robohash.org/sequiquidemquasi.png?size=50x50&set=set1', 0, 5, 200, NULL),
(681, 'Audrie', 'astackiw@dell.com', '$2a$04$64WrNxBA8XqZPUoym3lOHuFwkreLEXsHb/1ApyShAo8pwRbFhneIu', 'https://robohash.org/quianullaaut.png?size=50x50&set=set1', 0, 4, 11, NULL),
(682, 'Kenn', 'kbanghamix@pinterest.com', '$2a$04$2Y5iJegXA/s91oSj4nmyxOBOVIwZazDKncVHMZMWbGZyZqIoCGr1G', 'https://robohash.org/voluptatemexercitationemdolor.png?size=50x50&set=set1', 0, 4, 173, NULL),
(683, 'Nerta', 'nshentoniy@list-manage.com', '$2a$04$abjGJqVNq2Tpfj/2Pc1g3eDuKBTOM83fJctolvo5wPYzRluXVYCmq', 'https://robohash.org/fugaporroautem.png?size=50x50&set=set1', 0, 1, 99, NULL),
(684, 'Susy', 'sharmaniz@t.co', '$2a$04$5ASZYDODoDCBKvllShpVAeDdL4Si5GhbWY1PXgDzYKdvKAjQL4HbC', 'https://robohash.org/eumquidemillo.png?size=50x50&set=set1', 0, 1, 150, NULL),
(685, 'Kaye', 'kcorriej0@fema.gov', '$2a$04$griw2akKKGhuN8tqez3n6eL7kFywijElar8MSPXhsvcxsbBuaH6d.', 'https://robohash.org/ipsamadipiscidoloribus.png?size=50x50&set=set1', 0, 1, 4, NULL),
(686, 'Natassia', 'nbelfj1@amazon.co.uk', '$2a$04$juNtkRAt4OBGakbjg.VJZudKDXzZzD/6bLX/Qi9eKaLI2pnoR1uaa', 'https://robohash.org/suscipitenimut.png?size=50x50&set=set1', 0, 4, 19, NULL),
(687, 'Mamie', 'mlindforsj2@sbwire.com', '$2a$04$.Nbn.Fe3Z6gWsW/eK6yOTOLAeMw3JlsRq85fVg0SXdCuV7rLuHbX2', 'https://robohash.org/temporibusnonminus.png?size=50x50&set=set1', 0, 3, 170, NULL),
(688, 'Ynez', 'ywoodfinj3@rediff.com', '$2a$04$MgNG1p0CyMMPo2aIVcfeUeCFmOkuTpXqu9oMBTFSDZK4TxkM/X7ZS', 'https://robohash.org/consectetureumsit.png?size=50x50&set=set1', 0, 5, 56, NULL),
(689, 'Allix', 'amaffiottij4@squidoo.com', '$2a$04$hrC2eMnfWuU2wOXbK7IHjOrKD6vS/H7cMtkk3F6dlzHmH7sjQDLvq', 'https://robohash.org/saepemolestiasfugiat.png?size=50x50&set=set1', 0, 1, 191, NULL),
(690, 'Christian', 'ctimckej5@newyorker.com', '$2a$04$x6lZZR43x2eELYfwlhm.Sebj9PDuh2MtVyp7fhJbFLsx3Tls.tBoW', 'https://robohash.org/nihildictavoluptas.png?size=50x50&set=set1', 0, 2, 195, NULL),
(691, 'Conny', 'cosharryj6@shutterfly.com', '$2a$04$7IfsH4Lg0xprbh2n98/1bO9w5spyFgJ6AJcC0Dwdq6rO9oOiGv/jy', 'https://robohash.org/aspernaturmagnamlaborum.png?size=50x50&set=set1', 0, 2, 79, NULL),
(692, 'Staford', 'smustoj7@cbsnews.com', '$2a$04$OVwRPdyFiYDKw17rhz1YDO/RnDX400NB7OqnNE1UsIVdgV71bRB6G', 'https://robohash.org/temporaiddignissimos.png?size=50x50&set=set1', 0, 5, 91, NULL),
(693, 'Bridie', 'balbanj8@princeton.edu', '$2a$04$NBDMNzgowLD7ntb8CLk1P.ElOAWH.pg.TAQAN83shU461mlvCWZxi', 'https://robohash.org/nontotamculpa.png?size=50x50&set=set1', 0, 3, 76, NULL),
(694, 'Tomasina', 'triseboroughj9@wikia.com', '$2a$04$GPKzNUBBNV0KkKCYRd4cse/oSU8RJd6c1Dsb3lNDxFcaf6uygdU3W', 'https://robohash.org/commodihicad.png?size=50x50&set=set1', 0, 1, 141, NULL),
(695, 'Maegan', 'mtilbrookja@wordpress.org', '$2a$04$mMPqVX4FzIXiYBf59m4uO.xhvNA9oXcPfeeudMOUXvOUfZlKNSZ0K', 'https://robohash.org/temporibusomniscorporis.png?size=50x50&set=set1', 0, 5, 174, NULL),
(696, 'Francoise', 'fmarquissjb@desdev.cn', '$2a$04$Ui2mEKE4Wea0R2.JAN8H6.B2wHYIeuBIORtW490P37Ru8kWBP2Pfm', 'https://robohash.org/ametautminus.png?size=50x50&set=set1', 0, 3, 36, NULL),
(697, 'Ruthann', 'rlanchberyjc@purevolume.com', '$2a$04$8P0RBOM7KmcK3mTK.H8XS.U2MdMZifZa/jYU2w/fFPgfgb4HnEHz2', 'https://robohash.org/facilisaspernaturest.png?size=50x50&set=set1', 0, 2, 133, NULL),
(698, 'Rosalia', 'rlerganjd@scribd.com', '$2a$04$0fNdxgnh1T1X69rXKrh4FeCba8P8EJmLtB/s/5aysIiPWceuSGeIK', 'https://robohash.org/eiussedesse.png?size=50x50&set=set1', 0, 3, 116, NULL),
(699, 'Danice', 'dgregrje@artisteer.com', '$2a$04$fASz6Uo/rPSQ8ANGjGiHeecGt9qMeqE8isZiAczsqg7VD0CCCHU7C', 'https://robohash.org/laborumrecusandaeaut.png?size=50x50&set=set1', 0, 2, 49, NULL),
(700, 'Othilie', 'orichemontjf@ebay.com', '$2a$04$ZPaVTiBsc7Kh2wkt.HcnoeSzZ02MOaFk.X/O1nz4HYFWY.Ftm3XB.', 'https://robohash.org/idpossimusvoluptatem.png?size=50x50&set=set1', 0, 4, 139, NULL),
(701, 'Katrine', 'kpetrozzijg@eepurl.com', '$2a$04$Epkm668rYIKMl7SM8Pcp5O762GGS3XaFFVqWob962AakCuftSd6Wq', 'https://robohash.org/earumnamiusto.png?size=50x50&set=set1', 0, 2, 100, NULL),
(702, 'Shaina', 'sohonejh@nydailynews.com', '$2a$04$YkSpGAdzLUHHFil/FMmP0.yi2a6i3kmpFpWLNJiA6M9Llw.WIdJZ6', 'https://robohash.org/pariaturesselaudantium.png?size=50x50&set=set1', 0, 3, 176, NULL),
(703, 'Celesta', 'cwadwellji@istockphoto.com', '$2a$04$EN/TkfPzRPQYAZx6QVTI/Ou1711W4mPEYAIhn3f0qC74IiJIW5E1a', 'https://robohash.org/nesciuntvoluptatibusdicta.png?size=50x50&set=set1', 0, 5, 182, NULL),
(704, 'Gerardo', 'gwallmanjj@ox.ac.uk', '$2a$04$iLULIsR1CkRqujWeD7vb1e4Gkz06oqPAvBCj5PU6W.bGN7RrEo8T6', 'https://robohash.org/quisautomnis.png?size=50x50&set=set1', 0, 3, 179, NULL),
(705, 'Jillana', 'jdeantonijk@linkedin.com', '$2a$04$3UkxoKyM2UWgyhhENkAv/eH5.tToCHcU2OX.P5nXz3/07SmGzHsaa', 'https://robohash.org/etnobiset.png?size=50x50&set=set1', 0, 4, 155, NULL),
(706, 'Giordano', 'gmenendesjl@joomla.org', '$2a$04$FzrNuhHRVdAPPI1efHTQJ..OPyljn.UA7pH1SKN5k6pTcAjU40QtK', 'https://robohash.org/quianonunde.png?size=50x50&set=set1', 0, 3, 132, NULL),
(707, 'Amalia', 'areinhardtjm@xinhuanet.com', '$2a$04$sIU/3.hNpq8jOsgMQv7ZdePhexK/OEMpGzI.Cpa7N05YR/.KbKvHm', 'https://robohash.org/nemosuscipitdolor.png?size=50x50&set=set1', 0, 3, 24, NULL),
(708, 'Ely', 'econtijn@columbia.edu', '$2a$04$iQijLIOMgge1TeuVAxLtKOBkxifOGtNrqhX88P9ubqxoLe7WV3DC6', 'https://robohash.org/sedquospraesentium.png?size=50x50&set=set1', 0, 1, 72, NULL),
(709, 'Frederica', 'fpellettjo@sohu.com', '$2a$04$OFreML872GHiqQhqV/T5oeHgmV5paCFFVwJ0SKkSNuJOAAycHyiU2', 'https://robohash.org/nullapossimusquasi.png?size=50x50&set=set1', 0, 3, 75, NULL),
(710, 'Jard', 'jcaddiesjp@cdc.gov', '$2a$04$3Pm1yZaDqhU4M2PaGTRKwuR3I/1L1GzK/fa3VxGa3RK.dG.EdiBQy', 'https://robohash.org/esterrorquibusdam.png?size=50x50&set=set1', 0, 1, 117, NULL),
(711, 'Daveta', 'dhackworthjq@nationalgeographic.com', '$2a$04$./mI33enRxj/ONVem5ngKuFRe85ulJDpCnfExJMXBJHX167At7y3W', 'https://robohash.org/veldolorumut.png?size=50x50&set=set1', 0, 5, 56, NULL),
(712, 'Gerta', 'greenjr@noaa.gov', '$2a$04$oOGgmgifY3VWXUPWzBaAC.Hl2O/FL6nMXGW2zZKa87JGTX5zx2CyG', 'https://robohash.org/quoquosqui.png?size=50x50&set=set1', 0, 2, 47, NULL),
(713, 'Paddie', 'pambrogionijs@a8.net', '$2a$04$H1FY.lfCGBCGXJA7Zr8ioeWUJcw8QbiuNuHMgqzbzp01hByONgwre', 'https://robohash.org/consecteturoccaecatinon.png?size=50x50&set=set1', 0, 3, 148, NULL),
(714, 'Vanna', 'vcluleyjt@fda.gov', '$2a$04$AZul5IXvR2c/D80n7utkEe7x4p2StpY4kygArfnA8EpDmZbHY6S32', 'https://robohash.org/abipsumsequi.png?size=50x50&set=set1', 0, 5, 12, NULL),
(715, 'Adolph', 'abotleyju@wisc.edu', '$2a$04$Nbyik64SoBlBOe.9mhs3W.WXHyIY9v4.GEx6L.aKNUjDT8UTj/iBC', 'https://robohash.org/idquidemexercitationem.png?size=50x50&set=set1', 0, 5, 150, NULL),
(716, 'Marietta', 'mflaundersjv@edublogs.org', '$2a$04$SZ3eWZlCuWmC5swwqSu/be4FXCFRuDEMMXS4VNYAKU/rykVVm8kby', 'https://robohash.org/sedrecusandaeet.png?size=50x50&set=set1', 0, 1, 98, NULL),
(717, 'Phip', 'plunajw@google.co.jp', '$2a$04$77ybFYUTeNa5.gZIaPDY9OeXjZozFjdHHgwm/Qg8i8KdmDfsfRlnO', 'https://robohash.org/etnecessitatibusunde.png?size=50x50&set=set1', 0, 4, 58, NULL),
(718, 'Tessie', 'troggerojx@blogtalkradio.com', '$2a$04$3EqLAq7kEPD6hnTW.aTQm.VugVK6vTJXSlxJXgZkYtLVDCBVDQaZi', 'https://robohash.org/consequunturdoloremquerepudiandae.png?size=50x50&set=set1', 0, 5, 49, NULL),
(719, 'Carie', 'cfyfejy@weebly.com', '$2a$04$ufLrO712W41dDhE1IM5cIeNyGsWgikOdUl6chbShHQxIbsnZv6dL.', 'https://robohash.org/etquosut.png?size=50x50&set=set1', 0, 1, 35, NULL),
(720, 'Lib', 'lmitchensonjz@chicagotribune.com', '$2a$04$kZw2VZ5lRUhVnbrOdEQ6RORhDgWobiAs/oSTsHaynstYoVRR5on7a', 'https://robohash.org/ipsameaaut.png?size=50x50&set=set1', 0, 2, 194, NULL),
(721, 'Farris', 'fmortellk0@springer.com', '$2a$04$vKp4VZLWLY2xeIJLnMdAlut1PXKz1x13YNN8EDFTWTCGFUk8wBT4e', 'https://robohash.org/sedexplicaboaut.png?size=50x50&set=set1', 0, 4, 130, NULL),
(722, 'Karlik', 'kcaberask1@ucsd.edu', '$2a$04$hhaPb0SlzRJddFiagxDaFuecbT.Dg2LkP2D7ehUB.XitK4cdJaX1u', 'https://robohash.org/enimetplaceat.png?size=50x50&set=set1', 0, 4, 105, NULL),
(723, 'Liv', 'lrichardonk2@friendfeed.com', '$2a$04$2XezD6zqWq.wE0EwoTIXU.8rbulKiYKsa6R4YJj0SQnUUdSfuzQ3q', 'https://robohash.org/quamperferendiseveniet.png?size=50x50&set=set1', 0, 1, 164, NULL),
(724, 'Caitlin', 'cosherrink3@studiopress.com', '$2a$04$GTFgGvKlG.52v55yA..dietl.1RvBueuFLLb3EVJwJg45mlgVvZQ6', 'https://robohash.org/quiaperferendisvoluptatem.png?size=50x50&set=set1', 0, 4, 157, NULL),
(725, 'Moises', 'mgiannonik4@mapquest.com', '$2a$04$p/3WM7s3MLGNB9m6rcz6ye/Bfnf2/JAhDOYaq0z02e7uPz9RruZfK', 'https://robohash.org/illodelenitimolestiae.png?size=50x50&set=set1', 0, 1, 106, NULL),
(726, 'Petey', 'poflavertyk5@discuz.net', '$2a$04$92J2rLC6E3RKBxOAB2fWjeR6p8ERNNWKaFhnTC0g7iVOYpWfJEUp.', 'https://robohash.org/recusandaefugitea.png?size=50x50&set=set1', 0, 5, 162, NULL),
(727, 'Melitta', 'msudrank6@themeforest.net', '$2a$04$DdBi4rMXW1JLH5Eh5B9VV.pf08G8Fw/gJZSI1cto6DH0gMTaUbPf6', 'https://robohash.org/remdeserunteos.png?size=50x50&set=set1', 0, 2, 185, NULL),
(728, 'Bevan', 'bivensk7@deliciousdays.com', '$2a$04$e6dS6tF6D9L5hzjdHp8aMOnSlcuvhvwHdaNe4SbZUOaEM1bte//Pq', 'https://robohash.org/facereeaquetempora.png?size=50x50&set=set1', 0, 4, 9, NULL),
(729, 'Garvin', 'gbremingk8@mayoclinic.com', '$2a$04$ZO1Rj8mVGehbCkIaDLwcWe/zhR2.iTGmCA0JZ.98UFfnrMbL9O2La', 'https://robohash.org/impeditaliastemporibus.png?size=50x50&set=set1', 0, 5, 28, NULL),
(730, 'Jase', 'jwixeyk9@dailymotion.com', '$2a$04$yqeYlTARyZxJ8SAkVWFGmOyyb.TLDcFHe6wuFzGX6wPRVai621GKW', 'https://robohash.org/dolortemporibusvoluptatem.png?size=50x50&set=set1', 0, 2, 94, NULL),
(731, 'Jonis', 'jibbettka@netscape.com', '$2a$04$8WQkNeqodSYEhno.haEtd.inZHOHQLQ.ABnRM/jjkhP.szm.aSp9O', 'https://robohash.org/etestaperiam.png?size=50x50&set=set1', 0, 5, 94, NULL),
(732, 'Ninnetta', 'nellisskb@yolasite.com', '$2a$04$OsRtzctMFkktUKPXuaBpgu8Bi5ZDqaQZXWXvsFyu7pREGKcMfceA2', 'https://robohash.org/nequeaaut.png?size=50x50&set=set1', 0, 1, 176, NULL),
(733, 'Erik', 'ekhristoforovkc@pinterest.com', '$2a$04$l6PhaxugVgZu./uuVD3pneIGRB5oSjtnT4exBDs8T8UF0jnTJvhTS', 'https://robohash.org/utsitamet.png?size=50x50&set=set1', 0, 4, 23, NULL),
(734, 'Yuma', 'ysymonkd@google.cn', '$2a$04$Bn9DGT1flvOCOkY8DgOzT.w6Hp6H6qz/guctTM/cgNRTvRYkVUIUC', 'https://robohash.org/laboriosamestquo.png?size=50x50&set=set1', 0, 5, 84, NULL),
(735, 'Howard', 'handrichke@salon.com', '$2a$04$i1v2uNxr7BxnEFq0lwZKS.SVbKWPfcg.pHVliDaClwjXhYIcPnoRe', 'https://robohash.org/beataenihildicta.png?size=50x50&set=set1', 0, 1, 28, NULL),
(736, 'Colet', 'cpiccopkf@bigcartel.com', '$2a$04$2Cl5XAT6CoV0OFSog7XwSOL/FXYb/ZZz9Ve5ysQSDgbicZ920SsKu', 'https://robohash.org/quiharumqui.png?size=50x50&set=set1', 0, 5, 51, NULL),
(737, 'Brett', 'bkochlkg@aol.com', '$2a$04$uaBFBxg7cdylYMN8QToQDOhcl3rMGoq7hGcQ2ekRvgz6.Z5W1e5N6', 'https://robohash.org/solutainsed.png?size=50x50&set=set1', 0, 4, 175, NULL),
(738, 'Artur', 'apearsekh@ask.com', '$2a$04$uo.xBNoAd5AkP5Qcb/GGV.XFuuUsdw2tfzt/crUvd11YZ3L0qpvj6', 'https://robohash.org/doloresuteos.png?size=50x50&set=set1', 0, 3, 110, NULL),
(739, 'Dori', 'dgiordanoki@icio.us', '$2a$04$aeJ0PMtvsnOt9aMMR2vWdeKsXTsuWw0EaT.pmi9splVNUMR2chZiq', 'https://robohash.org/ipsumcorruptiillum.png?size=50x50&set=set1', 0, 5, 125, NULL),
(740, 'Rochelle', 'rogreadykj@github.io', '$2a$04$lGNEFEYRt1tySc3Tv/RFZ.wTjtzgvsrgrQb8SVN6w210o9JGEKWQ.', 'https://robohash.org/dictaarchitectoveritatis.png?size=50x50&set=set1', 0, 5, 52, NULL),
(741, 'Johnna', 'jmarzelokk@hp.com', '$2a$04$AztZRgjIiUm8JjeVU8yAA.nZmrASOyQDQ3QG0xY8HW.193r6rw7W.', 'https://robohash.org/etatquequae.png?size=50x50&set=set1', 0, 4, 135, NULL),
(742, 'Swen', 'stodarikl@usgs.gov', '$2a$04$cSd0hKE0h35yVrbx960SpuZF8KnhEXMsi/kqIu2yd5M8DGtbwhm46', 'https://robohash.org/etnobisearum.png?size=50x50&set=set1', 0, 1, 78, NULL),
(743, 'Kimmi', 'kbrazurkm@spotify.com', '$2a$04$5LNgQU/Eidpg37Ghva/tlu.7/Fsg5U9Ql74R26KVHCf/OpOsiqlaq', 'https://robohash.org/rerumquidoloribus.png?size=50x50&set=set1', 0, 4, 162, NULL),
(744, 'Sibylla', 'sdahlgrenkn@merriam-webster.com', '$2a$04$LE8snSrdR/I5jBPckchYFuc8aPU1DpryxdN.opih0KWal21uncgTW', 'https://robohash.org/providenttemporibusconsequatur.png?size=50x50&set=set1', 0, 2, 43, NULL),
(745, 'Elissa', 'ebenetko@phpbb.com', '$2a$04$Tf5aevVTWwYy10CUKa01COJOc/jiadz/UFF.Utr3HJqDB9IQ5lEdG', 'https://robohash.org/sedinvoluptas.png?size=50x50&set=set1', 0, 1, 152, NULL),
(746, 'Torin', 'tbrosettikp@china.com.cn', '$2a$04$rHfY1hOoszCCi1CGgTI5.u735hQhkQ3P3DUlRP0fq3AO21a2.xQga', 'https://robohash.org/reiciendislaboriosameos.png?size=50x50&set=set1', 0, 3, 5, NULL),
(747, 'Raina', 'rcolbrunkq@weebly.com', '$2a$04$NuO09mEUGKSvjhIjrreHHuIDUZP3.EHexJfuHfyiziS3F57rCzOd6', 'https://robohash.org/quirepellendusnon.png?size=50x50&set=set1', 0, 4, 24, NULL),
(748, 'Tiffy', 'twheldonkr@spiegel.de', '$2a$04$sIsMbjZfi3LI7WiHw.z.VOAeVQ7o0MuLlYaQYr9XcoKrE.I/qMLEi', 'https://robohash.org/laudantiumdoloribuseveniet.png?size=50x50&set=set1', 0, 1, 11, NULL),
(749, 'Eleonore', 'ekachks@jimdo.com', '$2a$04$q.pQRyPYMCFqDvxjzZyfSu7z807FjMvvCGhrtcHbcHOtYuYJL8X4e', 'https://robohash.org/eosmodiimpedit.png?size=50x50&set=set1', 0, 5, 138, NULL),
(750, 'Almire', 'acrocettikt@pbs.org', '$2a$04$u7cuW39aLsHG4OcCjNzMVeJUMpDjYme8dEizjJEyutOebdoCWfWE2', 'https://robohash.org/autquamea.png?size=50x50&set=set1', 0, 2, 7, NULL),
(751, 'Shurwood', 'smowlamku@examiner.com', '$2a$04$z2f1nsdz3poRGLHse0nneOnAIUqbOPvNNBrnKHrKAu2O7tqRXjiOm', 'https://robohash.org/nemodelenitiipsam.png?size=50x50&set=set1', 0, 5, 166, NULL),
(752, 'Evelin', 'esmidmorekv@miitbeian.gov.cn', '$2a$04$8GTh5wDvH9TzD/EDGEfOBubQZanl5HM6M76SP/D669ByfGriXVQEG', 'https://robohash.org/quiaestomnis.png?size=50x50&set=set1', 0, 4, 58, NULL),
(753, 'Genvieve', 'gmoxhamkw@imageshack.us', '$2a$04$FWfk5NlssAxHaRhazv.FX.bikhWWke/k4.9OeC3k87cn9OtaeZqg.', 'https://robohash.org/perferendisillumquis.png?size=50x50&set=set1', 0, 5, 21, NULL),
(754, 'Bill', 'bboylankx@twitpic.com', '$2a$04$reAgxexTvi/SCOHa5.mtPuPQ1IowWkPNmlvtxmPUnT6UVanK/htw6', 'https://robohash.org/architectoconsequaturea.png?size=50x50&set=set1', 0, 2, 78, NULL),
(755, 'Martyn', 'mcomelloky@gmpg.org', '$2a$04$CJ/9Kg7HijIIq7.eRrLfXOz5zbOcW3xvyEYWdB6A/gxw4tCO6rGkG', 'https://robohash.org/repellataspernatureos.png?size=50x50&set=set1', 0, 3, 93, NULL),
(756, 'Elwyn', 'ehonackkz@hexun.com', '$2a$04$N7HOSixga6djp2WjGho13OPsvYxqsftdFghbOLBa.5Ea9DXgi0DPq', 'https://robohash.org/quosuntvelit.png?size=50x50&set=set1', 0, 1, 86, NULL),
(757, 'Glynn', 'gsaylel0@google.nl', '$2a$04$P.dS78oq8Tg4W189fTqEiOggY4svLtif58mUJs9LMbLN001I1u7uS', 'https://robohash.org/eaqueoditvoluptatem.png?size=50x50&set=set1', 0, 2, 73, NULL),
(758, 'Lauralee', 'ldomencl1@prlog.org', '$2a$04$SEVrzlcCdItim6FuB7NlRuPWPHSQaxAz1xhOlKUTF33JXkHfJEMsa', 'https://robohash.org/molestiasquaeratharum.png?size=50x50&set=set1', 0, 5, 19, NULL),
(759, 'Karola', 'kchavesl2@noaa.gov', '$2a$04$xnpXStbUhdJRJu5JCWyFiuWaayI2BHTANs/z6MJICKPEPe72/w5V2', 'https://robohash.org/corruptirecusandaepariatur.png?size=50x50&set=set1', 0, 1, 151, NULL),
(760, 'Dwight', 'dmaccomiskeyl3@webs.com', '$2a$04$wWqhrUOWyfBdlkge9REVs.GsscoYka7dAPRjfxtFJNbGjjHYRiUYW', 'https://robohash.org/consequunturexpeditarecusandae.png?size=50x50&set=set1', 0, 3, 196, NULL),
(761, 'Vera', 'vfinlryl4@twitpic.com', '$2a$04$zJ5SDIjK2plUlO4GxcuXZe9ZDv6Vt2uO11ST89mp60/7lN0gDSFWK', 'https://robohash.org/solutaexpeditaeum.png?size=50x50&set=set1', 0, 5, 181, NULL),
(762, 'Tonnie', 'tmccartl5@wordpress.org', '$2a$04$Uy3yqaqcIx6t71p.1IoXHuBtRqvOdk0ni36abTQtN0UOY7.Yi8Aw6', 'https://robohash.org/fugiatestdolorum.png?size=50x50&set=set1', 0, 2, 113, NULL),
(763, 'Dulsea', 'dsporrijl6@cloudflare.com', '$2a$04$JrpFIKp9M6ivJm9miGsX8.WT5nXr.XtkGoAhSYwzrIS9eJJU0deZe', 'https://robohash.org/excepturivoluptatemporro.png?size=50x50&set=set1', 0, 3, 41, NULL),
(764, 'Ody', 'omaccroaryl7@mac.com', '$2a$04$VJR15914QPT9SkZVWPpd9uf0I7.vTmnfcFy1JGlWwdoDYAW9lEPBu', 'https://robohash.org/nonatqueporro.png?size=50x50&set=set1', 0, 3, 137, NULL),
(765, 'Kirby', 'kfruserl8@delicious.com', '$2a$04$vEHvnMyD8sDU9cr4eonk8OoIBMi8z.vaR7dLt7jZ4074aDa8fLvOq', 'https://robohash.org/abautillo.png?size=50x50&set=set1', 0, 5, 148, NULL),
(766, 'Berry', 'btumal9@ted.com', '$2a$04$31.n7tYOrmNe21sAs4nQbezoS88mZ8mRhH6cc1cydhEW7hFA4pIim', 'https://robohash.org/teneturutullam.png?size=50x50&set=set1', 0, 1, 43, NULL),
(767, 'Victoria', 'vfahrenbachla@a8.net', '$2a$04$8VyqOyt1Vx/pWvFgkr1CdOpNKuWhxuXnu0tJNBG4tsUHRCSXYv2Nu', 'https://robohash.org/ametetlaborum.png?size=50x50&set=set1', 0, 2, 55, NULL),
(768, 'Abigael', 'aguidinilb@1und1.de', '$2a$04$SeoMk3QRDHvqJJ2ElR8Ec.NdS.KvLXiVBM5HUfzMxtixI7GjNcOXG', 'https://robohash.org/aperiamcumquenobis.png?size=50x50&set=set1', 0, 4, 163, NULL),
(769, 'Bone', 'bfydolc@indiegogo.com', '$2a$04$13IJW2YpI/zhyPpAzqs1cOJpLK3fB25v1Ia.tgOb.as856OvAD9KW', 'https://robohash.org/saepeatodit.png?size=50x50&set=set1', 0, 4, 66, NULL),
(770, 'Rip', 'rrewcassellld@moonfruit.com', '$2a$04$uUshMfqt9YWsmzteOKXlperVpWSkcypLVZVxhQ1acechPG2ZGWlmm', 'https://robohash.org/praesentiumanimimodi.png?size=50x50&set=set1', 0, 4, 190, NULL),
(771, 'Sunshine', 'skeesele@mediafire.com', '$2a$04$ga1Sg4XZRbGe2FgaWx1dV.iktaHI4QIrz2YweuHgUPtMMdDDyh/q6', 'https://robohash.org/eumfugitaspernatur.png?size=50x50&set=set1', 0, 5, 130, NULL),
(772, 'Ilario', 'ibiddleslf@cnbc.com', '$2a$04$fpZN.amX.wixZOet/ri6BujApWcOUBp2IJhEjrSS4RWkiTil5t/c.', 'https://robohash.org/quisquamquodolores.png?size=50x50&set=set1', 0, 5, 196, NULL),
(773, 'Corbin', 'cbaxstairlg@wisc.edu', '$2a$04$rbZ8anLrT2nx1rW2zoz9KuloItG17z.T3v4Q22GgWCzkojQapA3Xy', 'https://robohash.org/nonundererum.png?size=50x50&set=set1', 0, 3, 81, NULL),
(774, 'Aldin', 'abarnsleylh@example.com', '$2a$04$lREjmRiO0ymOVc/iOLYOGuDjuZaFzyLNBm8AqrQpfwiwsu94KNPWO', 'https://robohash.org/remducimusperferendis.png?size=50x50&set=set1', 0, 5, 71, NULL),
(775, 'Shermie', 'stousyli@cnet.com', '$2a$04$D/mG.0lmgQA9.0n06GpQeufIny4zAnQ5dMEhOYfxYLYk8SfVfk/VS', 'https://robohash.org/maioressuscipitharum.png?size=50x50&set=set1', 0, 1, 180, NULL),
(776, 'Jobi', 'jlongthornelj@bloglines.com', '$2a$04$hn6Dnk/BoTMD3eaIEC7p0uv39Ie2JnSDr82jC9Mc7myR2KKKBlvzK', 'https://robohash.org/natusquasidistinctio.png?size=50x50&set=set1', 0, 3, 89, NULL),
(777, 'Justus', 'jmccorkelllk@e-recht24.de', '$2a$04$eQJ7iMRCkMYflGVys.gI/.FFHcYo0FSJQ5DTb2sGVa7vvT6ygzWSi', 'https://robohash.org/temporenihildebitis.png?size=50x50&set=set1', 0, 3, 56, NULL),
(778, 'Jesselyn', 'jgarbuttll@jugem.jp', '$2a$04$VDYEUf3T97L7T4qECQPhf.bMRziE4nzd3rN2CMuN5Lm9BJufE775.', 'https://robohash.org/blanditiiseosexpedita.png?size=50x50&set=set1', 0, 5, 183, NULL),
(779, 'Merissa', 'mbarlacelm@nasa.gov', '$2a$04$9HSFORRB5dT8U8RCVjw13.Lsh8oltuwQdlnX2w91K/07dLQIOvlWe', 'https://robohash.org/aperiamevenietsit.png?size=50x50&set=set1', 0, 4, 19, NULL),
(780, 'Ruddy', 'rwastellln@mlb.com', '$2a$04$se/EZsaGMZT/UuN0ZKTS0OB0P4DKDdGLI8WGClRvaeP.jS1D/2FDy', 'https://robohash.org/reiciendisinadipisci.png?size=50x50&set=set1', 0, 5, 176, NULL),
(781, 'Berny', 'bimpylo@jalbum.net', '$2a$04$NVeAZ3CgDwQw2e3jsJdM9eDrbE2G.93UrK1ymPxSxn.rZsAEEfjRG', 'https://robohash.org/nequeasperioresea.png?size=50x50&set=set1', 0, 1, 56, NULL),
(782, 'Jonie', 'jgeorgievskilp@domainmarket.com', '$2a$04$7.C69udZHjPv9FMug/lZQ.VH93t7CBykKaoM42ds5o5/UZfbbJCw2', 'https://robohash.org/abetillum.png?size=50x50&set=set1', 0, 4, 117, NULL),
(783, 'Jedd', 'jvallancelq@blinklist.com', '$2a$04$fvE/LbllL4YbzhlW6oKThOVUGo2YRwxN2rNKoADCnzQPbIB2ELC5e', 'https://robohash.org/utsintet.png?size=50x50&set=set1', 0, 4, 102, NULL),
(784, 'Kristen', 'kkeepinlr@shareasale.com', '$2a$04$GGa74CkPfnHlB4LGtKGDGehVu4Ho0os5BgoMj2xfBt3dMg8acVI3y', 'https://robohash.org/inventorequosconsequatur.png?size=50x50&set=set1', 0, 5, 143, NULL),
(785, 'Edmund', 'egamills@webs.com', '$2a$04$QVtmBVoUTMhjSQ/cq1C/heOiLsGW.QZbZoFpzPG9JlkTjJtuwuaP6', 'https://robohash.org/voluptatesetvelit.png?size=50x50&set=set1', 0, 5, 56, NULL),
(786, 'Wallie', 'wwinnlt@weather.com', '$2a$04$Zd/w0DCMx5JRr7O1.LOjcedKfhzxPx2O3u5YSvstY.JNe5itosqy2', 'https://robohash.org/debitisdistinctioofficia.png?size=50x50&set=set1', 0, 1, 36, NULL),
(787, 'Christian', 'cscogginlu@shareasale.com', '$2a$04$qawMc/F1skdbFmkBHcHJfOELIeqvWKGgwchgTjTli24p4jPAOCafG', 'https://robohash.org/eosconsequuntureum.png?size=50x50&set=set1', 0, 5, 52, NULL),
(788, 'Kiersten', 'kbeenlv@xrea.com', '$2a$04$7uHa5YcYge7kquCXXBnCceibnowDr4ByBnU.ekp4CL2.swsKluf26', 'https://robohash.org/itaqueutest.png?size=50x50&set=set1', 0, 5, 100, NULL),
(789, 'Erika', 'eburdgelw@tinyurl.com', '$2a$04$ccC6xsDFrxWLPCEJMRpNbu.sdU3u4b9gGISpWEcyyDeI5rCXpiS7m', 'https://robohash.org/atqueestodit.png?size=50x50&set=set1', 0, 3, 138, NULL),
(790, 'Angela', 'aslinelx@phoca.cz', '$2a$04$OIbWUeiLnEBxdSSGJafUweEjKmwutIZHla0Qo9KYrFVeC31yAf1TK', 'https://robohash.org/fugitnequererum.png?size=50x50&set=set1', 0, 3, 116, NULL),
(791, 'Cacilia', 'cstandingly@irs.gov', '$2a$04$wI3TDtDoHj74q/I3wudNs.z9Ift38yyW6cBLLYHZbyg51nPuuPExe', 'https://robohash.org/autetnesciunt.png?size=50x50&set=set1', 0, 4, 132, NULL),
(792, 'Sheffie', 'scorcoranlz@aboutads.info', '$2a$04$3gnmvHu0q4likAYvTURfAuY4/LCVqFumzyrI7EfFvg/BDm3lh8frG', 'https://robohash.org/sequiperspiciatisut.png?size=50x50&set=set1', 0, 5, 85, NULL),
(793, 'Garrot', 'gtythertonm0@myspace.com', '$2a$04$aVwa2srsrFvZHtClzMOoueiLRE9IeyuajjSWQvZhMFS4hbAF2PMpO', 'https://robohash.org/teneturculpaquae.png?size=50x50&set=set1', 0, 2, 165, NULL),
(794, 'Phil', 'phannerm1@cyberchimps.com', '$2a$04$iEbRMrFGdkO/UL94urJZ1eREqmHXIvexnGvTd2N1UNNfhyqxfsmCe', 'https://robohash.org/utvoluptatibusreiciendis.png?size=50x50&set=set1', 0, 3, 174, NULL),
(795, 'Hendrik', 'hmcindrewm2@java.com', '$2a$04$l9Ge8cu/8Jz.21hatDHQo.YOrIcEQQKnk5hb1w5EUROsYvfXmXvTO', 'https://robohash.org/inventoreetincidunt.png?size=50x50&set=set1', 0, 1, 75, NULL),
(796, 'Em', 'elampelm3@china.com.cn', '$2a$04$WpOQGuatAZbWfWGaXCZ1xelWQf/XPdSQCIVj4f2BeeBgar4uKmULC', 'https://robohash.org/laboriosammollitiaalias.png?size=50x50&set=set1', 0, 4, 133, NULL);
INSERT INTO `users` (`id_user`, `username`, `email`, `password`, `avatar`, `admin`, `id_role_type`, `id_place`, `bio`) VALUES
(797, 'Ellery', 'emucklestonem4@msu.edu', '$2a$04$F4HHFgxHFFA49PK8L.CNyerp9px6dVlDOVgGwFDelXLPA2lFO3cg.', 'https://robohash.org/doloremquevelvoluptate.png?size=50x50&set=set1', 0, 1, 10, NULL),
(798, 'Gloriana', 'ggaffneym5@mozilla.com', '$2a$04$KDE7QlIvR1To2FhM917yVudPeJ0YejrZwtwtA4zhWdWbcpVvwk0my', 'https://robohash.org/voluptatibusrepellendussuscipit.png?size=50x50&set=set1', 0, 5, 156, NULL),
(799, 'Averell', 'aholburym6@macromedia.com', '$2a$04$hjVs0zGk3Az2ICyED.Ynb.mwPzCVnz/9WymVv2f8Zt6iBEyGIMoXa', 'https://robohash.org/voluptatemeumut.png?size=50x50&set=set1', 0, 5, 21, NULL),
(800, 'Mame', 'meastwoodm7@state.gov', '$2a$04$5WJMxSSYCw8v0fy54Wz4leyz9ywJGaiUq2BRqBIohgbFbNq3khb3y', 'https://robohash.org/etdoloremqueautem.png?size=50x50&set=set1', 0, 3, 148, NULL),
(801, 'Darcee', 'dmacgillivraym8@pcworld.com', '$2a$04$kwYtqj38MK5a6upMbaCFj.tbM4lL1C95DpLDGDQkaJf0sgsURtsQ2', 'https://robohash.org/assumendanihilomnis.png?size=50x50&set=set1', 0, 3, 91, NULL),
(802, 'Avrom', 'acolquytem9@yellowpages.com', '$2a$04$XbdmMIL1pjXekwSD5Vogt.kfeftbnYdxNfldGEcyO8CkLa07nUp.e', 'https://robohash.org/etnisitempore.png?size=50x50&set=set1', 0, 5, 68, NULL),
(803, 'Anet', 'abolinoma@psu.edu', '$2a$04$JzPLCTtuvNbHol1hs/NbpOJL2dhVh76ubNUyC5fEzhZx91d7yImYC', 'https://robohash.org/exercitationemfugaqui.png?size=50x50&set=set1', 0, 4, 41, NULL),
(804, 'Hadleigh', 'hrealymb@google.com.br', '$2a$04$O3Xcg8EFgOTFIiRePJojre4Pj/kMHJl77hNrHYQq6ujVmY7HWF4l.', 'https://robohash.org/ipsadoloribusdeserunt.png?size=50x50&set=set1', 0, 1, 150, NULL),
(805, 'Baryram', 'bfendmc@rediff.com', '$2a$04$L05EAwpqLDem7UKceRsf2upnjIf00JKJBzwNorK/U7omdRCTe8fqO', 'https://robohash.org/quoutconsequuntur.png?size=50x50&set=set1', 0, 1, 191, NULL),
(806, 'Emelita', 'eperrismd@google.nl', '$2a$04$.k4NEzX2SDB2IEcdBbTYf.hbiBv8DbqBEdYG/t9m5ULXOcxg.Fh1e', 'https://robohash.org/quievenietimpedit.png?size=50x50&set=set1', 0, 5, 80, NULL),
(807, 'Marjory', 'mtrottme@twitpic.com', '$2a$04$qupby.nGK3GaS96l9yx8H.QJj8VKrqWKoyvJNIAva8gmstdzwTqVe', 'https://robohash.org/natusinqui.png?size=50x50&set=set1', 0, 5, 127, NULL),
(808, 'Joly', 'jsorsbiemf@icio.us', '$2a$04$9RYjAWMH1Rda1hoATyHK5e7zh1yyTaqIWQQTUJVGb.GJvCpslBG26', 'https://robohash.org/quisquamomnisquod.png?size=50x50&set=set1', 0, 5, 62, NULL),
(809, 'Amber', 'aduggonmg@pinterest.com', '$2a$04$Kq9.szUnm7fRfjv9Yh37K.wGBST0dsQdmkhkSPY25F1Cn12qQYxhy', 'https://robohash.org/pariatursaepemaxime.png?size=50x50&set=set1', 0, 3, 135, NULL),
(810, 'Jo', 'jwittkemh@rambler.ru', '$2a$04$X1VsZl.HUsxu0m524OiB/u6Dp5PzYg5yxJ5IchKJjd5XLA1zfxOfW', 'https://robohash.org/autnemonobis.png?size=50x50&set=set1', 0, 1, 179, NULL),
(811, 'Hank', 'hjewissmi@over-blog.com', '$2a$04$ZvSP9yRMe4tgm1xi9fOpHuYTPaB4Tk47Oi9XyiiB4GZJSnEQHoGyK', 'https://robohash.org/autemporroinventore.png?size=50x50&set=set1', 0, 1, 88, NULL),
(812, 'Gerianne', 'gsiddeleymj@youtube.com', '$2a$04$Z5L.nA0BsSU5Xw3ukclRVudwp3z0GaTFzKXK/9kNwGWAWafCQPo1O', 'https://robohash.org/quiplaceatdolore.png?size=50x50&set=set1', 0, 1, 20, NULL),
(813, 'Berte', 'bhawemk@house.gov', '$2a$04$qL8VpADLjT9vC6jZ0a8fZ.tMj0nCeDRKaUOhgOoPLD7.T5r2sQFS2', 'https://robohash.org/etfacerenatus.png?size=50x50&set=set1', 0, 2, 81, NULL),
(814, 'Tessie', 'toborneml@example.com', '$2a$04$.cDIRcg/xFnGbQIMJL/3IepCZIoTbCuM1UYxnxsfNxPwrGIK2/Nlq', 'https://robohash.org/autfugitcum.png?size=50x50&set=set1', 0, 5, 63, NULL),
(815, 'Fredia', 'fvolontemm@arstechnica.com', '$2a$04$L0WLJTVvu4s3hNFsTh/6w.18Y6ht1P5AjG8r7eyUugI7Ricxk/Egq', 'https://robohash.org/enimrationeofficiis.png?size=50x50&set=set1', 0, 4, 76, NULL),
(816, 'Valina', 'vlowdianemn@intel.com', '$2a$04$KnfCacdxP053JDKjnf5N9eZQB.47NRSwiwgVpRebrC./8JyExnSWa', 'https://robohash.org/quodoloresaccusantium.png?size=50x50&set=set1', 0, 4, 70, NULL),
(817, 'Garrik', 'gtomadonimo@google.cn', '$2a$04$fNUcNFSCfSN5VilTR71E9eikAPHreDwe0kKDHSB5DxVxvjuykaLBi', 'https://robohash.org/isteeaquelabore.png?size=50x50&set=set1', 0, 1, 197, NULL),
(818, 'Mariska', 'mblundellmp@slideshare.net', '$2a$04$e6CPvBpiHnYj1jqnsH7o9ef6d4aTIp5HgYBz71ZVzpMPv47T8IDla', 'https://robohash.org/autveritatisnulla.png?size=50x50&set=set1', 0, 3, 184, NULL),
(819, 'Marin', 'mlouthemq@washington.edu', '$2a$04$eGELrM6D8AdQ.n.plUobfucE1G8JWe7g7S.Tf3mZ/MefcCJN6xOSS', 'https://robohash.org/numquamharumnihil.png?size=50x50&set=set1', 0, 5, 58, NULL),
(820, 'Kliment', 'kswitzermr@skyrock.com', '$2a$04$2GJtplUrtMZmZxymNe9npeCQh/SnM61NaW4T6zjY37AqhrfU0ERCO', 'https://robohash.org/magnamnobisipsum.png?size=50x50&set=set1', 0, 5, 197, NULL),
(821, 'Ernest', 'ecluettms@plala.or.jp', '$2a$04$3Lu/6Fz803Iny4FlQM3Kd.bbS19dndjORlbEcbHijce/x1sIryVpK', 'https://robohash.org/rerumeumreprehenderit.png?size=50x50&set=set1', 0, 4, 68, NULL),
(822, 'Joya', 'jlowemt@baidu.com', '$2a$04$/rRGCNvrPOLNNTniHCA54uDpaadAZTFUXcHi1ns/ek4thI7s0DAwm', 'https://robohash.org/ininid.png?size=50x50&set=set1', 0, 3, 7, NULL),
(823, 'Katha', 'khaggidonmu@slate.com', '$2a$04$3Ag.9BGSMn2G79m5tSBxSOnLDyD0I6fZi.ST9ZcrptwUg6r/jEVHK', 'https://robohash.org/etremiste.png?size=50x50&set=set1', 0, 5, 45, NULL),
(824, 'Tony', 'tstrydemv@wix.com', '$2a$04$LJpb03q2Fgn4Q7K8Yhh7dub/LOB9ggvd.QKO0Ob1bF2foP00s5snK', 'https://robohash.org/repudiandaeipsamet.png?size=50x50&set=set1', 0, 1, 192, NULL),
(825, 'Agosto', 'agippesmw@zdnet.com', '$2a$04$bmi9N29VMQQaMpsNqd3weuRDk3PRGjebIez9SE4NwgAM5TNK/viLy', 'https://robohash.org/quodelenitianimi.png?size=50x50&set=set1', 0, 3, 66, NULL),
(826, 'Derron', 'dmullinsmx@theguardian.com', '$2a$04$nFq/hZjjw3KVYc2.ZETe3.VKpdzA9MTpVshR1Y2avMrrKH2W5E6Ka', 'https://robohash.org/aminusdolorem.png?size=50x50&set=set1', 0, 5, 94, NULL),
(827, 'Allys', 'aprestonmy@howstuffworks.com', '$2a$04$7bEbNTymcLCxyXu2huvu1eM6gjA/XAYzsSVbG1k4SJ1IMQ6WTA8YO', 'https://robohash.org/doloremetqui.png?size=50x50&set=set1', 0, 1, 92, NULL),
(828, 'Shara', 'sbrieretonmz@hud.gov', '$2a$04$o2s9FKbMh2YRWrRn38usY.IWzCOFe2Abdk6/NptdQZYLrXKpxDKEW', 'https://robohash.org/etrationesapiente.png?size=50x50&set=set1', 0, 3, 56, NULL),
(829, 'Becki', 'bplankn0@go.com', '$2a$04$JMDUKloRkzpqJoy.78.5TOHWdxYaoU6xgBt4jrdC3xhMxb9aKeKei', 'https://robohash.org/culpaetqui.png?size=50x50&set=set1', 0, 2, 151, NULL),
(830, 'Mia', 'mramsdalen1@163.com', '$2a$04$ix7Q/SizqQdpdzLiv/IweO4Byn7copnxl5zOGZ71ryRtS3mjSNV62', 'https://robohash.org/aspernaturrecusandaevel.png?size=50x50&set=set1', 0, 1, 58, NULL),
(831, 'Marcellina', 'mwarrendern2@google.com.au', '$2a$04$Her25FS/4pJeZlt796d5RukcBbeBSiDhZujkOuY56NzmLFaKE6SHK', 'https://robohash.org/idvoluptatemiste.png?size=50x50&set=set1', 0, 1, 170, NULL),
(832, 'Lorene', 'loldknown3@bandcamp.com', '$2a$04$.kDCXthLB8.SiLPaiqn6P.64MA2WLq1I4HLYWXgQdk2SL4Nb3kzzy', 'https://robohash.org/saepequiquisquam.png?size=50x50&set=set1', 0, 4, 34, NULL),
(833, 'Noach', 'nmaccaheen4@microsoft.com', '$2a$04$FBBktbohGX//iALcFjso6.CS14HL5w9LRfLc7wyw2HFnHJX2y8p5u', 'https://robohash.org/quiaautquis.png?size=50x50&set=set1', 0, 1, 54, NULL),
(834, 'Lexine', 'lhelstromn5@msn.com', '$2a$04$5dsLvSqE6em5t6iPx4197.fEiGsejwLtnOFt5ux8xPtyi9cYjbIde', 'https://robohash.org/utestquia.png?size=50x50&set=set1', 0, 5, 53, NULL),
(835, 'Laird', 'lfiddemann6@discovery.com', '$2a$04$RKLMDO9z2xAU/RxPfHeXNO6zaYOBPzJzKhIEmE5485.clicEHkChq', 'https://robohash.org/sunthicperferendis.png?size=50x50&set=set1', 0, 2, 80, NULL),
(836, 'Isabelle', 'igornern7@paginegialle.it', '$2a$04$Oo23l9VwVT1rmNvle48to.KWJC73tMtTbcVEIeZntbL22lFlh12su', 'https://robohash.org/commodiofficiisplaceat.png?size=50x50&set=set1', 0, 2, 8, NULL),
(837, 'Nicko', 'ngunbyn8@time.com', '$2a$04$z82sSdhEuizwqpTTH5.mw.fAAhP.uAOyEWHjf2hesFSr/c.uNXiJi', 'https://robohash.org/namreiciendishic.png?size=50x50&set=set1', 0, 1, 10, NULL),
(838, 'Estella', 'emannersn9@addtoany.com', '$2a$04$QnXlWtSdXkoOQ5N1KmylxOa5oEp840VQ/1Nn16gzeNpnlUDRpXn12', 'https://robohash.org/etadipiscilaborum.png?size=50x50&set=set1', 0, 2, 56, NULL),
(839, 'Peri', 'pfranzolina@nyu.edu', '$2a$04$orDSjhnbXxt2sozLAw8qfedsxH/JHG2xq3D6mDSsFZq5ygvwqKGsS', 'https://robohash.org/voluptatesitaperiam.png?size=50x50&set=set1', 0, 1, 191, NULL),
(840, 'Duane', 'dbirdnb@statcounter.com', '$2a$04$JxKf4y6f9nWwHIrq2UFDKuF/Yd/kbNHF1VB1NE8269NgUkkrw85kS', 'https://robohash.org/sintearumquo.png?size=50x50&set=set1', 0, 1, 133, NULL),
(841, 'Zeb', 'zobornenc@devhub.com', '$2a$04$XjlGz/chGXkFVmRMGFbsc.Izq3AyM6aJxJic9i8F7PF.VR1CEuxWu', 'https://robohash.org/sequinecessitatibuset.png?size=50x50&set=set1', 0, 1, 91, NULL),
(842, 'Ham', 'hmartinhond@stanford.edu', '$2a$04$4SG.hOJyn7Zvr4cWZvFfzuYrZxIy5aG4L6iuqympgSiqakiLPp7Mi', 'https://robohash.org/aspernaturdoloresin.png?size=50x50&set=set1', 0, 5, 42, NULL),
(843, 'Marni', 'mbussene@state.tx.us', '$2a$04$uZNpsxADmMxCv64GxILs7uNIZ.PrAnTDG9d7swk2n.9I3GGYNZQwm', 'https://robohash.org/quiestmaiores.png?size=50x50&set=set1', 0, 3, 33, NULL),
(844, 'Bobbi', 'barnallnf@jigsy.com', '$2a$04$iz7j/C4X0N55MTjCyD/.fuQOUoghZaY.WbYG7kQl7cpvAA34nk.Ly', 'https://robohash.org/optiovelitsunt.png?size=50x50&set=set1', 0, 2, 152, NULL),
(845, 'Virgie', 'vpettisallng@irs.gov', '$2a$04$B4rGi7gWS36kiFJq8LnnzeqLGTkv1jmftnhDVfKe1CHg5p30/QB4m', 'https://robohash.org/sintipsamreiciendis.png?size=50x50&set=set1', 0, 2, 135, NULL),
(846, 'Perrine', 'pcicceralenh@walmart.com', '$2a$04$1RJNxT/mfQC/KJxaNGibJ.7M9g8d7OPEjDdk4b.jegOlVV36NJrsO', 'https://robohash.org/aliasnisisoluta.png?size=50x50&set=set1', 0, 1, 155, NULL),
(847, 'Rufe', 'rgothrupni@google.ca', '$2a$04$fJ7sEVgzdBO/R17QkBszVueL9feY8B3yPDaoTtNEs.7WsGHAU5GAW', 'https://robohash.org/estdoloresveritatis.png?size=50x50&set=set1', 0, 1, 21, NULL),
(848, 'Carlotta', 'cpinsentnj@a8.net', '$2a$04$eAnCY5a8Ojk0CejIn9Uq4OSwC0vfa7Y8YcMdnyCo0.gR2U9rf2402', 'https://robohash.org/possimuserrorratione.png?size=50x50&set=set1', 0, 5, 30, NULL),
(849, 'Dino', 'drubenfeldnk@naver.com', '$2a$04$XClh5Df4.l5sSwRh0FUGqe4e7B/M4IfD5DiqKUdKbhYztxwOixo0S', 'https://robohash.org/omnisenimarchitecto.png?size=50x50&set=set1', 0, 1, 77, NULL),
(850, 'Bridget', 'bwebsdalenl@apple.com', '$2a$04$jpGH885GLfibg.7DCU9g9uEIEsC.l7Wm6bHR8hlh2Gd1TgN70I262', 'https://robohash.org/consequaturpraesentiumqui.png?size=50x50&set=set1', 0, 2, 27, NULL),
(851, 'Lianna', 'lohonenm@de.vu', '$2a$04$xj7OKwkGRYWb6.GUg2E0o.k533k/L4jhxvY5FHvHrYJeUt8hwsAIG', 'https://robohash.org/atquenonvelit.png?size=50x50&set=set1', 0, 3, 198, NULL),
(852, 'Cyril', 'cwiggallnn@over-blog.com', '$2a$04$KzXTxENd3F63.kfMHbOffOlQrYbDKdJwb7Gh6ZUELmCW04Q/x8c2W', 'https://robohash.org/quamvoluptatemlabore.png?size=50x50&set=set1', 0, 1, 133, NULL),
(853, 'Moises', 'mpaxefordno@ovh.net', '$2a$04$QDqxN5mkEd5/NHxR5MljGOb3U.roJByzRZU.AsTFdiLnmLyGq.hna', 'https://robohash.org/teneturcorporisvelit.png?size=50x50&set=set1', 0, 2, 90, NULL),
(854, 'Violetta', 'vindruchnp@google.nl', '$2a$04$u805wnvIqFvhtcZ7VhfbeOUC1AIjWa5d5/ZUVeHv96deWtMHMFxCS', 'https://robohash.org/sintpariaturest.png?size=50x50&set=set1', 0, 2, 77, NULL),
(855, 'Nickolas', 'nwoodernq@unc.edu', '$2a$04$EKpDrZ1NJ8c4LmLA5XGoxuThCfyeqpWjeB/iipHWuIBoCql1PVKyG', 'https://robohash.org/harumiuresaepe.png?size=50x50&set=set1', 0, 5, 46, NULL),
(856, 'Adora', 'adomsallanr@skyrock.com', '$2a$04$uJlNyYIbg8NDgVsh5UhU4.pki/6/kUtPr9UTrAfweeDbJlcGdexxq', 'https://robohash.org/eosvelducimus.png?size=50x50&set=set1', 0, 3, 151, NULL),
(857, 'Trumaine', 'tjanicijevicns@disqus.com', '$2a$04$7/Y5a99CMYVZKwz6dSvAV.4mfNaDMBizslYmZlFYBUUJ1Bs4jBb1W', 'https://robohash.org/autmaioresest.png?size=50x50&set=set1', 0, 5, 157, NULL),
(858, 'Lucas', 'lmegsonnt@cbslocal.com', '$2a$04$mypLhDZBw89YxMaPeXqVVeYcMWYIU8F7iEZHuv3xQ.LpZ5BLdEIOO', 'https://robohash.org/eaitaqueaperiam.png?size=50x50&set=set1', 0, 4, 6, NULL),
(859, 'Les', 'lcompfordnu@dailymotion.com', '$2a$04$fUHV05tEVjS/vQtIr73UT.IOuZrZzzyBwXkbpS9MDWgDAueIjlC0y', 'https://robohash.org/omnisutnumquam.png?size=50x50&set=set1', 0, 1, 172, NULL),
(860, 'Lilia', 'ldungeynv@webs.com', '$2a$04$hq/8nUDaO/bgh97/QN2cSuxd3fPiDa2FQBtJAKpkDt/KGm8UX9sdK', 'https://robohash.org/fugiataliquiditaque.png?size=50x50&set=set1', 0, 1, 117, NULL),
(861, 'Glennis', 'gmurtellnw@wordpress.com', '$2a$04$.xTIInRynNPivQy3QjjV0ek7SNjCDRgmpq6LGtBhoGZLs3k7e1x0C', 'https://robohash.org/magnisedautem.png?size=50x50&set=set1', 0, 2, 80, NULL),
(862, 'Rochelle', 'rpashnx@arizona.edu', '$2a$04$kDxxTBlwdA5FZoV.JMSpRemKRudQvnDekbmRGvYiMvDuD6DuHlDQm', 'https://robohash.org/inquistempora.png?size=50x50&set=set1', 0, 2, 121, NULL),
(863, 'Hillery', 'hblethynny@slashdot.org', '$2a$04$wy1Dp0Hv3Od8xtvo/FzY6OlrOvH0mebgIg//qBaCvlECwy/7eDrYa', 'https://robohash.org/perspiciatiserroret.png?size=50x50&set=set1', 0, 4, 181, NULL),
(864, 'Benedicta', 'bryannz@senate.gov', '$2a$04$UZg2QUKXhIFMTrw0MPjYye/EfQgB.dV8nO0c7UPz3hZjsqJkTSbX.', 'https://robohash.org/sinteoseligendi.png?size=50x50&set=set1', 0, 2, 21, NULL),
(865, 'Alicea', 'aosmondo0@ameblo.jp', '$2a$04$/PdmiKnn5HDZKsPgr9PnZud2qfWmy7T0/s/bE6wwuFtwQlihJpS3C', 'https://robohash.org/inventorequamreiciendis.png?size=50x50&set=set1', 0, 1, 28, NULL),
(866, 'Hilly', 'hetchello1@cafepress.com', '$2a$04$xRIZlomKF.93ZroWCg0xH.vtfHYBxQ6mqHGzWopqo.o7UnQ/UpNBq', 'https://robohash.org/estquidemdolorum.png?size=50x50&set=set1', 0, 1, 26, NULL),
(867, 'Evyn', 'ekingsnortho2@hubpages.com', '$2a$04$2qJFvzBVmm5Mt4Xo8lcfM.A12uxsYpVW67VmTZVMJRyrxfLUDzbkO', 'https://robohash.org/voluptatesaliquideius.png?size=50x50&set=set1', 0, 2, 194, NULL),
(868, 'Emma', 'edurrello3@imdb.com', '$2a$04$MyvIcudDYcSwIxJjF6qosu.X7pqUEN3GW/1TPgc99dXWVYHF/hTkq', 'https://robohash.org/dictasapientefugiat.png?size=50x50&set=set1', 0, 2, 95, NULL),
(869, 'Osbourne', 'odepinnao4@bandcamp.com', '$2a$04$1xsPkAsAF0TH4XLZq4tTKuQQOGxrwv3sMPpHdXOBOQZMNoBqZfRCC', 'https://robohash.org/uthiclaborum.png?size=50x50&set=set1', 0, 4, 76, NULL),
(870, 'Bail', 'bmiddlebrooko5@a8.net', '$2a$04$N.XqrWSh0k7OsxQXU0Vhj.pgC/3rnBbrn6rJn/7.4PQKxX5SD1BTK', 'https://robohash.org/excepturiassumendaaccusamus.png?size=50x50&set=set1', 0, 1, 37, NULL),
(871, 'Uri', 'ualgieo6@tamu.edu', '$2a$04$FbYz8wtrL.pSrolf.tFHu.J82Tqv0OdPnWKfMzgkcJO8iYZHp2p9m', 'https://robohash.org/voluptatumearerum.png?size=50x50&set=set1', 0, 4, 79, NULL),
(872, 'Kaycee', 'kmccorkindaleo7@kickstarter.com', '$2a$04$i8lQPNKZ0JlejYbWe8REY.qeMGMDVRTgVpiFFYX.WRTK7URYVzAzS', 'https://robohash.org/etaspernaturquas.png?size=50x50&set=set1', 0, 4, 110, NULL),
(873, 'Phillipp', 'pornizo8@alibaba.com', '$2a$04$pdJv/cw0n9tPunNOwDe47.FqtKoHImHiAFVlP3isZP6.M7ncQ.m3C', 'https://robohash.org/reprehenderitmaioressit.png?size=50x50&set=set1', 0, 2, 139, NULL),
(874, 'Cart', 'cprestieo9@fc2.com', '$2a$04$86m3e4euyTJBYCfniOIJ2.A8oeXHAYYR5ZOllsUqF0LS/uu00FqSO', 'https://robohash.org/ealaborumearum.png?size=50x50&set=set1', 0, 5, 117, NULL),
(875, 'Lawton', 'lcristofolinioa@parallels.com', '$2a$04$YzCBr7vMxdvd8xwkUQrNAeqUiWG84cppkugzsAVZrJ1gxH82Ha14m', 'https://robohash.org/cumeaveniam.png?size=50x50&set=set1', 0, 1, 111, NULL),
(876, 'Maressa', 'mgerrettob@upenn.edu', '$2a$04$EVi0IFekKsf9YgRrM7fikeqifKkorc4M9SvH3tdLGO8XXgN007LdS', 'https://robohash.org/quiexnemo.png?size=50x50&set=set1', 0, 5, 14, NULL),
(877, 'Franzen', 'fbrimhamoc@dot.gov', '$2a$04$Tro9JXdyjj4oaDuiD/Ogp.ijc6BAVikxIqX0NlWB/Te8T0S1e1WMu', 'https://robohash.org/utquivoluptatibus.png?size=50x50&set=set1', 0, 2, 191, NULL),
(878, 'Mersey', 'mtolleyod@army.mil', '$2a$04$8MYXbrnXrlC5gkKBqMyxo.yWvYgusYgd/iFWzhUomu1CcSsR3k8/C', 'https://robohash.org/culpaautrepudiandae.png?size=50x50&set=set1', 0, 2, 99, NULL),
(879, 'Gib', 'gfearnyhoughoe@wp.com', '$2a$04$aDKJYGBEW/d9Z9B9zrYkPOoBz0CLToWVdVU1XTTE6gFfPvKDHC/4S', 'https://robohash.org/estettempora.png?size=50x50&set=set1', 0, 1, 99, NULL),
(880, 'Prissie', 'pmolleneof@sbwire.com', '$2a$04$Z7Az6OZcoQR5tWeGA0sZyuSZAvcmQeWEiRSsSsIyz1GiotHHjmpAK', 'https://robohash.org/nondolormaiores.png?size=50x50&set=set1', 0, 5, 105, NULL),
(881, 'Fancy', 'fmarchantog@constantcontact.com', '$2a$04$dnM.HtOZIFR1cg9BTzdjoOVeNJz8PmTn4rlLkVgabxLR27T870ddu', 'https://robohash.org/reruminnisi.png?size=50x50&set=set1', 0, 4, 192, NULL),
(882, 'Craggie', 'csarjantoh@xrea.com', '$2a$04$Az90VQsmBZIvrMS/yPvf6.jP7AvHfpT24skW0Bwb7LXL0V5t.xyd.', 'https://robohash.org/omnisvoluptatein.png?size=50x50&set=set1', 0, 1, 196, NULL),
(883, 'Jessalyn', 'jeneasoi@bandcamp.com', '$2a$04$aREfC1dsRlu6rmpUcyjVn.AWKWouK4L8rMCJTv8Yfdd8zM/hbddNa', 'https://robohash.org/verodoloremnon.png?size=50x50&set=set1', 0, 1, 94, NULL),
(884, 'Artie', 'abuckettoj@webeden.co.uk', '$2a$04$r8ASIXbuHBX1BjLF75ExROQgudPTQaoOzE37s/0PWVQ0j.jLdz0mC', 'https://robohash.org/eaatquedignissimos.png?size=50x50&set=set1', 0, 5, 44, NULL),
(885, 'Brittni', 'bgallandok@t-online.de', '$2a$04$QSlF9zpRwUMuoglBRrewu.ZrQYViLEGDKSLaoWEXhFWKLdo6ZYsoe', 'https://robohash.org/eavoluptatumab.png?size=50x50&set=set1', 0, 3, 61, NULL),
(886, 'Abigail', 'askeemorol@kickstarter.com', '$2a$04$B4EJHU.owysc6XWcReg0YeTKT68O3gs9Dw2xCfZsKKfHmJNbai3Vu', 'https://robohash.org/quodolordolores.png?size=50x50&set=set1', 0, 4, 148, NULL),
(887, 'Noam', 'nwilemanom@cornell.edu', '$2a$04$w4wNiAth12Vlew7CYETfu.vnwYu/K5zh9QwG3NDSxy1CJGP18kUSW', 'https://robohash.org/odioenimminus.png?size=50x50&set=set1', 0, 3, 21, NULL),
(888, 'Dania', 'dofihillieon@imageshack.us', '$2a$04$dUP4lGx0brjf95GExZBL1OY0Kj3sjAFHECwqimN5OwskXCqBYM4ve', 'https://robohash.org/suntmolestiaeratione.png?size=50x50&set=set1', 0, 2, 146, NULL),
(889, 'Torr', 'tmalinsonoo@acquirethisname.com', '$2a$04$F9oqe2y3RoNTzeK4XtdjBu4HA/VSwsWhfqrD61xRMqeBmyy78t7Fi', 'https://robohash.org/etexercitationemrepellat.png?size=50x50&set=set1', 0, 1, 68, NULL),
(890, 'Rodina', 'rstonuaryop@bing.com', '$2a$04$2Vbk3q5Eceg33oqv6X1X/elqbhcf3aX7kSRPlumzusXH3T6GE5Ujq', 'https://robohash.org/quiaoccaecaticumque.png?size=50x50&set=set1', 0, 1, 193, NULL),
(891, 'Wilfred', 'wbartrapoq@shutterfly.com', '$2a$04$t0fkjkiKGGkB8Bl.PxafNuAQt9GrDL4eAoFaKPLotHK..DKCCl3s2', 'https://robohash.org/debitispariaturquas.png?size=50x50&set=set1', 0, 3, 170, NULL),
(892, 'Betteann', 'bburburoughor@bing.com', '$2a$04$LyQlglZGY0/7VOXtaXLr6O337DfVUjTrvlX/B11QAoHLP6eULRzDG', 'https://robohash.org/liberodignissimosprovident.png?size=50x50&set=set1', 0, 2, 67, NULL),
(893, 'Madalena', 'mchungos@wsj.com', '$2a$04$HEeulyb3p6v7tet3Otj7dusMFyrK3ufAiMsc9QFAuJn3O5RsLsCLa', 'https://robohash.org/etvoluptatumconsequatur.png?size=50x50&set=set1', 0, 1, 151, NULL),
(894, 'Giulietta', 'ggwatkinsot@surveymonkey.com', '$2a$04$.rGaEBgcLczbGgs8Pnw4fOxIBAgdxtfrE8GIa5OKh/EQFiKKwHQU.', 'https://robohash.org/doloridet.png?size=50x50&set=set1', 0, 1, 178, NULL),
(895, 'Grenville', 'gbriggou@hc360.com', '$2a$04$tl./XSmPMIHVXe0neoJD5OOCFbyM2iPzEguS/NCAu6D4LNTWLku1y', 'https://robohash.org/dolorummolestiasquia.png?size=50x50&set=set1', 0, 5, 125, NULL),
(896, 'Leah', 'lsurmanwellsov@w3.org', '$2a$04$rWw6WbggSm.1q1nWvIN7eu/IxVPCzCPvzQl/PZj4acKHE6GVIIn6C', 'https://robohash.org/veniamrerumeos.png?size=50x50&set=set1', 0, 5, 141, NULL),
(897, 'Kelli', 'kthornberow@shareasale.com', '$2a$04$ZIkzaWTENqx6e3q/pX9TH.GM/47Sq/AHQ5e.zyZwNdKFiAUwfvZGy', 'https://robohash.org/sintessemollitia.png?size=50x50&set=set1', 0, 4, 71, NULL),
(898, 'Marcello', 'mplowsox@timesonline.co.uk', '$2a$04$uJG9H8xGMtQDP8c40PKflONijTq3lCCjOxEm3HiURPDwu8A/GZHWO', 'https://robohash.org/etquifacilis.png?size=50x50&set=set1', 0, 2, 141, NULL),
(899, 'Eli', 'ebewleyoy@ustream.tv', '$2a$04$HT.9sqHLdEwI1e.wjz7zgeY.k7bxxDuBdMqzkJNAyGvIC/EhyVrM2', 'https://robohash.org/repudiandaeomnisveniam.png?size=50x50&set=set1', 0, 5, 35, NULL),
(900, 'Darrel', 'dmorrishoz@wisc.edu', '$2a$04$w00HuqKQKP7exv7bsmg4eOru2qXVnq7AV4uH4Cw7n7ou/Xtyy79Uu', 'https://robohash.org/utvoluptasprovident.png?size=50x50&set=set1', 0, 1, 119, NULL),
(901, 'Celestina', 'cmacterlaghp0@noaa.gov', '$2a$04$5qe5.w9KKiCSysabATu0Ie97J7Bu8Of3NA1dp4k1fRb3kdCr7nLW.', 'https://robohash.org/nihilofficiisest.png?size=50x50&set=set1', 0, 1, 145, NULL),
(902, 'Bartie', 'bhuonicp1@apple.com', '$2a$04$ZxH.RzT6gbZ0p0wrKSwIUeCHv9BARzvv4EKxpRKdyK.yn.jxsHdTe', 'https://robohash.org/inquoquibusdam.png?size=50x50&set=set1', 0, 3, 4, NULL),
(903, 'Clair', 'csextip2@tuttocitta.it', '$2a$04$RKpKzdvD0LPmxIascd23h.E/NRjOV6TKsMaEWZ1GjgZZW1qZAsO/6', 'https://robohash.org/autdoloresaut.png?size=50x50&set=set1', 0, 5, 132, NULL),
(904, 'Gray', 'gsibrayp3@marriott.com', '$2a$04$kgXrOscQDp3O7oXKTkV6uOYTHuMl1IFvARh.nOMLufornAsXr.pqG', 'https://robohash.org/omnisilloqui.png?size=50x50&set=set1', 0, 3, 69, NULL),
(905, 'Yanaton', 'yroneyp4@va.gov', '$2a$04$Ji2vxP1tcAT9/8V1SFa/JOhgYOFHgzK9CbEeBttRoDIKCYHhhktOS', 'https://robohash.org/exercitationemestsint.png?size=50x50&set=set1', 0, 5, 143, NULL),
(906, 'Idelle', 'itomkinp5@mlb.com', '$2a$04$KzHMzlpHtw5SH2x5YT3CweHfg8IijfUpht9/rX2EpJ66YoGs5bxiG', 'https://robohash.org/etevenietnatus.png?size=50x50&set=set1', 0, 3, 154, NULL),
(907, 'Vincenz', 'vgundap6@multiply.com', '$2a$04$1NTKFn210NUHI6gyySClROxFuhLi2tgwZ8RChxGsdCLy7JNyW2n3y', 'https://robohash.org/ipsumomnisnulla.png?size=50x50&set=set1', 0, 2, 31, NULL),
(908, 'Licha', 'lgregorp7@spotify.com', '$2a$04$7016/MUrdLMiYuhnDV0V6.CANEc5s8WMcVF4TRZIua4B55i89WYaC', 'https://robohash.org/temporatemporibusin.png?size=50x50&set=set1', 0, 4, 107, NULL),
(909, 'Tome', 'tpolop8@miibeian.gov.cn', '$2a$04$BekjvQUnn5GCLdB3t9271.89HMkoChtILuX.NMofvvbgQiJ/b0zRW', 'https://robohash.org/aliasveroharum.png?size=50x50&set=set1', 0, 2, 74, NULL),
(910, 'Harley', 'hbarnewallp9@ihg.com', '$2a$04$e7tgYalyERo.8AgKyqQAregHaAnY4v2iQbyJRkGicdMr.Ems12fDa', 'https://robohash.org/quassuscipitplaceat.png?size=50x50&set=set1', 0, 3, 103, NULL),
(911, 'Fransisco', 'fgouldebypa@wiley.com', '$2a$04$DSA4w32wQ1d6WV/3KHPIcOaR9Y7NNqCyBU7zZ7NJvTZkRYawbxAtC', 'https://robohash.org/voluptatumrerumsed.png?size=50x50&set=set1', 0, 2, 141, NULL),
(912, 'Angy', 'acheerspb@yellowpages.com', '$2a$04$4B1xVr0uJZfkN0y1O.AG4OBQhzMXJAo4omktYkMWVsuZLzFEgc40i', 'https://robohash.org/inaliquidplaceat.png?size=50x50&set=set1', 0, 5, 191, NULL),
(913, 'Orsola', 'ojouanetpc@princeton.edu', '$2a$04$Dq7HJivRIkVGWa1zlOuTs.mOIPtVq4FW92QH38HfgfXIZ6tKWMi7C', 'https://robohash.org/eosadconsequatur.png?size=50x50&set=set1', 0, 3, 133, NULL),
(914, 'Jethro', 'jhuguespd@globo.com', '$2a$04$2oqlSOinZEKbUtGuIyt8OOZEaxMb6ZOclVSbPZfeUzWJJ8NF34JPS', 'https://robohash.org/accusamusiddolores.png?size=50x50&set=set1', 0, 4, 148, NULL),
(915, 'Betteanne', 'bharbarpe@github.com', '$2a$04$i9CtQFqqSKNe55e6o5eRWu2S4HRxvhd7egk35QODmrco4XeVMd5D.', 'https://robohash.org/infugitnemo.png?size=50x50&set=set1', 0, 4, 182, NULL),
(916, 'Vale', 'vpresseypf@home.pl', '$2a$04$gzlR/9T19w39ePZE2A5lJeI8PKJAISEB4QbWF1o.6h8kgfJ1G6sPu', 'https://robohash.org/etblanditiisatque.png?size=50x50&set=set1', 0, 3, 87, NULL),
(917, 'Blaire', 'badriennepg@ihg.com', '$2a$04$GLRGXFRrqFL3yPzLZc01iuNBBKUVBHLbS3HVX/ZExbtwyoh44i7LW', 'https://robohash.org/accusamusquinihil.png?size=50x50&set=set1', 0, 1, 45, NULL),
(918, 'Massimo', 'mtauntonph@weibo.com', '$2a$04$c7lE0EMtk5GqObIFNZHfxuoMIyEiSYDgG4tdrtNBTJdgGDv9gmgpe', 'https://robohash.org/recusandaequiaut.png?size=50x50&set=set1', 0, 3, 130, NULL),
(919, 'Doralia', 'ddalzielpi@cam.ac.uk', '$2a$04$kK1G5UxEzFtB/8ba9XMl8uoXRZWF3.xlfQnHQB4JYfoUnaDI.11zG', 'https://robohash.org/illumrepudiandaeblanditiis.png?size=50x50&set=set1', 0, 1, 139, NULL),
(920, 'Dorothy', 'dstlegerpj@vistaprint.com', '$2a$04$5PMCSi47vuoNIVMFbpuqqeQwyq/bgnsQ36NT1yOwy1XfsQzgNXI9K', 'https://robohash.org/omnisetconsequatur.png?size=50x50&set=set1', 0, 4, 62, NULL),
(921, 'Wyndham', 'wpaytonpk@hugedomains.com', '$2a$04$jPKe8fCAvVVWVd2KexbFje..7t3ZdxN1IOsVAiM4PLRLF0Wzc2yoC', 'https://robohash.org/etdoloribuset.png?size=50x50&set=set1', 0, 5, 85, NULL),
(922, 'Julianna', 'jberkowitzpl@netlog.com', '$2a$04$6RIVyNFlOokYorfAkA1y1uvBvRRzWTxEmD9EjpubA6h4JUo1C.jPW', 'https://robohash.org/optioeligendiqui.png?size=50x50&set=set1', 0, 3, 65, NULL),
(923, 'Carolin', 'cavramovitzpm@ox.ac.uk', '$2a$04$MQf4/KQL46VZjbvIT.3k5uWX2ilGI9cr.Yfbzzwd0UlTiMxdzNgPu', 'https://robohash.org/quimaximedeleniti.png?size=50x50&set=set1', 0, 2, 131, NULL),
(924, 'Conny', 'chammertonpn@cisco.com', '$2a$04$clNiyT2tCnpn9IP1fF1vQuF5dTdg5TrM4TpuKrtxNncdxOwqurN7y', 'https://robohash.org/doloremquequasipsa.png?size=50x50&set=set1', 0, 5, 172, NULL),
(925, 'Tobit', 'tperetpo@mapquest.com', '$2a$04$C9PgFc3piQVLGundQCIoHe3mcIqUezHxVIEDy0PiWknNGGa061uli', 'https://robohash.org/assumendamolestiasveniam.png?size=50x50&set=set1', 0, 1, 38, NULL),
(926, 'Boone', 'bflattepp@skype.com', '$2a$04$HLwqBAA5v5Fr7k8MKFeucOtNCWeLW0i0Zc44m.4UGbp7AFX.QOqNO', 'https://robohash.org/adipiscipraesentiumofficiis.png?size=50x50&set=set1', 0, 2, 92, NULL),
(927, 'Emmeline', 'eedensorpq@is.gd', '$2a$04$o070ZCV7TOngrEtnHHHz7ufWhhAMUFSs7IumRFOGuUppYfRbg0Q/a', 'https://robohash.org/exercitationemvelenim.png?size=50x50&set=set1', 0, 2, 131, NULL),
(928, 'Deeann', 'dbollinspr@theatlantic.com', '$2a$04$YMJIhFZDMUqLMLxi9TxkLu64ZD5qWfFW1ANOyzGPhONJ1bLA0Qv1i', 'https://robohash.org/totamabdolorum.png?size=50x50&set=set1', 0, 2, 183, NULL),
(929, 'Scarlet', 'sbaughnps@amazon.de', '$2a$04$GGPH62vEKFbLTc/ZA9YHxuBjl6ZWHkR1QMclxsG9TpckvFy/pSkBa', 'https://robohash.org/praesentiumdelenitiipsa.png?size=50x50&set=set1', 0, 1, 108, NULL),
(930, 'Dinah', 'dwilsdonpt@sitemeter.com', '$2a$04$/3q2.eGdNkRTb2dj2h/GBO.Z2MsOvi.Q15DVlspPhiGyjhb.SjDeW', 'https://robohash.org/hicoptioaliquid.png?size=50x50&set=set1', 0, 1, 17, NULL),
(931, 'Sherrie', 'scarbinepu@pen.io', '$2a$04$UY59KN8rsNPHZ5cNYGZnwuE3ALwtskec2ot0/06WT7u1Ys/aC4bwS', 'https://robohash.org/teneturquiasperiores.png?size=50x50&set=set1', 0, 4, 46, NULL),
(932, 'Cristen', 'cschwanderpv@amazon.de', '$2a$04$xA2b8uZoJJoNwQpBhjJOgu/MwXUvCOlmrdSfUYaO2sDIZpIHV5WVC', 'https://robohash.org/eaerrorconsequatur.png?size=50x50&set=set1', 0, 4, 38, NULL),
(933, 'Eugine', 'egrievespw@amazon.co.uk', '$2a$04$b6q3HIT7m.48iCtDA.pPteAJmGjm/CyTWtz6eC6duu59pmSY.CTkK', 'https://robohash.org/quodfacilisofficiis.png?size=50x50&set=set1', 0, 3, 134, NULL),
(934, 'Martino', 'mmuggeridgepx@joomla.org', '$2a$04$SAE41wOQgfNgPoXzi4MoYuAGzAMWQZ2zwz1/l8Pgzrb43yuPBLRNq', 'https://robohash.org/idpariatursaepe.png?size=50x50&set=set1', 0, 3, 89, NULL),
(935, 'Aguistin', 'akenziepy@baidu.com', '$2a$04$R7k0Z0ilG21dMxzeO1xmh.ChGR8fFxh6d90Lm5BTNv2d5p5V1KTh6', 'https://robohash.org/exercitationemdolorfugit.png?size=50x50&set=set1', 0, 5, 19, NULL),
(936, 'Nonna', 'npartingtonpz@dailymotion.com', '$2a$04$O94hAaKnvczwDySV1OiOUePSFkDB9YmiB9xll00IwkiPgbLosS94O', 'https://robohash.org/liberovelitsit.png?size=50x50&set=set1', 0, 1, 70, NULL),
(937, 'Jeralee', 'jgabbitasq0@godaddy.com', '$2a$04$5pL1mS6O3GXzsKdHwJwoYu0B9ljP7O2WtqMokPQvCTyC3TZsiScgO', 'https://robohash.org/inciduntautet.png?size=50x50&set=set1', 0, 5, 15, NULL),
(938, 'Ella', 'eabbatiq1@fc2.com', '$2a$04$8c6XVwjVLr8XOdqW1WE7CufkXV/ULSy9N/m8KlsHrIv5AyFfuSA8.', 'https://robohash.org/dolorenihildistinctio.png?size=50x50&set=set1', 0, 2, 79, NULL),
(939, 'Velvet', 'vcastielloq2@ox.ac.uk', '$2a$04$GaivXru5WIiljq4iw/ERu.huFrwb3bOuy7WjE0e3Fnaa2v3mWTwXG', 'https://robohash.org/expeditasequiofficiis.png?size=50x50&set=set1', 0, 4, 160, NULL),
(940, 'Marika', 'msandercockq3@un.org', '$2a$04$VCIsxF9XssYG.JS2CrU5UOd1VX5MtCGp4wIgFIHM../EeKg47EaTK', 'https://robohash.org/voluptatesteneturimpedit.png?size=50x50&set=set1', 0, 4, 37, NULL),
(941, 'Billy', 'bguesteq4@bizjournals.com', '$2a$04$lyYuRJh9RmRt8xD3/dQVNeOBTREq4jBU2RUJqV1bO6hUgR6ruU.tm', 'https://robohash.org/etvoluptatemdolores.png?size=50x50&set=set1', 0, 5, 91, NULL),
(942, 'Renard', 'rramshayq5@prlog.org', '$2a$04$J9HEypJ8SPUGbbSK8t0beeNWMoKPnxH/Q7KWo20aBjJbxtfGKqjYa', 'https://robohash.org/sednonsequi.png?size=50x50&set=set1', 0, 4, 103, NULL),
(943, 'Farrel', 'fmadiganq6@newyorker.com', '$2a$04$nPJUoc8KYXP7LCVfMyTO.OZ4JBgsQ9PawthOAffp4SOJm8xly4quC', 'https://robohash.org/nobissaepesit.png?size=50x50&set=set1', 0, 4, 154, NULL),
(944, 'Tommi', 'ttregiddoq7@blinklist.com', '$2a$04$IwI72mQlZLoYaKoJWsR7eeo2bWU59sEwT2B1LjqqN10RFaiFfirji', 'https://robohash.org/quammagniqui.png?size=50x50&set=set1', 0, 2, 115, NULL),
(945, 'Virginie', 'vlacazeq8@nature.com', '$2a$04$hxCJoNdsiFEGURgpptuihOq.rbyBCoeFAhPr9UfaLtnMcQPo26UEC', 'https://robohash.org/inreprehenderitharum.png?size=50x50&set=set1', 0, 3, 101, NULL),
(946, 'Tisha', 'tbockinq9@drupal.org', '$2a$04$f2IVi5Hy7r7vKEFPufRKhO9XCHJgvWgf0qXEKQFNFALnAOKrY5VMS', 'https://robohash.org/omnisliberoqui.png?size=50x50&set=set1', 0, 1, 113, NULL),
(947, 'Georgiana', 'gblasgenqa@fotki.com', '$2a$04$0yDf5n3vC7km10m08mBy5uVpGlDPi0LInGZJTTETPCdnlMtMhQe2C', 'https://robohash.org/idpariaturdebitis.png?size=50x50&set=set1', 0, 4, 178, NULL),
(948, 'Lewes', 'lcrasswellqb@macromedia.com', '$2a$04$H4FvpY67GFgi7o2rhPy6qu1jI/.yPY1yGjuw0dZRtve.ObSzwfa32', 'https://robohash.org/velitsolutaest.png?size=50x50&set=set1', 0, 5, 7, NULL),
(949, 'Pansie', 'phayshamqc@ftc.gov', '$2a$04$tIzwrNqbkI6kai3EXpfiV.SfC/spA/GQPrnzMbSDCWbR3eT/eWe8q', 'https://robohash.org/maximequiqui.png?size=50x50&set=set1', 0, 5, 133, NULL),
(950, 'Belicia', 'bpallisterqd@51.la', '$2a$04$8VM24cjyDDyNFMRe6v7wp.EpQMSX.j5.n0iED9MJkngM5eprneqky', 'https://robohash.org/eaquiaeos.png?size=50x50&set=set1', 0, 4, 27, NULL),
(951, 'Ward', 'wlefeuvreqe@so-net.ne.jp', '$2a$04$ljSw6iWSliXy8mQpWq73xOwku02XUvQH8EnXt07tkyDUV4HoBP9fa', 'https://robohash.org/doloremvoluptatemid.png?size=50x50&set=set1', 0, 4, 53, NULL),
(952, 'Dorree', 'dpersickeqf@eventbrite.com', '$2a$04$bNPlO.olhIQDBSlnRicfpuSGkXFoowjYkv74QrD/fwFQPVMi8NsgW', 'https://robohash.org/nemonequeest.png?size=50x50&set=set1', 0, 1, 128, NULL),
(953, 'Park', 'pellwandqg@usnews.com', '$2a$04$Itpjv/g9rpOgbxbryjWNjORonyELfT8jxt2dM.yWzT3HZUYcHL8VW', 'https://robohash.org/explicaboeumex.png?size=50x50&set=set1', 0, 1, 131, NULL),
(954, 'Horst', 'hmaccauleyqh@msn.com', '$2a$04$DzAy.vS5oSd.tmPL/sgurOVX2HZD0/RBsdIFMuCMzo6W2JhxNqQSy', 'https://robohash.org/reprehenderitofficiarepellat.png?size=50x50&set=set1', 0, 4, 11, NULL),
(955, 'Roxy', 'rgebbyqi@ihg.com', '$2a$04$DlGBrzzxk8nPdtG/Itmqre5Q16BQIF56bnwjEtEd4VuMSukJQJ4YS', 'https://robohash.org/temporasequiut.png?size=50x50&set=set1', 0, 5, 47, NULL),
(956, 'Steffane', 'sbraynqj@un.org', '$2a$04$avl2E1wxViX7AbIRW7JEteFdYyn.019uAlDKSeDz6lNuPGK1JoUFy', 'https://robohash.org/autaperiamet.png?size=50x50&set=set1', 0, 5, 87, NULL),
(957, 'Ynez', 'ycorneilqk@walmart.com', '$2a$04$k125ynlJOp6bZXHW.SO7VujEdwwsgqsBG3Hdt.th.5V4txS2xWizm', 'https://robohash.org/possimusquieaque.png?size=50x50&set=set1', 0, 3, 48, NULL),
(958, 'Daryle', 'dgambieql@hugedomains.com', '$2a$04$tjJxPyEgbML9mnHv8EmbK.82Eart0tg1hyH7qparRejgoANg/3tJe', 'https://robohash.org/officiaconsecteturconsequuntur.png?size=50x50&set=set1', 0, 1, 44, NULL),
(959, 'Riobard', 'rmcavincheyqm@studiopress.com', '$2a$04$fm1uTaMF999/6cn8s7e.leMOYPWewukUsWH3xq3WjxPFDpfH1yNZu', 'https://robohash.org/facereautiure.png?size=50x50&set=set1', 0, 2, 9, NULL),
(960, 'Lori', 'ldallywaterqn@dedecms.com', '$2a$04$.ujh9uNAxf4dQW7AAK8FPuEQWqsrytgINgyT7iAwASrjphZKjRoea', 'https://robohash.org/magnimaximeblanditiis.png?size=50x50&set=set1', 0, 3, 110, NULL),
(961, 'Kris', 'kogleasaneqo@rediff.com', '$2a$04$AmgM7AJulYgzpDHukPDliu9F0kLpD12Z7qFfwPFBQryR0ChITLpKu', 'https://robohash.org/nonquiaquibusdam.png?size=50x50&set=set1', 0, 2, 1, NULL),
(962, 'Reina', 'rcollingqp@timesonline.co.uk', '$2a$04$z09hzemiobZpU0ZcRzjS5O.POK/Y5.72TNPHYC3Rz8VWPMi2tz0i2', 'https://robohash.org/maiorestemporibuset.png?size=50x50&set=set1', 0, 5, 173, NULL),
(963, 'Tadd', 'tallixqq@wikia.com', '$2a$04$jbnm8VYpYXSBxsc7IG0gM.ecjVokLArhbKHadzOBYraJgz/v5bvqG', 'https://robohash.org/namquidemitaque.png?size=50x50&set=set1', 0, 2, 141, NULL),
(964, 'Sigismund', 'sjoriozqr@newyorker.com', '$2a$04$JAKaeXDy5wvEBq36R83JJeyODdo8qXWl1z8r6lBMJpgL9ySlbmgnW', 'https://robohash.org/impeditvoluptatemcommodi.png?size=50x50&set=set1', 0, 4, 86, NULL),
(965, 'Belia', 'bcortonqs@wikispaces.com', '$2a$04$LTGgEHJ7MgMbCjJdgD1RxOuwxMDcdJXV75V1MwX/IkHVXGTv7v6ka', 'https://robohash.org/consequaturexcepturifuga.png?size=50x50&set=set1', 0, 5, 111, NULL),
(966, 'Calypso', 'cantoninqt@accuweather.com', '$2a$04$mSKu5x5h/zD3UvYttXJSKus6.0Lv.IXut8/LMsC9j26iV5I.yW2VW', 'https://robohash.org/quaeetlaboriosam.png?size=50x50&set=set1', 0, 3, 198, NULL),
(967, 'Sibbie', 'sdacombequ@cmu.edu', '$2a$04$GQ84aBU/JnMgDd0b9MA8WOMiRxpfRc/4bzeVy5GkIpO/.KsO5R/Aq', 'https://robohash.org/voluptatemadeligendi.png?size=50x50&set=set1', 0, 1, 75, NULL),
(968, 'Burtie', 'bleelqv@cbsnews.com', '$2a$04$uRifDt6Di8ZV4DDNg3L5ieDyLPm0fwX2RMnokL5rVLdylboJbDW.q', 'https://robohash.org/ipsumquitempora.png?size=50x50&set=set1', 0, 3, 56, NULL),
(969, 'Henriette', 'hcatherickqw@purevolume.com', '$2a$04$CaIK.gRcfjFIrK.pJR94quFLPTdtTXaVkNLCZ7IqfoSAkD.NWmxLe', 'https://robohash.org/quiaquipraesentium.png?size=50x50&set=set1', 0, 4, 181, NULL),
(970, 'Kerk', 'kadamsqx@biglobe.ne.jp', '$2a$04$IJ0hyoNTaLQX5fQ6uu8w6OmZhUHouotdjJ7hxkUpTMOT49u8PpXaW', 'https://robohash.org/evenietconsecteturut.png?size=50x50&set=set1', 0, 4, 39, NULL),
(971, 'Simonne', 'sgarvanqy@people.com.cn', '$2a$04$tj3lQOYADQYhRs3mnBxz7.s5WH6NuGoL5F9nNlUG6vzjDFusW6YoG', 'https://robohash.org/illoconsequatursed.png?size=50x50&set=set1', 0, 5, 174, NULL),
(972, 'Vittorio', 'vrakeqz@vk.com', '$2a$04$nmh/KP8FTWZDq9AKeJPUp.C8KvLxUrJtZPowEu5a4fjRFU7pl6Ngq', 'https://robohash.org/harumoptiodistinctio.png?size=50x50&set=set1', 0, 1, 162, NULL),
(973, 'Taber', 'tfoucardr0@unblog.fr', '$2a$04$AOHPOkUAI1QFJdE4R6whA.ceC4FpItPuukx97f8155bLwz6DZV7p2', 'https://robohash.org/rerummolestiaeest.png?size=50x50&set=set1', 0, 2, 114, NULL),
(974, 'Kinna', 'kmarzellir1@g.co', '$2a$04$ZxJETs0XulIzIpjKhsmLUe0WgMt7LpJktaUxpOzdl0XWxc94NI1iO', 'https://robohash.org/autemmagnamimpedit.png?size=50x50&set=set1', 0, 3, 139, NULL),
(975, 'Harli', 'hchannerr2@yahoo.com', '$2a$04$.miIsQ7JeFBiEM7U8adL3uHOpmoW24uZAAb6BcvRocVODrQmEG6ra', 'https://robohash.org/solutailloqui.png?size=50x50&set=set1', 0, 4, 99, NULL),
(976, 'Jodie', 'jfenichr3@rakuten.co.jp', '$2a$04$omU1DOT4omBJb/0sPNIu4OM3W4odeN3XhLevqM4sCaRYUETIu/MPG', 'https://robohash.org/nostrumculpaqui.png?size=50x50&set=set1', 0, 1, 70, NULL),
(977, 'Melloney', 'mboylanr4@is.gd', '$2a$04$tkPNSd5xPCqJSlAaEBung.kJRg7grP6rFmJM7ksezBXR89bIBqf6u', 'https://robohash.org/evenietinporro.png?size=50x50&set=set1', 0, 3, 122, NULL),
(978, 'Jessi', 'jnittor5@bandcamp.com', '$2a$04$1iO7TiOeghltvcKcoJCIceCfhzCx5F58Ccl3NREkYuq6HR0mFAP42', 'https://robohash.org/cumqueadolore.png?size=50x50&set=set1', 0, 3, 80, NULL),
(979, 'Cordy', 'celgeer6@nydailynews.com', '$2a$04$zIBZhW.RigvzKGC.MEJ3HeGdZUekLGt9y2ttTGlvrc5HTm2y/LPbW', 'https://robohash.org/deseruntoptioquis.png?size=50x50&set=set1', 0, 3, 153, NULL),
(980, 'Lotti', 'llongstaffer7@angelfire.com', '$2a$04$G9F4eP9Yw8KsrzIeX2MQBeO7rWUGyBRMKtQHZWtn4I9IcIFzDmWDe', 'https://robohash.org/nullanecessitatibuscorporis.png?size=50x50&set=set1', 0, 3, 21, NULL),
(981, 'Bette-ann', 'bdeavenellr8@vimeo.com', '$2a$04$HlNW.FznZYkENZiu4LAkF.ma/q5N/rcVc0MOia02Y8NcnfnL5G.my', 'https://robohash.org/pariaturconsequaturunde.png?size=50x50&set=set1', 0, 1, 14, NULL),
(982, 'Guillermo', 'ggulyr9@tinyurl.com', '$2a$04$gb/mQkbM3bX8b2olnE02V.uNdE2EFOUIjXpo6WM17H2RN621A0NJO', 'https://robohash.org/ametvellaboriosam.png?size=50x50&set=set1', 0, 4, 23, NULL),
(983, 'Cash', 'cnewbiggingra@mediafire.com', '$2a$04$.JWtAmGCySYUTJ8/0VQEw.cJixMFLtdhgKadRwATrirmNKIizUqbu', 'https://robohash.org/quaeodiosimilique.png?size=50x50&set=set1', 0, 5, 197, NULL),
(984, 'Miquela', 'mporb@marriott.com', '$2a$04$NP9hhifia4EVVONYNdzS8uJ9dMGUREcJiVDqoZIlgYSo20EpLJbqW', 'https://robohash.org/dolorvoluptaset.png?size=50x50&set=set1', 0, 1, 85, NULL),
(985, 'Archibaldo', 'aoakleyrc@fda.gov', '$2a$04$umhmwz8TUgnWdJ8bQcDKgefWUve.CkhsjZwdpjsu9QcruDFiC0fgO', 'https://robohash.org/voluptatibusautsunt.png?size=50x50&set=set1', 0, 1, 3, NULL),
(986, 'Desmund', 'dshepleyrd@go.com', '$2a$04$1PpANnuAuhd5aGTaCdwBdOmESweirxA3lf2gG6sLabm7iuFgeOD1W', 'https://robohash.org/cupiditatedolorquis.png?size=50x50&set=set1', 0, 2, 75, NULL),
(987, 'Donnie', 'dpohlakre@intel.com', '$2a$04$YvdCG1giB4Ce9uPlRDYbO./c1.V8VeJJtYt/Q3fhsE24f.z0k5rIu', 'https://robohash.org/quiarerummagni.png?size=50x50&set=set1', 0, 4, 72, NULL),
(988, 'Cleon', 'cpardalrf@istockphoto.com', '$2a$04$Rax2rcigEpJ8HB8CE8FSpuQORwKCuvC4DIOUP/ZRzX7XJFFwD/mBa', 'https://robohash.org/laboreinciduntea.png?size=50x50&set=set1', 0, 3, 129, NULL),
(989, 'Estrella', 'ehemblingrg@princeton.edu', '$2a$04$TCsNYlEgcUI0wljF7gWC9uRo/zM9Gv1/NmOGNK7k.UY.cBcs6svEG', 'https://robohash.org/officiiseaesse.png?size=50x50&set=set1', 0, 3, 33, NULL),
(990, 'Tom', 'tfruinrh@unicef.org', '$2a$04$vZ19j02SZckXQyoLmY3/DuWJyAwdOgSuNg7oz1/AdxUxArnEiwSg2', 'https://robohash.org/placeatblanditiisquasi.png?size=50x50&set=set1', 0, 1, 52, NULL),
(991, 'Sadella', 'sghironri@mapquest.com', '$2a$04$lO3B3JhXkwczpWTMdPWbFO3C0hw0g1tqqgIU7iI75ABRaKhcQux8i', 'https://robohash.org/idsaepenostrum.png?size=50x50&set=set1', 0, 5, 100, NULL),
(992, 'Corny', 'candrearj@ft.com', '$2a$04$A//IPg6xrrStrNJbIwVVTO0uen2jIrZwoKLWx.MQHA6cgZyoArOfa', 'https://robohash.org/quiaautemvoluptas.png?size=50x50&set=set1', 0, 4, 112, NULL),
(993, 'Lenette', 'ldivisrk@dot.gov', '$2a$04$ZgfzbE89hl75ehU5HgyoX.d85Tm08nIDK/0QecA5.wiPGglDkbJiC', 'https://robohash.org/autsequihic.png?size=50x50&set=set1', 0, 3, 41, NULL),
(994, 'Dorrie', 'dbootonrl@samsung.com', '$2a$04$J3ucJK61LrOj3rkOmMbJGu/Q/0KXFzZofcNrfvsqAA7HRVNVcOvJS', 'https://robohash.org/fugitcumqueconsequatur.png?size=50x50&set=set1', 0, 3, 189, NULL),
(995, 'Ives', 'iwordingtonrm@ucoz.ru', '$2a$04$gpEC6VRIHGWc.fMg9KiR.eWlWj2or2d.Hmj1uttL3rH5yiTdTzaqe', 'https://robohash.org/quiaodioid.png?size=50x50&set=set1', 0, 3, 102, NULL),
(996, 'Humberto', 'hoxtebyrn@smh.com.au', '$2a$04$ECeAoa7MOMBagJx2mUlXK.zo.PZuWR1BXNuO7bAqC2W.cMRwwDxz6', 'https://robohash.org/autemquaeut.png?size=50x50&set=set1', 0, 4, 144, NULL),
(997, 'Ronny', 'rboldersonro@ifeng.com', '$2a$04$73wFUzOTmOC6TsWPEF.JPuJiW2VojztlwqzMJjhknTGuqzknseOUm', 'https://robohash.org/utullamest.png?size=50x50&set=set1', 0, 2, 43, NULL),
(998, 'Clive', 'chehlrp@smh.com.au', '$2a$04$LxrryrxPB0dG4CdzPUNmLOS2EkamJKhv3uMcITv4KsxLyZAbaem0O', 'https://robohash.org/sedfugitplaceat.png?size=50x50&set=set1', 0, 3, 110, NULL),
(999, 'Lucy', 'laldrenrq@nba.com', '$2a$04$LEOBCnIrMNP/EQ6BvojjfeImycFxnbiY4XrrjaoebLYwJQnqDD7Du', 'https://robohash.org/corruptitotamitaque.png?size=50x50&set=set1', 0, 1, 64, NULL),
(1000, 'Rosabelle', 'rszachniewiczrr@facebook.com', '$2a$04$4JniEWrQ.RJqnhFpcg9TtOndWODnaL1M9.nTTZvl.x5z2xs11gLPi', 'https://robohash.org/velquibusdamconsequatur.png?size=50x50&set=set1', 0, 4, 86, NULL);

--
-- Index pour les tables déchargées
--

--
-- Index pour la table `block`
--
ALTER TABLE `block`
  ADD KEY `id_user` (`id_user`);

--
-- Index pour la table `chat`
--
ALTER TABLE `chat`
  ADD PRIMARY KEY (`id_chat`),
  ADD KEY `id_user` (`id_user`);

--
-- Index pour la table `event`
--
ALTER TABLE `event`
  ADD PRIMARY KEY (`id_event`),
  ADD KEY `id_universe` (`id_universe`),
  ADD KEY `id_place` (`id_place`);

--
-- Index pour la table `friend`
--
ALTER TABLE `friend`
  ADD KEY `id_user` (`id_user`);

--
-- Index pour la table `larp`
--
ALTER TABLE `larp`
  ADD PRIMARY KEY (`id_event`),
  ADD KEY `id_larp_type` (`id_larp_type`);

--
-- Index pour la table `larp_type`
--
ALTER TABLE `larp_type`
  ADD PRIMARY KEY (`id_larp_type`);

--
-- Index pour la table `party`
--
ALTER TABLE `party`
  ADD PRIMARY KEY (`id_event`),
  ADD KEY `id_role_type` (`id_role_type`),
  ADD KEY `id_user_master` (`id_user_master`);

--
-- Index pour la table `party_users`
--
ALTER TABLE `party_users`
  ADD PRIMARY KEY (`id_event`,`id_user`);

--
-- Index pour la table `place`
--
ALTER TABLE `place`
  ADD PRIMARY KEY (`id_place`),
  ADD KEY `id_region` (`id_region`);

--
-- Index pour la table `region`
--
ALTER TABLE `region`
  ADD PRIMARY KEY (`id_region`);

--
-- Index pour la table `role_type`
--
ALTER TABLE `role_type`
  ADD PRIMARY KEY (`id_role_type`);

--
-- Index pour la table `selected_universe`
--
ALTER TABLE `selected_universe`
  ADD KEY `id_universe` (`id_universe`),
  ADD KEY `id_user` (`id_user`);

--
-- Index pour la table `universe`
--
ALTER TABLE `universe`
  ADD PRIMARY KEY (`id_universe`),
  ADD KEY `id_universe_genre` (`id_universe_genre`);

--
-- Index pour la table `universe_genre`
--
ALTER TABLE `universe_genre`
  ADD PRIMARY KEY (`id_universe_genre`);

--
-- Index pour la table `users`
--
ALTER TABLE `users`
  ADD PRIMARY KEY (`id_user`),
  ADD KEY `id_role_type` (`id_role_type`),
  ADD KEY `id_place` (`id_place`);

--
-- AUTO_INCREMENT pour les tables déchargées
--

--
-- AUTO_INCREMENT pour la table `chat`
--
ALTER TABLE `chat`
  MODIFY `id_chat` smallint UNSIGNED NOT NULL AUTO_INCREMENT;

--
-- AUTO_INCREMENT pour la table `event`
--
ALTER TABLE `event`
  MODIFY `id_event` smallint UNSIGNED NOT NULL AUTO_INCREMENT, AUTO_INCREMENT=101;

--
-- AUTO_INCREMENT pour la table `larp_type`
--
ALTER TABLE `larp_type`
  MODIFY `id_larp_type` smallint UNSIGNED NOT NULL AUTO_INCREMENT, AUTO_INCREMENT=4;

--
-- AUTO_INCREMENT pour la table `place`
--
ALTER TABLE `place`
  MODIFY `id_place` smallint UNSIGNED NOT NULL AUTO_INCREMENT, AUTO_INCREMENT=1001;

--
-- AUTO_INCREMENT pour la table `region`
--
ALTER TABLE `region`
  MODIFY `id_region` smallint UNSIGNED NOT NULL AUTO_INCREMENT, AUTO_INCREMENT=102;

--
-- AUTO_INCREMENT pour la table `role_type`
--
ALTER TABLE `role_type`
  MODIFY `id_role_type` smallint UNSIGNED NOT NULL AUTO_INCREMENT, AUTO_INCREMENT=6;

--
-- AUTO_INCREMENT pour la table `universe`
--
ALTER TABLE `universe`
  MODIFY `id_universe` smallint UNSIGNED NOT NULL AUTO_INCREMENT, AUTO_INCREMENT=46;

--
-- AUTO_INCREMENT pour la table `universe_genre`
--
ALTER TABLE `universe_genre`
  MODIFY `id_universe_genre` smallint UNSIGNED NOT NULL AUTO_INCREMENT, AUTO_INCREMENT=18;

--
-- AUTO_INCREMENT pour la table `users`
--
ALTER TABLE `users`
  MODIFY `id_user` smallint UNSIGNED NOT NULL AUTO_INCREMENT, AUTO_INCREMENT=1001;

--
-- Contraintes pour les tables déchargées
--

--
-- Contraintes pour la table `block`
--
ALTER TABLE `block`
  ADD CONSTRAINT `block_ibfk_1` FOREIGN KEY (`id_user`) REFERENCES `users` (`id_user`);

--
-- Contraintes pour la table `chat`
--
ALTER TABLE `chat`
  ADD CONSTRAINT `chat_ibfk_1` FOREIGN KEY (`id_user`) REFERENCES `users` (`id_user`);

--
-- Contraintes pour la table `event`
--
ALTER TABLE `event`
  ADD CONSTRAINT `event_ibfk_1` FOREIGN KEY (`id_universe`) REFERENCES `universe` (`id_universe`),
  ADD CONSTRAINT `event_ibfk_2` FOREIGN KEY (`id_place`) REFERENCES `place` (`id_place`);

--
-- Contraintes pour la table `friend`
--
ALTER TABLE `friend`
  ADD CONSTRAINT `friend_ibfk_1` FOREIGN KEY (`id_user`) REFERENCES `users` (`id_user`);

--
-- Contraintes pour la table `larp`
--
ALTER TABLE `larp`
  ADD CONSTRAINT `larp_ibfk_1` FOREIGN KEY (`id_larp_type`) REFERENCES `larp_type` (`id_larp_type`);

--
-- Contraintes pour la table `party`
--
ALTER TABLE `party`
  ADD CONSTRAINT `party_ibfk_1` FOREIGN KEY (`id_role_type`) REFERENCES `role_type` (`id_role_type`),
  ADD CONSTRAINT `party_ibfk_2` FOREIGN KEY (`id_user_master`) REFERENCES `users` (`id_user`);

--
-- Contraintes pour la table `place`
--
ALTER TABLE `place`
  ADD CONSTRAINT `place_ibfk_1` FOREIGN KEY (`id_region`) REFERENCES `region` (`id_region`);

--
-- Contraintes pour la table `selected_universe`
--
ALTER TABLE `selected_universe`
  ADD CONSTRAINT `selected_universe_ibfk_1` FOREIGN KEY (`id_universe`) REFERENCES `universe` (`id_universe`),
  ADD CONSTRAINT `selected_universe_ibfk_2` FOREIGN KEY (`id_user`) REFERENCES `users` (`id_user`);

--
-- Contraintes pour la table `universe`
--
ALTER TABLE `universe`
  ADD CONSTRAINT `universe_ibfk_1` FOREIGN KEY (`id_universe_genre`) REFERENCES `universe_genre` (`id_universe_genre`);

--
-- Contraintes pour la table `users`
--
ALTER TABLE `users`
  ADD CONSTRAINT `users_ibfk_1` FOREIGN KEY (`id_role_type`) REFERENCES `role_type` (`id_role_type`),
  ADD CONSTRAINT `users_ibfk_2` FOREIGN KEY (`id_place`) REFERENCES `place` (`id_place`);
COMMIT;

/*!40101 SET CHARACTER_SET_CLIENT=@OLD_CHARACTER_SET_CLIENT */;
/*!40101 SET CHARACTER_SET_RESULTS=@OLD_CHARACTER_SET_RESULTS */;
/*!40101 SET COLLATION_CONNECTION=@OLD_COLLATION_CONNECTION */;
